customer_id,churn_probability,churn_prediction,revenue_forecast,engagement_score_pred
C000001,0.0,0,0.0,11.467602673745137
C000002,0.0,0,999.0,100.0
C000003,0.0,0,558.1354782549913,100.0
C000004,0.0,0,143.19304141726766,100.0
C000005,1.0,1,1094.544810203482,100.0
C000006,1.0,1,182.76222071411377,100.0
C000007,1.0,1,1998.0,100.0
C000008,0.0,0,997.7923256170511,100.0
C000009,1.0,1,1264.4027646797333,100.0
C000010,0.0,0,999.0,100.0
C000011,1.0,1,200.64170424328915,100.0
C000012,1.0,1,448.7924877276333,100.0
C000013,0.0,0,0.0,11.43433980448468
C000014,1.0,1,652.8022855434264,100.0
C000015,1.0,1,225.54742257221767,100.0
C000016,0.0,0,671.157563622481,100.0
C000017,1.0,1,1189.1664251893772,100.0
C000018,0.0,0,1097.6191989996742,100.0
C000019,1.0,1,1747.3673423423422,100.0
C000020,0.0,0,999.0,100.0
C000021,1.0,1,0.0,11.826251796536798
C000022,0.0,0,0.0,12.959788024410226
C000023,0.0,0,0.0,13.136042532489538
C000024,0.0,0,181.48258715598328,100.0
C000025,1.0,1,186.8412865493773,100.0
C000026,1.0,1,1308.1130529986754,100.0
C000027,1.0,1,2123.502268781256,100.0
C000028,0.0,0,1119.4467156885244,100.0
C000029,0.0,0,657.5790323828716,100.0
C000030,1.0,1,1914.2192571380542,100.0
C000031,1.0,1,999.0,100.0
C000032,1.0,1,528.0395525718458,100.0
C000033,0.0,0,1356.4746955959417,100.0
C000034,0.0,0,1162.0,100.0
C000035,0.0,0,2063.770762063424,100.0
C000036,1.0,1,175.48320604246226,100.0
C000037,0.0,0,541.8705600845132,100.0
C000038,1.0,1,474.11750496044834,100.0
C000039,1.0,1,1099.3163644239623,100.0
C000040,1.0,1,0.0,10.365030766689449
C000041,0.0,0,999.0,100.0
C000042,0.0,0,390.4120668587712,100.0
C000043,1.0,1,1195.245355816681,100.0
C000044,0.0,0,0.0,11.744511436721178
C000045,0.0,0,0.0,8.543891282642084
C000046,1.0,1,375.7769537723705,100.0
C000047,1.0,1,489.42962962962963,100.0
C000048,0.0,0,0.0,12.045189591357316
C000049,0.0,0,1112.9059744802157,100.0
C000050,1.0,1,1998.0,100.0
C000051,0.0,0,1190.1779609318014,100.0
C000052,0.0,0,336.86748787763975,100.0
C000053,0.0,0,0.0,11.329676149074517
C000054,0.0,0,902.0,100.0
C000055,1.0,1,411.3262236755079,100.0
C000056,0.0,0,562.6795522225988,100.0
C000057,0.0,0,972.4670620763713,100.0
C000058,0.0,0,0.0,11.765021496866309
C000059,0.0,0,312.96363747476016,100.0
C000060,0.0,0,460.6290509941927,100.0
C000061,0.0,0,1647.9270930109578,100.0
C000062,0.0,0,2054.6010098671054,100.0
C000063,0.0,0,1122.2015590933895,100.0
C000064,1.0,1,207.22856849309753,100.0
C000065,1.0,1,1276.0336722806999,100.0
C000066,1.0,1,0.0,13.357768142038148
C000067,0.0,0,112.09589505298041,100.0
C000068,0.0075,0,436.5758237636256,100.0
C000069,1.0,1,1775.427548937402,100.0
C000070,0.0,0,503.81482900977846,100.0
C000071,1.0,1,1278.7059207206971,100.0
C000072,0.0,0,345.35325803526956,100.0
C000073,1.0,1,203.7785725276366,100.0
C000074,0.0,0,999.0,100.0
C000075,0.0,0,1176.2803338936912,100.0
C000076,0.0,0,999.0,100.0
C000077,1.0,1,1293.521606270627,100.0
C000078,1.0,1,897.5118297680144,100.0
C000079,0.0,0,1951.6632406795375,100.0
C000080,1.0,1,1962.6191382880875,100.0
C000081,0.0,0,2601.0,100.0
C000082,0.0,0,1070.490866500201,100.0
C000083,0.0,0,957.993304250636,100.0
C000084,1.0,1,1144.6493624481225,100.0
C000085,0.0,0,436.4841679356697,100.0
C000086,0.0,0,2997.0,100.0
C000087,1.0,1,2040.3099407619566,100.0
C000088,0.0,0,455.58163757274036,100.0
C000089,1.0,1,1089.1629759383598,100.0
C000090,0.0,0,999.0,100.0
C000091,0.0,0,162.1228233141736,100.0
C000092,1.0,1,0.0,15.192724999999985
C000093,0.0,0,2159.6603535353534,100.0
C000094,0.0,0,1645.7621605756615,100.0
C000095,0.0,0,0.0,13.363530328495047
C000096,0.98,1,0.0,12.739248002699824
C000097,0.0,0,0.0,10.882911742850416
C000098,1.0,1,1085.0838883703323,100.0
C000099,1.0,1,0.0,13.097377997558008
C000100,1.0,1,1122.23677320415,100.0
C000101,1.0,1,0.0,13.555347977643377
C000102,1.0,1,0.0,10.290066305916305
C000103,0.0,0,1215.1220979690825,100.0
C000104,1.0,1,2097.509650203422,100.0
C000105,0.0,0,535.7269367596007,100.0
C000106,0.0,0,925.7651030024941,100.0
C000107,0.0,0,538.299159230947,100.0
C000108,0.0,0,221.33756497585784,100.0
C000109,0.0,0,2063.5598899730785,100.0
C000110,0.0,0,1769.166396751451,100.0
C000111,1.0,1,328.9318466403185,100.0
C000112,0.0,0,568.5487433268959,100.0
C000113,0.0,0,1161.9264946926517,100.0
C000114,1.0,1,999.0,100.0
C000115,1.0,1,308.0846351291047,100.0
C000116,0.0,0,2881.0,100.0
C000117,0.0,0,341.0207251884989,100.0
C000118,1.0,1,0.0,13.577835000000007
C000119,0.0,0,1327.7111395620682,100.0
C000120,0.0,0,2127.386462839065,100.0
C000121,0.0,0,460.48379351740687,100.0
C000122,0.0,0,2093.460985847492,100.0
C000123,0.0,0,167.45917728885445,100.0
C000124,0.0,0,0.0,8.301814977124243
C000125,1.0,1,999.0,100.0
C000126,0.0,0,357.1500510843338,100.0
C000127,0.0,0,2852.0,100.0
C000128,1.0,1,199.0436221792593,100.0
C000129,1.0,1,1929.2057804511994,100.0
C000130,0.0,0,1719.9188600288603,100.0
C000131,0.0,0,2003.122166091798,100.0
C000132,1.0,1,2965.99,100.0
C000133,0.0,0,363.25437042759046,100.0
C000134,0.0,0,1998.0,100.0
C000135,0.0,0,981.5710106640068,100.0
C000136,0.0,0,1185.4988121140136,100.0
C000137,1.0,1,845.9535684524387,100.0
C000138,0.0,0,226.47233150043277,100.0
C000139,1.0,1,0.0,10.462099999999996
C000140,0.0,0,821.9834428906871,100.0
C000141,1.0,1,1612.0919327535987,100.0
C000142,0.0,0,0.0,10.264653686313368
C000143,0.0,0,0.0,11.432853250871101
C000144,1.0,1,345.3409714169831,100.0
C000145,0.0,0,1658.70947768698,100.0
C000146,0.0,0,1974.3204614726271,100.0
C000147,0.0,0,333.3713285964955,100.0
C000148,0.0,0,954.4541559121116,100.0
C000149,1.0,1,689.2848966243106,100.0
C000150,0.0,0,2976.0,100.0
C000151,1.0,1,1066.5955555555556,100.0
C000152,1.0,1,1097.6988816622638,100.0
C000153,1.0,1,456.8740740177925,100.0
C000154,0.0,0,2783.5458831168826,100.0
C000155,1.0,1,999.0,100.0
C000156,1.0,1,1001.3756798512611,100.0
C000157,1.0,1,328.05676353806416,100.0
C000158,0.0,0,999.0,100.0
C000159,0.0,0,873.3701866105927,100.0
C000160,1.0,1,1254.6980246981675,100.0
C000161,1.0,1,494.50685657371884,100.0
C000162,0.0,0,364.44444444444446,100.0
C000163,0.0,0,0.0,13.504487686835878
C000164,0.0,0,0.0,13.930416293419055
C000165,1.0,1,0.0,9.897939303050144
C000166,1.0,1,230.99115163892915,100.0
C000167,1.0,1,0.0,12.140187481716348
C000168,0.0,0,890.5300174056043,100.0
C000169,0.0,0,569.2396586935625,100.0
C000170,0.0,0,0.0,14.97552362155388
C000171,1.0,1,209.68107695623908,100.0
C000172,1.0,1,962.4138204196665,100.0
C000173,1.0,1,1003.070870602871,100.0
C000174,1.0,1,0.0,15.438889368131889
C000175,1.0,1,1117.4875113392354,100.0
C000176,0.0,0,321.7001468614369,100.0
C000177,0.0,0,1019.794472401295,100.0
C000178,1.0,1,1853.725298987903,100.0
C000179,1.0,1,779.3427602255917,100.0
C000180,0.0,0,541.3821142241716,100.0
C000181,0.0,0,364.31819908891345,100.0
C000182,1.0,1,512.1447368421053,100.0
C000183,0.0,0,323.95182370232743,100.0
C000184,0.0,0,2166.1873506382753,100.0
C000185,0.0,0,935.038389783271,100.0
C000186,0.0,0,1084.5355895806322,100.0
C000187,0.0,0,308.0508105999156,100.0
C000188,0.0,0,1146.5879094988877,100.0
C000189,0.0,0,311.4520865593385,100.0
C000190,0.0,0,421.5172620019588,100.0
C000191,1.0,1,174.3494833945262,100.0
C000192,0.0,0,1087.8572116608973,100.0
C000193,0.0,0,1293.0728555316286,100.0
C000194,1.0,1,999.0,100.0
C000195,1.0,1,158.76195629962464,100.0
C000196,0.0,0,315.9916768814378,100.0
C000197,1.0,1,944.1896945746225,100.0
C000198,0.0,0,1178.1482800845845,100.0
C000199,1.0,1,0.0,9.071855770609313
C000200,1.0,1,0.0,9.613052575757571
C000201,0.0,0,2727.0,100.0
C000202,1.0,1,1998.0,100.0
C000203,0.0,0,255.78082848406845,100.0
C000204,1.0,1,1312.120382511156,100.0
C000205,1.0,1,1091.5998084274227,100.0
C000206,0.0,0,1275.9128003480491,100.0
C000207,1.0,1,0.0,14.425932375112108
C000208,0.0,0,0.0,13.820675540654472
C000209,0.0,0,160.2325193180858,100.0
C000210,0.0,0,1134.9971316058077,100.0
C000211,1.0,1,210.60115594095203,100.0
C000212,0.0,0,0.0,14.32719791666667
C000213,1.0,1,148.77955398586246,100.0
C000214,1.0,1,233.42552125541823,100.0
C000215,0.0,0,453.9680844856126,100.0
C000216,0.0,0,345.3632097151294,100.0
C000217,1.0,1,403.93598227552786,100.0
C000218,0.0,0,0.0,11.677053831068092
C000219,1.0,1,839.375098957133,100.0
C000220,0.0,0,999.0,100.0
C000221,0.0,0,457.319467733528,100.0
C000222,0.0,0,0.0,12.565144126984132
C000223,0.0,0,0.0,11.070578218535681
C000224,0.0,0,196.56542942937745,100.0
C000225,1.0,1,705.097914392371,100.0
C000226,0.0,0,998.0766987541529,100.0
C000227,1.0,1,197.54668334416303,100.0
C000228,0.0,0,2244.624162689163,100.0
C000229,1.0,1,999.0,100.0
C000230,1.0,1,354.39274577283084,100.0
C000231,1.0,1,0.0,14.147706846331946
C000232,0.0,0,0.0,9.840289601517338
C000233,0.0,0,0.0,14.182106235502985
C000234,0.0,0,1259.5638658514958,100.0
C000235,0.0,0,1313.097724464066,100.0
C000236,0.0,0,2264.1081746031746,100.0
C000237,1.0,1,1858.6001886219683,100.0
C000238,0.0,0,2713.0,100.0
C000239,0.0,0,206.49900364674704,100.0
C000240,0.0,0,1717.0649381254093,100.0
C000241,0.0,0,389.0769861427535,100.0
C000242,1.0,1,2823.0,100.0
C000243,1.0,1,484.3612444977991,100.0
C000244,0.0,0,1866.836229900147,100.0
C000245,0.0,0,1831.7725752536144,100.0
C000246,0.0,0,1137.1259198167027,100.0
C000247,1.0,1,1238.352274122333,100.0
C000248,1.0,1,201.29968978213543,100.0
C000249,0.0,0,2047.867436172686,100.0
C000250,0.0,0,247.17865339382774,100.0
C000251,0.0,0,1182.9094717124794,100.0
C000252,0.0,0,1998.0,100.0
C000253,0.01,0,381.90936394062925,100.0
C000254,0.0,0,417.9908918128655,100.0
C000255,1.0,1,1157.5300917254833,100.0
C000256,1.0,1,0.0,11.293323015851906
C000257,0.0,0,0.0,9.156550504352
C000258,1.0,1,485.20589381951606,100.0
C000259,1.0,1,0.0,10.535280946664749
C000260,1.0,1,1131.32318565785,100.0
C000261,0.0,0,154.45412132236666,100.0
C000262,0.0,0,116.93017032789106,100.0
C000263,0.0,0,833.856597953993,100.0
C000264,1.0,1,466.875,100.0
C000265,1.0,1,1892.3781407196418,100.0
C000266,0.0,0,406.45183546310545,100.0
C000267,0.0,0,1155.5517136899987,100.0
C000268,0.0,0,492.9290580220813,100.0
C000269,0.0,0,1149.5613774198314,100.0
C000270,0.0,0,1181.711426678539,100.0
C000271,1.0,1,493.5655980860039,100.0
C000272,1.0,1,999.0,100.0
C000273,0.0,0,453.7212995515432,100.0
C000274,1.0,1,401.126149441377,100.0
C000275,0.0,0,272.3468367954972,100.0
C000276,0.0,0,1688.5891941391942,100.0
C000277,0.0,0,1102.822237938303,100.0
C000278,0.0,0,0.0,11.187029618051008
C000279,1.0,1,971.9955836588531,100.0
C000280,1.0,1,221.21734041967622,100.0
C000281,0.0,0,188.1019040361833,100.0
C000282,1.0,1,2091.536614367102,100.0
C000283,0.0,0,1564.1249210807212,100.0
C000284,0.0,0,1217.5438833146202,100.0
C000285,1.0,1,2164.8104064066797,100.0
C000286,1.0,1,1133.534042694746,100.0
C000287,1.0,1,999.0,100.0
C000288,0.0,0,0.0,9.138662386858538
C000289,1.0,1,999.1318084349577,100.0
C000290,0.0,0,1998.0,100.0
C000291,0.0,0,2046.9640786062844,100.0
C000292,1.0,1,427.1896642357873,100.0
C000293,1.0,1,158.78820911460383,100.0
C000294,1.0,1,2766.0,100.0
C000295,0.0,0,870.0211470543923,100.0
C000296,1.0,1,0.0,13.675056330478185
C000297,0.0,0,0.0,9.576482295702391
C000298,1.0,1,477.43444444444447,100.0
C000299,0.0,0,1105.419796191251,100.0
C000300,1.0,1,2601.0,100.0
C000301,0.0,0,906.9104966737374,100.0
C000302,0.0,0,1735.7939379449758,100.0
C000303,0.0,0,945.1507710770387,100.0
C000304,0.0,0,777.257023739775,100.0
C000305,0.0,0,411.29143497805387,100.0
C000306,1.0,1,0.0,10.000559557311758
C000307,0.0,0,1871.7205,100.0
C000308,0.0,0,0.0,10.862400371142687
C000309,1.0,1,387.310526818964,100.0
C000310,0.0,0,424.9847826086957,100.0
C000311,1.0,1,0.0,14.726452058823536
C000312,1.0,1,324.525154111231,100.0
C000313,0.0,0,2247.702466297592,100.0
C000314,0.0,0,429.9308939825755,100.0
C000315,0.0,0,520.7881144442078,100.0
C000316,1.0,1,201.0184792804865,100.0
C000317,1.0,1,1022.38264138452,100.0
C000318,0.0,0,0.0,15.845154523809526
C000319,0.0,0,1999.99,100.0
C000320,0.0,0,169.46559715610928,100.0
C000321,0.0,0,999.0,100.0
C000322,1.0,1,2988.916666666667,100.0
C000323,1.0,1,955.0620393760261,100.0
C000324,0.0,0,315.31945530456807,100.0
C000325,1.0,1,1150.0339904050006,100.0
C000326,1.0,1,425.35935934615895,100.0
C000327,0.0,0,1178.4353171320874,100.0
C000328,0.0,0,0.0,10.181829644893218
C000329,0.0,0,2230.619895389031,100.0
C000330,0.0,0,533.8191940220308,100.0
C000331,0.0,0,839.0661634102551,100.0
C000332,0.0,0,1969.0891269841272,100.0
C000333,0.0,0,802.0,100.0
C000334,1.0,1,2137.0497222535882,100.0
C000335,0.0,0,2035.9594339116186,100.0
C000336,1.0,1,1122.8324020502334,100.0
C000337,1.0,1,883.2243643413348,100.0
C000338,0.0,0,528.6599982569835,100.0
C000339,0.0,0,1004.5967209444389,100.0
C000340,1.0,1,469.3444375032577,100.0
C000341,1.0,1,329.57700902666926,100.0
C000342,1.0,1,0.0,14.818163597351207
C000343,0.0,0,0.0,11.557207715088403
C000344,0.0,0,1055.617667964755,100.0
C000345,0.0,0,1192.9878822226522,100.0
C000346,0.0,0,2719.0,100.0
C000347,0.0,0,0.0,10.313570624354101
C000348,0.0,0,1998.0,100.0
C000349,0.003076923076923077,0,0.0,12.991074781217758
C000350,0.0,0,2378.981379093155,100.0
C000351,0.0,0,485.5573468572278,100.0
C000352,0.0,0,2034.5948747442912,100.0
C000353,0.0,0,815.3729513312178,100.0
C000354,1.0,1,0.0,10.819091839654844
C000355,1.0,1,244.92271863612262,100.0
C000356,0.0,0,0.0,10.329734632668858
C000357,0.0,0,672.8986580684423,100.0
C000358,0.0,0,2722.99,100.0
C000359,0.0,0,946.6524824176017,100.0
C000360,0.0,0,593.5562593268511,100.0
C000361,0.0,0,978.6648220316081,100.0
C000362,0.0,0,554.616798771411,100.0
C000363,0.0,0,2005.388095950004,100.0
C000364,0.0,0,222.69474170361252,100.0
C000365,0.0,0,1009.1531258627199,100.0
C000366,1.0,1,1529.7266571804441,100.0
C000367,0.0,0,0.0,10.87147387519935
C000368,1.0,1,482.71229491796714,100.0
C000369,0.0,0,196.90565612983173,100.0
C000370,0.0,0,708.9615257854272,100.0
C000371,0.0,0,0.0,11.203724707564326
C000372,1.0,1,1806.5511764460916,100.0
C000373,1.0,1,2121.16046846959,100.0
C000374,0.0,0,1191.2927840466218,100.0
C000375,1.0,1,0.0,9.49875675540834
C000376,0.0,0,1084.2841204627373,100.0
C000377,0.0,0,375.9649256523716,100.0
C000378,1.0,1,292.13263310200693,100.0
C000379,0.0,0,0.0,12.417825852938773
C000380,1.0,1,2997.0,100.0
C000381,0.0,0,0.0,13.504584971430186
C000382,0.0,0,134.2986577181208,100.0
C000383,0.0,0,384.3510836720872,100.0
C000384,0.0,0,325.53717444039347,100.0
C000385,0.0,0,0.0,10.669321709403416
C000386,0.0,0,0.0,12.273541734487909
C000387,0.0,0,1229.4428757519572,100.0
C000388,1.0,1,422.91175636314875,100.0
C000389,0.0,0,264.3121193704192,100.0
C000390,1.0,1,0.0,13.27616871407114
C000391,0.99,1,2941.0,100.0
C000392,0.9930769230769231,1,0.0,11.936769787280754
C000393,0.0,0,0.0,8.638359676470596
C000394,0.0,0,762.1178750260041,100.0
C000395,0.0,0,1998.0,100.0
C000396,0.0,0,1898.2971981543078,100.0
C000397,0.0,0,0.0,11.952604737211978
C000398,0.0,0,218.60540886968218,100.0
C000399,0.0,0,0.0,13.05906009344547
C000400,1.0,1,2059.532778913814,100.0
C000401,0.0,0,995.2702381889659,100.0
C000402,0.0,0,308.42254588219663,100.0
C000403,0.0,0,0.0,8.956967029250896
C000404,0.0,0,1411.6797482837528,100.0
C000405,1.0,1,1095.3172310010987,100.0
C000406,0.0,0,271.6804692308175,100.0
C000407,1.0,1,176.61623421707117,100.0
C000408,1.0,1,1025.1589464054023,100.0
C000409,1.0,1,1075.8886348846995,100.0
C000410,1.0,1,0.0,10.204091461103229
C000411,0.0,0,384.60401891145943,100.0
C000412,1.0,1,999.0,100.0
C000413,0.0,0,559.2680107583768,100.0
C000414,1.0,1,1409.1899244230362,100.0
C000415,0.0,0,1002.1604072183965,100.0
C000416,0.0,0,422.9804884463425,100.0
C000417,0.0,0,1187.0,100.0
C000418,0.0,0,1066.0039615433436,100.0
C000419,0.0,0,467.1396390727678,100.0
C000420,0.0,0,0.0,13.256728870431823
C000421,0.0,0,0.0,11.6148898364501
C000422,1.0,1,168.0025031635202,100.0
C000423,0.0,0,1034.912465291797,100.0
C000424,0.0,0,1910.4220632253794,100.0
C000425,1.0,1,1921.6048114055102,100.0
C000426,0.0,0,2464.1760993190137,100.0
C000427,1.0,1,999.0,100.0
C000428,0.0,0,0.0,11.997859517818519
C000429,1.0,1,1036.4166399446813,100.0
C000430,0.0,0,511.69237540645116,100.0
C000431,0.0,0,1883.7490020792611,100.0
C000432,0.0,0,2611.0,100.0
C000433,0.0,0,0.0,14.848940047546689
C000434,1.0,1,1088.773359876238,100.0
C000435,0.0,0,330.2424680235706,100.0
C000436,0.0,0,0.0,10.195374856609721
C000437,0.0,0,1916.0294584087687,100.0
C000438,0.0,0,2086.1974970138062,100.0
C000439,0.0,0,999.0,100.0
C000440,0.0,0,907.3700340769749,100.0
C000441,0.0,0,1279.483416587779,100.0
C000442,0.0,0,1998.0,100.0
C000443,0.0,0,268.7205274553877,100.0
C000444,1.0,1,2130.4639316983,100.0
C000445,0.0,0,0.0,10.604783422376274
C000446,0.0,0,1158.2875210295203,100.0
C000447,0.0,0,0.0,13.243619095110772
C000448,1.0,1,0.0,11.217246815253562
C000449,0.0,0,1392.9485354336048,100.0
C000450,1.0,1,168.6663513616084,100.0
C000451,1.0,1,209.14580688699232,100.0
C000452,0.0,0,345.22795272669015,100.0
C000453,0.0,0,1044.6681967591558,100.0
C000454,1.0,1,990.6582856722672,100.0
C000455,1.0,1,375.1886784104265,100.0
C000456,0.0,0,163.82417796892346,100.0
C000457,0.0,0,1951.4508462793033,100.0
C000458,0.0,0,1003.96,100.0
C000459,0.0,0,1099.723464731135,100.0
C000460,0.0,0,2266.665234655573,100.0
C000461,1.0,1,194.458157859013,100.0
C000462,0.0,0,1153.0779434376295,100.0
C000463,0.0,0,850.1649325132223,100.0
C000464,0.0,0,477.2795645457743,100.0
C000465,1.0,1,377.30550856331917,100.0
C000466,0.0,0,2131.0402653067426,100.0
C000467,0.0,0,245.5425608917365,100.0
C000468,1.0,1,979.1578947368421,100.0
C000469,0.0,0,999.0,100.0
C000470,0.0,0,2721.0,100.0
C000471,0.0,0,1259.115675779675,100.0
C000472,1.0,1,1094.3097429893862,100.0
C000473,0.0,0,1163.9962216094304,100.0
C000474,0.0,0,1063.4143561758094,100.0
C000475,1.0,1,920.9705781965064,100.0
C000476,0.0,0,405.230456278761,100.0
C000477,1.0,1,124.66784970026146,100.0
C000478,1.0,1,1917.3733096523806,100.0
C000479,1.0,1,1998.0,100.0
C000480,1.0,1,1034.7401037911989,100.0
C000481,0.0,0,945.2393720448655,100.0
C000482,0.0,0,210.10167514197983,100.0
C000483,0.0,0,493.6268282802204,100.0
C000484,1.0,1,0.0,12.048061993347247
C000485,0.0,0,0.0,13.92267978852846
C000486,0.0,0,2311.8103536037065,100.0
C000487,0.0,0,442.3381865119585,100.0
C000488,1.0,1,372.72068275327956,100.0
C000489,1.0,1,1843.2078352541764,100.0
C000490,0.0,0,240.27652186185227,100.0
C000491,1.0,1,1636.282923318661,100.0
C000492,1.0,1,338.08495370536843,100.0
C000493,1.0,1,1117.3710186695844,100.0
C000494,1.0,1,0.0,10.02475703296704
C000495,1.0,1,964.908522681681,100.0
C000496,1.0,1,1998.0,100.0
C000497,0.003076923076923077,0,0.0,11.687252767973867
C000498,0.0,0,1490.06146017378,100.0
C000499,1.0,1,1867.6950472885464,100.0
C000500,1.0,1,1177.2476329688004,100.0
C000501,1.0,1,999.0,100.0
C000502,0.0,0,334.35763389389615,100.0
C000503,0.0,0,1108.0985265643583,100.0
C000504,0.0,0,1541.5690067956386,100.0
C000505,0.0,0,711.5046243435416,100.0
C000506,1.0,1,197.13731178911067,100.0
C000507,1.0,1,330.92143599321156,100.0
C000508,0.0,0,344.5379516544118,100.0
C000509,1.0,1,1277.1213643739252,100.0
C000510,0.0,0,2137.693437297694,100.0
C000511,0.0,0,1144.7725996933373,100.0
C000512,0.0,0,2813.646666666666,100.0
C000513,1.0,1,1959.4727606731205,100.0
C000514,0.0,0,624.1818081020283,100.0
C000515,0.0,0,161.63557457919032,100.0
C000516,0.0,0,1128.2698868651246,100.0
C000517,0.0,0,1239.759930848123,100.0
C000518,0.0,0,1997.163475090251,100.0
C000519,0.0,0,1090.6704297002839,100.0
C000520,1.0,1,500.01993130870267,100.0
C000521,1.0,1,1980.4363514644197,100.0
C000522,1.0,1,193.5493241156606,100.0
C000523,1.0,1,999.7687873164152,100.0
C000524,0.0,0,217.04638482862018,100.0
C000525,0.0,0,1998.0,100.0
C000526,0.0,0,1998.0,100.0
C000527,0.0,0,999.0,100.0
C000528,0.003076923076923077,0,0.0,13.133189031375489
C000529,0.0,0,1998.0,100.0
C000530,0.0,0,582.0696768173017,100.0
C000531,1.0,1,479.4068565737188,100.0
C000532,0.0,0,2255.6825621600624,100.0
C000533,1.0,1,1244.2030179676926,100.0
C000534,0.0,0,423.5697007556119,100.0
C000535,0.0,0,1827.8312820512822,100.0
C000536,0.0,0,160.84155327380356,100.0
C000537,0.0,0,2005.5367355148503,100.0
C000538,1.0,1,2089.9291681531026,100.0
C000539,0.0,0,242.35589015668228,100.0
C000540,0.9975,1,401.0911990809338,100.0
C000541,0.0,0,1000.78089451945,100.0
C000542,0.0,0,442.11087620389947,100.0
C000543,1.0,1,236.93803995155088,100.0
C000544,0.0,0,999.0,100.0
C000545,0.0,0,409.64555181043943,100.0
C000546,1.0,1,428.4489936278604,100.0
C000547,0.0,0,999.0,100.0
C000548,1.0,1,1220.1523741195422,100.0
C000549,1.0,1,1664.4066702500395,100.0
C000550,0.0,0,2042.9333333333334,100.0
C000551,0.0,0,741.0610773954978,100.0
C000552,0.0,0,992.210825420729,100.0
C000553,1.0,1,1998.0,100.0
C000554,1.0,1,2115.622973293946,100.0
C000555,1.0,1,465.6232576879771,100.0
C000556,1.0,1,312.9932120788848,100.0
C000557,0.0,0,157.4121045516694,100.0
C000558,1.0,1,659.6815460968047,100.0
C000559,0.0,0,440.64003771831625,100.0
C000560,1.0,1,432.8611255490491,100.0
C000561,0.0,0,931.4186026665462,100.0
C000562,1.0,1,753.7497337568395,100.0
C000563,1.0,1,197.39819556774034,100.0
C000564,0.0,0,999.0,100.0
C000565,0.0,0,0.0,11.430818814645104
C000566,1.0,1,1163.4221609082667,100.0
C000567,0.0,0,303.11941391941394,100.0
C000568,0.0,0,453.12912195610966,100.0
C000569,0.0,0,1316.5886164834344,100.0
C000570,1.0,1,1233.996625909131,100.0
C000571,1.0,1,0.0,16.146875588235304
C000572,0.0,0,935.8057142857143,100.0
C000573,1.0,1,855.938874953188,100.0
C000574,1.0,1,207.41447052986953,100.0
C000575,0.0,0,0.0,10.376445740472207
C000576,0.0,0,2160.8492488998836,100.0
C000577,1.0,1,2777.666666666666,100.0
C000578,0.0,0,816.0907966829727,100.0
C000579,1.0,1,610.5255555555556,100.0
C000580,1.0,1,999.0,100.0
C000581,1.0,1,1231.7801752660705,100.0
C000582,1.0,1,498.8261162499923,100.0
C000583,0.0,0,1239.018659729525,100.0
C000584,1.0,1,1822.2171270057122,100.0
C000585,0.0,0,0.0,11.903903018940985
C000586,1.0,1,0.0,10.765694047619059
C000587,0.0,0,2754.552631578947,100.0
C000588,1.0,1,1998.0,100.0
C000589,1.0,1,436.6619926787445,100.0
C000590,0.0,0,139.21884051856063,100.0
C000591,1.0,1,0.0,12.049548017111244
C000592,1.0,1,407.4913320786085,100.0
C000593,1.0,1,1281.246085448552,100.0
C000594,0.0,0,203.00239998256671,100.0
C000595,0.0,0,1062.739742841151,100.0
C000596,0.0,0,2181.328380548133,100.0
C000597,1.0,1,1094.0130319058096,100.0
C000598,1.0,1,0.0,10.088105070785907
C000599,1.0,1,999.0,100.0
C000600,1.0,1,1112.1105221153384,100.0
C000601,1.0,1,860.4185185185186,100.0
C000602,0.0,0,372.45997914105493,100.0
C000603,0.0,0,1246.7140930748826,100.0
C000604,0.0,0,486.5556889422436,100.0
C000605,1.0,1,1208.2578279465652,100.0
C000606,1.0,1,410.0502878582224,100.0
C000607,1.0,1,2701.18,100.0
C000608,0.0,0,469.89381417142613,100.0
C000609,1.0,1,318.73790013189597,100.0
C000610,0.0,0,999.0,100.0
C000611,0.0,0,999.0,100.0
C000612,0.0,0,1937.3847217741045,100.0
C000613,0.0,0,2292.243140441543,100.0
C000614,0.0,0,0.0,13.382321205300705
C000615,0.0,0,896.738832857204,100.0
C000616,0.0,0,1220.9613723913722,100.0
C000617,0.0,0,1211.6152932125224,100.0
C000618,1.0,1,0.0,10.10156209873955
C000619,0.0,0,2056.8706214254958,100.0
C000620,1.0,1,460.06428571428575,100.0
C000621,0.0,0,0.0,10.455905471819474
C000622,0.0,0,335.44511867830755,100.0
C000623,0.0,0,898.7073054000226,100.0
C000624,0.0,0,1212.4806150514826,100.0
C000625,0.0,0,0.0,10.076295815896524
C000626,0.0,0,161.89589394183798,100.0
C000627,0.0,0,480.55390280497255,100.0
C000628,0.0,0,1255.0171699107545,100.0
C000629,1.0,1,1094.037493535919,100.0
C000630,0.0,0,1988.907778801355,100.0
C000631,0.0,0,469.0892458997402,100.0
C000632,1.0,1,284.84855450298164,100.0
C000633,0.0,0,2089.862496427933,100.0
C000634,1.0,1,902.889205011184,100.0
C000635,0.0,0,953.0252186010506,100.0
C000636,0.0,0,0.0,9.721849624580459
C000637,1.0,1,999.0,100.0
C000638,1.0,1,927.3224043148414,100.0
C000639,0.0,0,328.6160901621468,100.0
C000640,0.0,0,0.0,8.08797954063954
C000641,0.0,0,283.4451431336225,100.0
C000642,0.0,0,1170.8926434583257,100.0
C000643,1.0,1,0.0,10.176087473640727
C000644,0.0,0,1133.2172911938294,100.0
C000645,0.0,0,897.3111380061154,100.0
C000646,1.0,1,0.0,10.093248608169292
C000647,0.0,0,1282.903829523917,100.0
C000648,0.0,0,327.21640190851855,100.0
C000649,1.0,1,195.65204391865612,100.0
C000650,0.0,0,0.0,12.241515490238076
C000651,1.0,1,200.09786384699962,100.0
C000652,0.0,0,1531.922634926365,100.0
C000653,0.0,0,573.2533857670369,100.0
C000654,0.0,0,2442.385454545454,100.0
C000655,0.0,0,999.0,100.0
C000656,0.0,0,1926.9539567988231,100.0
C000657,0.0,0,326.3174560594813,100.0
C000658,0.0,0,1963.0,100.0
C000659,0.0,0,0.0,13.113318716883045
C000660,1.0,1,0.0,10.579967978279022
C000661,0.0,0,334.6890768519236,100.0
C000662,1.0,1,2141.469708498261,100.0
C000663,0.0,0,2666.0,100.0
C000664,1.0,1,1062.400691553583,100.0
C000665,0.0,0,1113.8457875367696,100.0
C000666,0.0,0,1998.0,100.0
C000667,1.0,1,2111.222154160966,100.0
C000668,0.0,0,2151.6523838481053,100.0
C000669,0.0,0,214.3662000834404,100.0
C000670,1.0,1,2762.666666666667,100.0
C000671,1.0,1,430.29533338252656,100.0
C000672,0.0,0,0.0,8.730907973041287
C000673,0.0,0,1315.5415582172673,100.0
C000674,0.01,0,2997.0,100.0
C000675,0.0,0,1115.917230510397,100.0
C000676,0.0,0,1998.0,100.0
C000677,0.0,0,0.0,11.819318917916446
C000678,0.0,0,773.4621112049969,100.0
C000679,1.0,1,216.05337902302898,100.0
C000680,0.0,0,0.0,11.67911522146403
C000681,0.0,0,190.70502604339188,100.0
C000682,0.0,0,550.2426674799411,100.0
C000683,1.0,1,872.1877113814563,100.0
C000684,1.0,1,1939.6624964279326,100.0
C000685,1.0,1,0.0,14.484446206136875
C000686,0.0,0,428.14188812189064,100.0
C000687,0.0,0,461.37012562533704,100.0
C000688,1.0,1,0.0,10.989718543319245
C000689,1.0,1,2152.517434864375,100.0
C000690,0.0,0,384.62823490047833,100.0
C000691,0.0,0,152.7322827173062,100.0
C000692,0.0,0,323.91137032090205,100.0
C000693,1.0,1,456.82756801472516,100.0
C000694,0.0,0,478.2761681639596,100.0
C000695,0.0,0,0.0,8.961577657770226
C000696,0.0,0,905.1740390106112,100.0
C000697,0.0,0,336.24006057547456,100.0
C000698,0.0,0,337.9703533156767,100.0
C000699,1.0,1,1050.5435731988673,100.0
C000700,0.0,0,1297.9469347857685,100.0
C000701,0.0,0,184.20635906337282,100.0
C000702,1.0,1,200.0791768166264,100.0
C000703,0.0,0,939.8904857061091,100.0
C000704,0.0,0,376.6887254901961,100.0
C000705,1.0,1,1265.6396432110141,100.0
C000706,0.0,0,1998.0,100.0
C000707,0.0,0,378.2976767365697,100.0
C000708,0.0,0,1044.0953212669922,100.0
C000709,0.0,0,1196.1328490259739,100.0
C000710,1.0,1,799.1446578787935,100.0
C000711,0.0,0,327.1527663778451,100.0
C000712,1.0,1,0.0,11.912825874516736
C000713,0.0,0,310.01939097005214,100.0
C000714,0.99,1,659.2908725900691,100.0
C000715,1.0,1,202.1089034994794,100.0
C000716,0.0,0,1349.9783241176854,100.0
C000717,0.0,0,418.0848462225154,100.0
C000718,0.0,0,494.7732998097617,100.0
C000719,1.0,1,999.0,100.0
C000720,0.0,0,926.4310571002499,100.0
C000721,1.0,1,2706.0,100.0
C000722,0.0,0,431.56184631467784,100.0
C000723,0.0,0,1452.9173089086753,100.0
C000724,1.0,1,392.3713801564798,100.0
C000725,0.0,0,263.56904498238305,100.0
C000726,1.0,1,1005.7104223696156,100.0
C000727,1.0,1,639.287768248922,100.0
C000728,1.0,1,177.96309520419655,100.0
C000729,0.0,0,228.91572765578235,100.0
C000730,0.0,0,213.54523383678784,100.0
C000731,1.0,1,388.5846976319728,100.0
C000732,0.0,0,219.88880828732843,100.0
C000733,1.0,1,1023.5901283494629,100.0
C000734,0.0,0,999.0,100.0
C000735,0.0,0,308.93983054800964,100.0
C000736,1.0,1,495.89473684210526,100.0
C000737,0.0,0,481.82513153920735,100.0
C000738,0.0,0,999.0,100.0
C000739,1.0,1,853.8837738985578,100.0
C000740,0.0,0,950.4938928237088,100.0
C000741,0.0,0,1151.5499471704443,100.0
C000742,1.0,1,2200.276463671464,100.0
C000743,1.0,1,1933.7629208603412,100.0
C000744,1.0,1,2074.7131833054186,100.0
C000745,0.0,0,0.0,10.533638024997874
C000746,0.0,0,2997.0,100.0
C000747,0.0,0,2721.0,100.0
C000748,1.0,1,0.0,10.904878129098378
C000749,0.0,0,2731.0,100.0
C000750,1.0,1,1065.3455002896908,100.0
C000751,1.0,1,1260.004562849754,100.0
C000752,0.0,0,0.0,10.563615076082923
C000753,1.0,1,2187.2342635261994,100.0
C000754,1.0,1,921.0,100.0
C000755,0.0,0,0.0,13.968187977089853
C000756,1.0,1,410.74276341957693,100.0
C000757,1.0,1,1105.5090227536662,100.0
C000758,0.0,0,1040.5209431496107,100.0
C000759,0.0,0,0.0,9.486978916176906
C000760,0.0,0,781.0,100.0
C000761,0.0,0,354.02414778777006,100.0
C000762,1.0,1,2162.5285848837902,100.0
C000763,1.0,1,999.0,100.0
C000764,1.0,1,2184.001822386148,100.0
C000765,1.0,1,0.0,13.119676570661696
C000766,1.0,1,338.5709262939472,100.0
C000767,0.0,0,1022.0447896806913,100.0
C000768,1.0,1,169.21289224639924,100.0
C000769,0.0,0,565.2104267101737,100.0
C000770,0.0,0,2107.96266072185,100.0
C000771,1.0,1,1053.4767297906726,100.0
C000772,1.0,1,213.44606898153452,100.0
C000773,1.0,1,207.22856849309753,100.0
C000774,1.0,1,1243.5706587295178,100.0
C000775,1.0,1,1844.681452092277,100.0
C000776,1.0,1,1166.9343924271693,100.0
C000777,0.0,0,1989.6964746282192,100.0
C000778,0.0,0,1500.822919908938,100.0
C000779,0.0,0,1274.0,100.0
C000780,0.0,0,169.58797015166084,100.0
C000781,0.0,0,2002.7710544698662,100.0
C000782,0.99,1,0.0,8.331845633479425
C000783,0.0,0,2137.768994410262,100.0
C000784,1.0,1,0.0,10.385329778605888
C000785,0.0,0,999.0,100.0
C000786,0.0,0,0.0,15.980991805977732
C000787,0.0,0,383.01685567044825,100.0
C000788,0.0,0,0.0,9.756712445687269
C000789,0.0,0,1122.0667021290155,100.0
C000790,1.0,1,1807.608375794066,100.0
C000791,0.0,0,1066.0,100.0
C000792,1.0,1,386.483799735713,100.0
C000793,0.0,0,1727.1774570767357,100.0
C000794,0.0,0,1261.2529380888,100.0
C000795,0.0,0,568.3465953809457,100.0
C000796,1.0,1,1826.883807553571,100.0
C000797,0.0,0,262.56656524968736,100.0
C000798,0.0,0,0.0,9.480978899295767
C000799,1.0,1,0.0,10.362515000000007
C000800,0.0,0,2871.5840000000003,100.0
C000801,0.0,0,2267.34959947732,100.0
C000802,1.0,1,0.0,11.550495336062804
C000803,1.0,1,1034.8305116139206,100.0
C000804,0.0,0,1998.0,100.0
C000805,1.0,1,1766.5020533473864,100.0
C000806,1.0,1,0.0,11.51890545218684
C000807,0.0,0,529.99,100.0
C000808,0.0,0,0.0,8.84166316689201
C000809,1.0,1,1108.0985265643583,100.0
C000810,0.0,0,338.43319016463863,100.0
C000811,0.0,0,1382.8907403251733,100.0
C000812,1.0,1,372.15104013674386,100.0
C000813,1.0,1,2818.4766666666665,100.0
C000814,1.0,1,0.0,11.269501577016616
C000815,0.0,0,1974.1485860508844,100.0
C000816,0.0,0,283.4451431336225,100.0
C000817,1.0,1,0.0,13.405316114614193
C000818,0.0,0,194.26486519158323,100.0
C000819,0.0,0,155.78388171213476,100.0
C000820,0.0,0,1896.1594556052994,100.0
C000821,0.0,0,398.10563654506717,100.0
C000822,0.0,0,0.0,10.30978514957925
C000823,0.0,0,999.0,100.0
C000824,1.0,1,846.2445165279689,100.0
C000825,0.99,1,2224.894978888849,100.0
C000826,0.0,0,396.74086025493614,100.0
C000827,0.0,0,1124.2460329523383,100.0
C000828,0.0,0,1772.7636061564742,100.0
C000829,0.0,0,200.0791768166264,100.0
C000830,0.0,0,1168.873655796868,100.0
C000831,1.0,1,898.9234760888748,100.0
C000832,1.0,1,1164.8208567691418,100.0
C000833,0.0,0,943.773549884014,100.0
C000834,1.0,1,209.1196630092649,100.0
C000835,1.0,1,1047.6220056532854,100.0
C000836,1.0,1,572.0580185863749,100.0
C000837,1.0,1,0.0,12.949364718614705
C000838,0.0,0,272.5642763096998,100.0
C000839,0.0,0,3061.416666666667,100.0
C000840,0.0,0,1213.1506063767517,100.0
C000841,0.0,0,1544.198158672555,100.0
C000842,0.0,0,984.6020334257051,100.0
C000843,1.0,1,983.165403580849,100.0
C000844,1.0,1,1187.986824579193,100.0
C000845,1.0,1,1142.4550858211448,100.0
C000846,1.0,1,1081.8490249116842,100.0
C000847,1.0,1,667.4853999161548,100.0
C000848,0.0,0,999.0,100.0
C000849,0.0,0,0.0,10.249632152094978
C000850,1.0,1,300.73352324932273,100.0
C000851,1.0,1,973.5517135349193,100.0
C000852,1.0,1,381.6717062151241,100.0
C000853,0.0,0,0.0,12.754235772798497
C000854,0.0,0,2157.4371486030304,100.0
C000855,1.0,1,846.206143801559,100.0
C000856,1.0,1,478.1007751937984,100.0
C000857,0.0,0,1243.850378056135,100.0
C000858,1.0,1,145.43691740805062,100.0
C000859,0.0,0,0.0,10.080065377157933
C000860,1.0,1,213.58696116120237,100.0
C000861,0.0,0,2112.379624037236,100.0
C000862,0.0,0,533.8191940220308,100.0
C000863,0.0,0,0.0,11.427497017873087
C000864,0.0,0,193.2443941298205,100.0
C000865,0.0,0,1730.5757575757575,100.0
C000866,1.0,1,0.0,14.743588900878521
C000867,1.0,1,179.0029833487866,100.0
C000868,0.0,0,1206.6611399711398,100.0
C000869,1.0,1,271.2982202524522,100.0
C000870,0.0,0,0.0,11.641839453420758
C000871,0.0,0,0.0,11.268858286090186
C000872,0.01,0,2703.0,100.0
C000873,0.0,0,0.0,13.301268857403231
C000874,1.0,1,2231.7129238616008,100.0
C000875,0.0,0,496.76650710344,100.0
C000876,0.0,0,1763.7260711417578,100.0
C000877,0.0,0,1514.5398999097004,100.0
C000878,1.0,1,2096.288203294743,100.0
C000879,0.0,0,1059.4392537846375,100.0
C000880,0.003076923076923077,0,0.0,12.446141271008402
C000881,1.0,1,749.1205807331062,100.0
C000882,0.0,0,999.0,100.0
C000883,1.0,1,1042.7333558652556,100.0
C000884,1.0,1,1998.0,100.0
C000885,0.0,0,1128.2698868651246,100.0
C000886,1.0,1,154.0155683661036,100.0
C000887,0.0,0,323.0,100.0
C000888,0.0,0,1664.468940195451,100.0
C000889,0.0,0,999.0,100.0
C000890,0.0,0,389.5301521774274,100.0
C000891,1.0,1,0.0,10.072555537280694
C000892,0.0,0,408.9939789125778,100.0
C000893,1.0,1,1157.967832471408,100.0
C000894,0.0,0,1106.9200442347576,100.0
C000895,0.0,0,1998.0,100.0
C000896,1.0,1,999.0,100.0
C000897,1.0,1,1037.3635120593708,100.0
C000898,1.0,1,2138.3060044747035,100.0
C000899,1.0,1,2755.3573116883113,100.0
C000900,0.0,0,1083.6967222700473,100.0
C000901,0.0,0,175.48320604246226,100.0
C000902,0.0,0,1143.6555199563163,100.0
C000903,0.0,0,706.8880245391634,100.0
C000904,0.0,0,971.1104008196381,100.0
C000905,0.0,0,195.82581438474753,100.0
C000906,0.0,0,0.0,17.121050000000015
C000907,0.0,0,1059.591373776402,100.0
C000908,1.0,1,1120.1211783731694,100.0
C000909,1.0,1,956.4034402512452,100.0
C000910,0.0,0,813.2069195852694,100.0
C000911,1.0,1,865.0244381313131,100.0
C000912,1.0,1,840.4187641618779,100.0
C000913,0.0,0,1105.435318204554,100.0
C000914,0.0,0,0.0,9.431859783405324
C000915,1.0,1,203.7905558774598,100.0
C000916,0.0,0,1493.6523088020588,100.0
C000917,0.0,0,447.91540225212526,100.0
C000918,0.0,0,133.69304141726766,100.0
C000919,0.0,0,1068.2697427121761,100.0
C000920,0.0,0,0.0,11.302055290287026
C000921,0.0,0,1424.5851795263557,100.0
C000922,1.0,1,941.3135241205088,100.0
C000923,0.0,0,2162.4949187665816,100.0
C000924,0.0,0,2619.42354978355,100.0
C000925,0.0,0,388.8660676893707,100.0
C000926,1.0,1,999.0,100.0
C000927,0.0,0,1011.4995384430856,100.0
C000928,0.0,0,2360.03,100.0
C000929,1.0,1,364.19340536650094,100.0
C000930,0.0,0,1024.327003915777,100.0
C000931,0.0,0,406.2428767123287,100.0
C000932,1.0,1,331.9638877433163,100.0
C000933,0.0,0,206.17594010525357,100.0
C000934,1.0,1,811.4608225840378,100.0
C000935,1.0,1,1247.9889034860169,100.0
C000936,0.0,0,1082.1979363636872,100.0
C000937,0.0,0,0.0,10.394041369247436
C000938,0.0,0,0.0,14.826836322212891
C000939,1.0,1,2997.0,100.0
C000940,1.0,1,1009.8999564552782,100.0
C000941,0.0,0,1091.706666947501,100.0
C000942,0.0,0,999.0,100.0
C000943,0.0,0,0.0,12.309405501867424
C000944,1.0,1,1998.0,100.0
C000945,0.0,0,1998.0,100.0
C000946,1.0,1,2130.5463966078223,100.0
C000947,0.01,0,377.1343775363368,100.0
C000948,0.0,0,999.0,100.0
C000949,1.0,1,1715.9799281389744,100.0
C000950,0.0,0,374.16190476190474,100.0
C000951,1.0,1,404.27016273047985,100.0
C000952,1.0,1,1242.6553149939114,100.0
C000953,1.0,1,1998.0,100.0
C000954,0.01,0,896.2390690581876,100.0
C000955,0.0,0,284.84855450298164,100.0
C000956,1.0,1,1019.4776706349206,100.0
C000957,0.0,0,368.22859990939827,100.0
C000958,1.0,1,876.0507268416363,100.0
C000959,1.0,1,2844.4666666666662,100.0
C000960,1.0,1,350.16602720598763,100.0
C000961,1.0,1,1840.7489861932825,100.0
C000962,1.0,1,2178.1565801960382,100.0
C000963,1.0,1,142.11016830436068,100.0
C000964,1.0,1,327.38626727105276,100.0
C000965,0.0,0,186.86264997926213,100.0
C000966,1.0,1,983.1185185185185,100.0
C000967,1.0,1,2903.97,100.0
C000968,0.0,0,182.1,100.0
C000969,0.0,0,373.2053372503826,100.0
C000970,0.0,0,166.80284854504572,100.0
C000971,0.0,0,937.8806406662953,100.0
C000972,0.0,0,2426.63,100.0
C000973,1.0,1,1816.357765708927,100.0
C000974,1.0,1,1919.3129870129872,100.0
C000975,1.0,1,1223.1709393990202,100.0
C000976,1.0,1,1796.8254482123539,100.0
C000977,0.0,0,1163.6170927105024,100.0
C000978,0.0,0,1008.0803142478435,100.0
C000979,0.0,0,0.0,10.32242275795603
C000980,1.0,1,372.78114546762947,100.0
C000981,0.0,0,148.86946187375383,100.0
C000982,0.0,0,0.0,8.72359841598958
C000983,0.0,0,1034.0,100.0
C000984,0.0,0,1446.1742288809678,100.0
C000985,1.0,1,1120.4902561439947,100.0
C000986,0.0,0,516.669190383679,100.0
C000987,0.0,0,933.5330786314489,100.0
C000988,1.0,1,2114.784179226571,100.0
C000989,0.0,0,937.5659599749683,100.0
C000990,0.0,0,334.8876438866557,100.0
C000991,1.0,1,342.6896761049687,100.0
C000992,1.0,1,1862.7051769586626,100.0
C000993,1.0,1,505.6361486592964,100.0
C000994,0.0,0,1133.169081768698,100.0
C000995,1.0,1,0.0,13.596899999999998
C000996,0.0,0,970.2585246568094,100.0
C000997,1.0,1,711.9005898631098,100.0
C000998,0.0,0,1170.4788860286062,100.0
C000999,1.0,1,1788.4903026041843,100.0
C001000,1.0,1,2065.244022732276,100.0
C001001,1.0,1,855.1022988505747,100.0
C001002,1.0,1,1231.2650417859606,100.0
C001003,1.0,1,985.6067665089774,100.0
C001004,1.0,1,0.0,11.338075000000002
C001005,0.0,0,0.0,9.995908227851007
C001006,1.0,1,999.0,100.0
C001007,1.0,1,1698.4091999912112,100.0
C001008,0.0,0,754.1610996240406,100.0
C001009,0.0,0,0.0,13.3915036410764
C001010,1.0,1,660.7896252177187,100.0
C001011,1.0,1,248.44681295715782,100.0
C001012,0.0,0,0.0,12.142908677666837
C001013,1.0,1,0.0,15.332391093073577
C001014,0.0,0,184.69791334479777,100.0
C001015,1.0,1,360.6642841530236,100.0
C001016,1.0,1,932.6177734265243,100.0
C001017,0.0,0,0.0,10.341688992228237
C001018,1.0,1,1226.359021963093,100.0
C001019,0.0,0,422.3613934547362,100.0
C001020,0.0,0,0.0,7.5265622222222275
C001021,0.0,0,0.0,10.571172632734383
C001022,0.0,0,2169.2132347766897,100.0
C001023,1.0,1,0.0,10.662100744992827
C001024,0.0,0,0.0,10.855817894309439
C001025,0.0,0,1137.0420332277677,100.0
C001026,0.0,0,0.0,12.583403468837425
C001027,0.0,0,0.0,10.927052423645558
C001028,0.0,0,434.4119049099482,100.0
C001029,0.0,0,1238.1013364807125,100.0
C001030,0.0,0,1801.7877809473348,100.0
C001031,1.0,1,1422.6373962110736,100.0
C001032,1.0,1,1746.0287141330891,100.0
C001033,0.0,0,1769.659090909091,100.0
C001034,0.0,0,956.3849171904268,100.0
C001035,0.0,0,1189.7733123303724,100.0
C001036,0.0,0,644.8081134755295,100.0
C001037,0.0,0,1368.990807649906,100.0
C001038,0.0,0,1220.5989381133184,100.0
C001039,0.0,0,1192.6417021194027,100.0
C001040,1.0,1,438.81756175368724,100.0
C001041,1.0,1,411.32206964906743,100.0
C001042,0.0,0,1086.7936235575132,100.0
C001043,1.0,1,999.0,100.0
C001044,1.0,1,487.87948146372537,100.0
C001045,0.0,0,383.2410351828111,100.0
C001046,1.0,1,383.3543445107321,100.0
C001047,0.0,0,719.5559916925614,100.0
C001048,0.0,0,1801.211966726084,100.0
C001049,0.0,0,1175.4018225364055,100.0
C001050,0.0,0,189.77550146657347,100.0
C001051,0.0,0,2764.4766666666665,100.0
C001052,0.0,0,1566.214663854319,100.0
C001053,0.0,0,1998.0,100.0
C001054,0.0,0,157.5333768645947,100.0
C001055,1.0,1,1144.725191323476,100.0
C001056,0.0,0,1879.0079122073628,100.0
C001057,0.0,0,999.0,100.0
C001058,0.0,0,975.8744010736747,100.0
C001059,1.0,1,2083.537754194064,100.0
C001060,0.0,0,1211.3286870843515,100.0
C001061,0.0,0,0.0,12.635011111111135
C001062,1.0,1,0.0,11.94792277056278
C001063,1.0,1,1220.15551281537,100.0
C001064,1.0,1,186.34780444268242,100.0
C001065,0.0,0,1809.451815310379,100.0
C001066,0.0,0,0.0,13.444083093474433
C001067,1.0,1,2291.6134408602147,100.0
C001068,0.0,0,1425.8362811925724,100.0
C001069,1.0,1,1965.644599649072,100.0
C001070,1.0,1,948.4597488765943,100.0
C001071,0.0,0,204.58680415278107,100.0
C001072,0.0,0,1225.5518125016422,100.0
C001073,0.0,0,1068.8065521198157,100.0
C001074,1.0,1,444.8145489885909,100.0
C001075,0.0,0,1145.5167749413174,100.0
C001076,0.0,0,1086.993589811431,100.0
C001077,1.0,1,1361.3492252029018,100.0
C001078,1.0,1,420.8532596621299,100.0
C001079,1.0,1,0.0,11.916233333333336
C001080,0.0,0,1809.0958472343846,100.0
C001081,0.0,0,147.4388765824018,100.0
C001082,1.0,1,1070.2672823247863,100.0
C001083,0.0,0,383.9187788060844,100.0
C001084,0.0,0,308.50931438850586,100.0
C001085,1.0,1,905.2703197059747,100.0
C001086,1.0,1,384.62823490047833,100.0
C001087,1.0,1,596.1980518687967,100.0
C001088,1.0,1,2450.26,100.0
C001089,0.0,0,627.067734247743,100.0
C001090,0.0,0,184.20635906337282,100.0
C001091,0.0,0,222.3423976988328,100.0
C001092,0.0,0,463.08947729587703,100.0
C001093,0.0,0,394.20713867249543,100.0
C001094,1.0,1,1502.7968380523134,100.0
C001095,0.003076923076923077,0,0.0,12.712549142563825
C001096,0.0,0,397.71584772653677,100.0
C001097,0.0,0,999.0,100.0
C001098,0.0,0,398.61731108723006,100.0
C001099,0.0,0,0.0,15.566649999999983
C001100,0.0,0,253.93649764703778,100.0
C001101,1.0,1,800.4998435694694,100.0
C001102,0.0,0,387.37986673236594,100.0
C001103,0.0,0,1127.410016436157,100.0
C001104,0.0,0,1316.2785411218388,100.0
C001105,0.0,0,1210.4156020799987,100.0
C001106,1.0,1,922.7111111111111,100.0
C001107,0.0,0,1338.1734345525454,100.0
C001108,0.01,0,491.549293636478,100.0
C001109,0.0,0,2708.95,100.0
C001110,1.0,1,2498.200718587023,100.0
C001111,1.0,1,1074.6394694935263,100.0
C001112,0.0,0,1427.7455303223192,100.0
C001113,0.0,0,379.2380699875609,100.0
C001114,1.0,1,0.0,10.708835359227553
C001115,1.0,1,0.0,10.017124409621765
C001116,1.0,1,1072.5463562171105,100.0
C001117,1.0,1,1305.2125743806848,100.0
C001118,0.0,0,1708.211639766881,100.0
C001119,1.0,1,1045.5976183078863,100.0
C001120,0.01,0,1247.824255133189,100.0
C001121,1.0,1,643.6515553035973,100.0
C001122,1.0,1,0.0,12.60794078898226
C001123,1.0,1,463.5314414744755,100.0
C001124,0.0,0,233.39321148575974,100.0
C001125,0.01,0,1059.033506975403,100.0
C001126,0.0,0,1321.4228622362577,100.0
C001127,1.0,1,930.4979513507726,100.0
C001128,1.0,1,352.7720390382113,100.0
C001129,1.0,1,2765.0,100.0
C001130,0.0,0,210.21193663724108,100.0
C001131,0.0,0,999.0,100.0
C001132,0.0,0,419.4755169554078,100.0
C001133,0.0,0,213.96065747258345,100.0
C001134,0.0,0,2166.962395983741,100.0
C001135,0.0,0,958.6542527345681,100.0
C001136,0.0,0,978.8335061428292,100.0
C001137,1.0,1,0.0,10.511631893433382
C001138,0.0,0,156.59074582396542,100.0
C001139,1.0,1,378.6123260383847,100.0
C001140,0.0,0,871.5799530507521,100.0
C001141,1.0,1,0.0,10.181033262088864
C001142,1.0,1,1137.8597875958578,100.0
C001143,0.0,0,1998.0,100.0
C001144,1.0,1,499.38878298064526,100.0
C001145,0.0,0,0.0,12.485552165822648
C001146,0.0,0,0.0,11.981055881123503
C001147,0.0,0,0.0,9.1405577136033
C001148,0.99,1,684.3865572012523,100.0
C001149,0.0,0,756.0831240946761,100.0
C001150,1.0,1,676.2449791092731,100.0
C001151,0.0,0,652.7790622416737,100.0
C001152,1.0,1,999.0,100.0
C001153,1.0,1,119.02746371175313,100.0
C001154,0.0,0,1514.710941893845,100.0
C001155,0.0,0,352.43793713290825,100.0
C001156,0.0,0,999.0,100.0
C001157,1.0,1,1007.6921581873091,100.0
C001158,0.0,0,993.2792120479352,100.0
C001159,1.0,1,919.8799395079553,100.0
C001160,1.0,1,463.93971240469347,100.0
C001161,1.0,1,1317.0691566416149,100.0
C001162,1.0,1,143.09804558575286,100.0
C001163,1.0,1,1947.1662988242595,100.0
C001164,1.0,1,1900.3828816632188,100.0
C001165,1.0,1,2097.8333333333335,100.0
C001166,0.0,0,221.99774867487963,100.0
C001167,1.0,1,2248.0577862019218,100.0
C001168,0.0,0,152.7322827173062,100.0
C001169,0.0,0,0.0,12.741099549441783
C001170,1.0,1,1145.5625014002012,100.0
C001171,1.0,1,1993.9859665752695,100.0
C001172,0.0,0,1041.4458456318112,100.0
C001173,0.0,0,378.3100785442238,100.0
C001174,1.0,1,1194.6794322068804,100.0
C001175,0.0,0,1087.759598866898,100.0
C001176,0.0,0,285.61062989894543,100.0
C001177,1.0,1,0.0,8.896874362658856
C001178,1.0,1,879.433637013015,100.0
C001179,0.0,0,2981.98,100.0
C001180,0.01,0,0.0,11.571095909454009
C001181,1.0,1,377.0699815304769,100.0
C001182,1.0,1,2174.7276560874175,100.0
C001183,1.0,1,402.01139181606936,100.0
C001184,1.0,1,403.1965926168003,100.0
C001185,1.0,1,2104.7443051851315,100.0
C001186,0.0,0,1114.306668709127,100.0
C001187,1.0,1,0.0,14.038710054719933
C001188,0.0,0,1198.846464874512,100.0
C001189,0.0,0,171.3541157597935,100.0
C001190,0.0,0,374.807577123333,100.0
C001191,1.0,1,910.3735518363619,100.0
C001192,0.0,0,1903.6787777259774,100.0
C001193,0.0,0,261.38354623184375,100.0
C001194,0.0,0,0.0,8.82659499509449
C001195,0.0,0,2010.3460334305323,100.0
C001196,0.0,0,0.0,12.195603138803163
C001197,1.0,1,1139.2901403026358,100.0
C001198,1.0,1,269.274874183423,100.0
C001199,0.0,0,1163.620495037,100.0
C001200,0.0,0,899.0357989449461,100.0
C001201,0.0,0,1245.1073529192568,100.0
C001202,0.0,0,1998.0,100.0
C001203,1.0,1,502.6042263150612,100.0
C001204,0.0,0,0.0,10.746267477955552
C001205,0.0,0,304.1691205641858,100.0
C001206,0.0,0,0.0,12.253014417506304
C001207,0.0,0,0.0,12.025843434559988
C001208,0.0,0,1402.935181066977,100.0
C001209,1.0,1,992.3625607558705,100.0
C001210,0.0,0,2046.2326178300382,100.0
C001211,0.0,0,168.59920089085804,100.0
C001212,0.0,0,191.85227477031873,100.0
C001213,1.0,1,1021.9924172735299,100.0
C001214,0.0,0,999.0,100.0
C001215,1.0,1,0.0,14.372658333333336
C001216,0.0,0,422.0731852350977,100.0
C001217,0.0,0,342.5161351268169,100.0
C001218,1.0,1,2809.98,100.0
C001219,1.0,1,2130.8010252185613,100.0
C001220,0.0,0,802.1966859545435,100.0
C001221,1.0,1,2767.99,100.0
C001222,0.0,0,1998.0,100.0
C001223,0.0,0,0.0,12.95430397865656
C001224,1.0,1,188.06865926734656,100.0
C001225,1.0,1,569.1275590738741,100.0
C001226,0.0,0,413.8638229822091,100.0
C001227,0.0,0,2735.666666666666,100.0
C001228,0.0,0,473.4108614012998,100.0
C001229,1.0,1,428.07109268984823,100.0
C001230,0.0,0,320.6586012644162,100.0
C001231,1.0,1,393.57330435668746,100.0
C001232,1.0,1,1298.8922830146555,100.0
C001233,1.0,1,1230.5695410388817,100.0
C001234,0.0,0,2173.096115418528,100.0
C001235,0.0,0,999.0,100.0
C001236,1.0,1,1778.598901098901,100.0
C001237,0.0,0,0.0,11.267505050477302
C001238,1.0,1,1137.1273825015155,100.0
C001239,0.0,0,1998.0,100.0
C001240,0.0,0,336.8941130385862,100.0
C001241,1.0,1,784.8938623478709,100.0
C001242,0.0,0,399.0401678535003,100.0
C001243,1.0,1,176.31332577461032,100.0
C001244,1.0,1,979.0459426390568,100.0
C001245,0.0,0,1983.139109053562,100.0
C001246,0.0,0,484.02410110242926,100.0
C001247,0.0,0,2139.6137594430843,100.0
C001248,0.0,0,960.8971590318292,100.0
C001249,1.0,1,208.93720978601402,100.0
C001250,0.0,0,1028.0781691888342,100.0
C001251,1.0,1,0.0,13.552100000000001
C001252,1.0,1,324.689725540817,100.0
C001253,1.0,1,151.19609418769244,100.0
C001254,0.0,0,2198.5196712992893,100.0
C001255,1.0,1,208.66075508834652,100.0
C001256,0.0,0,987.8601129392827,100.0
C001257,0.0,0,381.55102040816325,100.0
C001258,0.0,0,806.4603052160758,100.0
C001259,1.0,1,1259.8506697860896,100.0
C001260,0.0,0,438.6063874341183,100.0
C001261,0.0,0,841.33847597043,100.0
C001262,0.0,0,0.0,12.155387700786058
C001263,0.0,0,1542.136090014698,100.0
C001264,1.0,1,1135.139681846025,100.0
C001265,1.0,1,357.14496211820153,100.0
C001266,0.0,0,186.34780444268242,100.0
C001267,0.0,0,0.0,13.700125473782716
C001268,0.0,0,455.4592793257654,100.0
C001269,0.0,0,0.0,11.024446471643467
C001270,0.0,0,2228.8741515164165,100.0
C001271,0.0,0,328.1519518993314,100.0
C001272,0.0,0,1099.1146721773266,100.0
C001273,1.0,1,929.0,100.0
C001274,0.0,0,953.5041780265208,100.0
C001275,0.0,0,1507.0554832999856,100.0
C001276,0.0,0,343.23042452411295,100.0
C001277,1.0,1,1125.451109857171,100.0
C001278,0.0,0,1137.4670225868163,100.0
C001279,0.0,0,379.91190476190474,100.0
C001280,1.0,1,1052.4829438559711,100.0
C001281,0.0,0,2008.5256800530606,100.0
C001282,0.0,0,829.4419664264983,100.0
C001283,0.0,0,1240.0773754486302,100.0
C001284,1.0,1,1885.7542270685005,100.0
C001285,0.0,0,483.0776030986557,100.0
C001286,0.0,0,999.0,100.0
C001287,0.0,0,1596.8852813852814,100.0
C001288,1.0,1,1166.5400781068986,100.0
C001289,1.0,1,1132.4101360790078,100.0
C001290,1.0,1,486.1147758894468,100.0
C001291,1.0,1,1101.1820456572577,100.0
C001292,0.0,0,2107.3283805481324,100.0
C001293,1.0,1,791.9640461047338,100.0
C001294,1.0,1,1998.0,100.0
C001295,1.0,1,0.0,13.949018701298685
C001296,0.0,0,406.1428571428571,100.0
C001297,1.0,1,2213.9801075268815,100.0
C001298,1.0,1,999.0,100.0
C001299,0.0,0,958.5611111111111,100.0
C001300,0.0,0,2997.0,100.0
C001301,1.0,1,454.57316998653425,100.0
C001302,0.0,0,999.0,100.0
C001303,0.0,0,2711.0,100.0
C001304,0.0,0,1279.0375582239878,100.0
C001305,0.0,0,343.0,100.0
C001306,0.0,0,1220.1523741195422,100.0
C001307,0.0,0,952.7091643443903,100.0
C001308,1.0,1,1998.0,100.0
C001309,0.0,0,802.4568451149463,100.0
C001310,0.0,0,302.9803571269118,100.0
C001311,1.0,1,220.07633582047038,100.0
C001312,1.0,1,1487.0483879989,100.0
C001313,1.0,1,196.80963704429908,100.0
C001314,1.0,1,333.1344768089914,100.0
C001315,1.0,1,0.0,13.696960185574232
C001316,0.0,0,508.2750384473453,100.0
C001317,0.0,0,0.0,15.301447916666678
C001318,0.0,0,432.2328672119744,100.0
C001319,0.0,0,540.1340179434226,100.0
C001320,0.0,0,999.0,100.0
C001321,1.0,1,0.0,10.345129420579426
C001322,1.0,1,0.0,12.796268321057946
C001323,0.0,0,323.43424502032195,100.0
C001324,0.0,0,2729.0,100.0
C001325,1.0,1,1113.928074210068,100.0
C001326,1.0,1,0.0,14.821124999999995
C001327,0.0,0,2210.514228495624,100.0
C001328,0.0,0,1150.9887298832182,100.0
C001329,1.0,1,1188.5489340948056,100.0
C001330,0.0,0,1024.9848477416901,100.0
C001331,0.0,0,194.31347962382446,100.0
C001332,1.0,1,858.9761063820198,100.0
C001333,0.0,0,0.0,10.968680498059728
C001334,1.0,1,1166.0184192641723,100.0
C001335,0.0,0,1029.846761685183,100.0
C001336,0.0,0,1071.3140836144792,100.0
C001337,0.0,0,2225.56200992745,100.0
C001338,1.0,1,555.103959519121,100.0
C001339,0.0,0,1067.0311293124248,100.0
C001340,0.0,0,140.1438429277081,100.0
C001341,0.0,0,1096.1460458375593,100.0
C001342,0.0,0,153.54952870805042,100.0
C001343,0.0,0,0.0,13.718127201159444
C001344,1.0,1,1122.0365921538194,100.0
C001345,0.0,0,2029.3203272137794,100.0
C001346,0.0,0,0.0,10.988848483787029
C001347,0.0,0,1220.954369495874,100.0
C001348,0.0,0,999.0,100.0
C001349,0.0,0,317.8555240950559,100.0
C001350,0.0,0,660.8157089571353,100.0
C001351,0.0,0,1111.5635961927462,100.0
C001352,0.0,0,2081.9987587805704,100.0
C001353,1.0,1,933.9832126656152,100.0
C001354,0.0,0,185.97115734149023,100.0
C001355,1.0,1,1628.3526431236535,100.0
C001356,0.0,0,1586.5535979025237,100.0
C001357,0.0,0,1004.0326255062491,100.0
C001358,0.0,0,0.0,11.285768538221046
C001359,1.0,1,0.0,12.047627693540123
C001360,0.0,0,418.69177187873424,100.0
C001361,1.0,1,1248.5738946288238,100.0
C001362,0.0,0,505.9121787025704,100.0
C001363,1.0,1,172.22729198600584,100.0
C001364,0.0,0,937.9059144588867,100.0
C001365,1.0,1,1214.300474498918,100.0
C001366,0.0,0,1797.7654290831772,100.0
C001367,1.0,1,1998.0,100.0
C001368,0.0,0,999.0,100.0
C001369,0.0,0,1670.0481396863202,100.0
C001370,0.0,0,528.4777263203919,100.0
C001371,1.0,1,1620.6595137465893,100.0
C001372,1.0,1,908.4099709173025,100.0
C001373,0.0,0,420.28850231939185,100.0
C001374,0.0,0,461.72570709744963,100.0
C001375,0.0,0,650.8486131852477,100.0
C001376,1.0,1,1130.1591562788335,100.0
C001377,0.0,0,192.3498790694239,100.0
C001378,1.0,1,213.96065747258345,100.0
C001379,1.0,1,2225.095,100.0
C001380,0.0,0,1998.0,100.0
C001381,0.0,0,1168.0414816130967,100.0
C001382,0.0,0,1100.503788109223,100.0
C001383,0.0,0,171.66825850128384,100.0
C001384,0.0,0,478.43375311509874,100.0
C001385,0.0,0,999.0,100.0
C001386,0.0,0,999.0,100.0
C001387,0.0,0,576.4185153134541,100.0
C001388,0.0,0,423.0795725251783,100.0
C001389,0.0,0,2190.423006108039,100.0
C001390,0.0,0,1945.4866493696175,100.0
C001391,0.0,0,0.0,14.667266792206771
C001392,1.0,1,0.0,8.511262934510182
C001393,1.0,1,2997.0,100.0
C001394,0.0,0,1093.083003552219,100.0
C001395,1.0,1,775.1693209333257,100.0
C001396,1.0,1,803.4821348772006,100.0
C001397,0.0,0,386.34075823803346,100.0
C001398,0.0,0,0.0,12.061252239926523
C001399,1.0,1,0.0,12.305054907911586
C001400,0.0,0,969.4557078411692,100.0
C001401,0.0,0,1849.6630042519146,100.0
C001402,0.0,0,0.0,11.528830157065151
C001403,0.0,0,0.0,9.79859931438181
C001404,0.0,0,888.6488895280507,100.0
C001405,1.0,1,2272.855139692003,100.0
C001406,1.0,1,1850.193258745213,100.0
C001407,0.0,0,311.73438089954067,100.0
C001408,1.0,1,1848.3919930765069,100.0
C001409,0.0,0,2779.9818831168827,100.0
C001410,0.0,0,1026.9701840301634,100.0
C001411,1.0,1,223.59607250780303,100.0
C001412,1.0,1,932.1125941265237,100.0
C001413,1.0,1,2031.6231228885629,100.0
C001414,0.0,0,203.6300673209245,100.0
C001415,1.0,1,184.964386454904,100.0
C001416,0.0,0,0.0,12.79103800831167
C001417,1.0,1,0.0,14.544399999999985
C001418,0.0,0,1501.609705473795,100.0
C001419,0.0,0,1215.3263603356786,100.0
C001420,0.0,0,773.241009280942,100.0
C001421,0.0,0,165.30998483127064,100.0
C001422,0.0,0,1613.2053341930448,100.0
C001423,1.0,1,197.47785849367617,100.0
C001424,0.0,0,318.1384840759645,100.0
C001425,0.0,0,1716.1261819654296,100.0
C001426,0.0,0,0.0,11.13133512916506
C001427,1.0,1,0.0,14.349250000000007
C001428,0.0,0,0.0,12.263065811573531
C001429,0.0,0,195.19895330750785,100.0
C001430,0.0,0,415.3383500873567,100.0
C001431,0.0,0,2053.097982157452,100.0
C001432,0.0,0,999.0,100.0
C001433,0.0,0,2997.0,100.0
C001434,1.0,1,1053.2666642900338,100.0
C001435,0.0,0,1205.6122192736457,100.0
C001436,0.0,0,373.06316800752575,100.0
C001437,0.0,0,999.0,100.0
C001438,0.0,0,0.0,9.607261949949242
C001439,1.0,1,1245.7859673136843,100.0
C001440,1.0,1,497.4469196827119,100.0
C001441,1.0,1,0.0,12.937392633836767
C001442,0.0,0,488.8064841987146,100.0
C001443,0.0,0,425.03039734612884,100.0
C001444,0.0,0,999.0,100.0
C001445,0.0,0,365.42059766452303,100.0
C001446,1.0,1,355.9947894095006,100.0
C001447,0.0,0,1015.5984951111094,100.0
C001448,0.0,0,154.0155683661036,100.0
C001449,1.0,1,895.7031103181238,100.0
C001450,1.0,1,353.49359004002173,100.0
C001451,0.0,0,0.0,9.959523127744175
C001452,1.0,1,0.0,10.780204761904779
C001453,1.0,1,2856.4666666666662,100.0
C001454,0.0,0,999.0,100.0
C001455,0.0,0,904.3364963272677,100.0
C001456,1.0,1,495.43505451956383,100.0
C001457,1.0,1,0.0,11.600941493341802
C001458,1.0,1,1042.4211426880047,100.0
C001459,1.0,1,148.7044864664442,100.0
C001460,0.01,0,802.591270649999,100.0
C001461,0.0,0,1985.1137054561225,100.0
C001462,1.0,1,0.0,10.289134670607176
C001463,0.0,0,167.67180274012264,100.0
C001464,0.0,0,1236.5243252844984,100.0
C001465,1.0,1,2073.9401162175327,100.0
C001466,0.0,0,1191.0095454608172,100.0
C001467,0.0,0,1086.6588781261298,100.0
C001468,1.0,1,370.3650174605068,100.0
C001469,1.0,1,2718.7192982456136,100.0
C001470,0.0,0,1998.0,100.0
C001471,1.0,1,2575.05,100.0
C001472,1.0,1,1958.450295728958,100.0
C001473,0.0,0,179.0029833487866,100.0
C001474,0.0,0,450.3075003707093,100.0
C001475,0.0,0,1224.2786375287737,100.0
C001476,1.0,1,987.0814721737854,100.0
C001477,1.0,1,1043.4021845178008,100.0
C001478,1.0,1,345.5280838414285,100.0
C001479,1.0,1,168.6421425821107,100.0
C001480,1.0,1,369.1681804241353,100.0
C001481,0.0,0,1259.9428093362883,100.0
C001482,0.0,0,380.07343099908206,100.0
C001483,0.0,0,1269.9837322665244,100.0
C001484,1.0,1,1222.2920699891547,100.0
C001485,1.0,1,868.7188801845149,100.0
C001486,1.0,1,999.0,100.0
C001487,1.0,1,1524.888395060782,100.0
C001488,0.99,1,794.06248137765,100.0
C001489,1.0,1,2078.6123011518453,100.0
C001490,0.0,0,287.15324521212443,100.0
C001491,0.0,0,1053.4690898111137,100.0
C001492,0.01,0,327.69937886563855,100.0
C001493,0.0,0,0.0,11.52181972499719
C001494,1.0,1,612.0368623366605,100.0
C001495,1.0,1,140.3335007858327,100.0
C001496,0.01,0,494.79122725667963,100.0
C001497,0.0,0,1179.928115079365,100.0
C001498,1.0,1,0.0,11.275884380341893
C001499,0.0,0,450.73167203625076,100.0
C001500,1.0,1,2135.4491324106757,100.0
C001501,1.0,1,1180.2890564114193,100.0
C001502,0.0,0,1998.8988728541992,100.0
C001503,1.0,1,339.55044919599146,100.0
C001504,0.0,0,0.0,15.134846891895505
C001505,0.0,0,690.4453309854933,100.0
C001506,0.0,0,194.458157859013,100.0
C001507,0.0,0,203.34114910341015,100.0
C001508,0.0,0,2041.238978573933,100.0
C001509,1.0,1,1234.0611165348946,100.0
C001510,0.0,0,1210.1021762378364,100.0
C001511,0.0,0,339.60391941799526,100.0
C001512,1.0,1,223.12874417028263,100.0
C001513,0.0,0,1127.1582219412314,100.0
C001514,1.0,1,779.8097847188765,100.0
C001515,0.0,0,393.654153920082,100.0
C001516,1.0,1,250.24886279681724,100.0
C001517,1.0,1,1261.5978755529054,100.0
C001518,0.0,0,443.01445980279027,100.0
C001519,0.0,0,174.76836580894766,100.0
C001520,0.0,0,999.0,100.0
C001521,0.0,0,423.8623302442107,100.0
C001522,1.0,1,999.0,100.0
C001523,1.0,1,0.0,15.822886284584994
C001524,0.0,0,422.20783643802343,100.0
C001525,0.0,0,814.0835812383604,100.0
C001526,0.0,0,775.7842975681832,100.0
C001527,0.0,0,864.3023250103497,100.0
C001528,0.0,0,591.5843149450942,100.0
C001529,0.0,0,942.0333157237807,100.0
C001530,1.0,1,1808.9340037499535,100.0
C001531,0.0,0,2034.3949396379717,100.0
C001532,0.0,0,1792.9,100.0
C001533,0.0,0,1025.6747559830897,100.0
C001534,0.0,0,397.5840148690579,100.0
C001535,0.0,0,325.93758096718113,100.0
C001536,1.0,1,2089.7720813261544,100.0
C001537,1.0,1,1998.0,100.0
C001538,1.0,1,999.0,100.0
C001539,1.0,1,1784.9395456368604,100.0
C001540,0.0,0,218.60540886968218,100.0
C001541,0.0,0,2209.760622710623,100.0
C001542,0.0,0,334.8751593758949,100.0
C001543,0.0,0,1096.1470052353009,100.0
C001544,1.0,1,392.71910487593675,100.0
C001545,0.0,0,196.7422010752705,100.0
C001546,1.0,1,196.9015930924108,100.0
C001547,1.0,1,286.26200721349875,100.0
C001548,0.0,0,391.44001198771895,100.0
C001549,0.0,0,977.5708653044717,100.0
C001550,0.0,0,929.9445487264936,100.0
C001551,1.0,1,0.0,11.869150550227403
C001552,1.0,1,979.3100235229557,100.0
C001553,0.0,0,914.88935464714,100.0
C001554,1.0,1,164.44731250358603,100.0
C001555,0.0,0,1407.3528085842013,100.0
C001556,1.0,1,1055.8183593421911,100.0
C001557,0.0,0,991.0195243781491,100.0
C001558,1.0,1,0.0,9.860968855125222
C001559,1.0,1,0.0,11.263252394975408
C001560,0.0,0,186.86264997926213,100.0
C001561,1.0,1,0.0,9.974437455061794
C001562,0.0,0,784.7240963216541,100.0
C001563,0.0,0,2226.9219321459664,100.0
C001564,0.0,0,0.0,13.412026242743522
C001565,0.0,0,973.8936502565017,100.0
C001566,1.0,1,274.4366296002411,100.0
C001567,0.0,0,907.2207301375872,100.0
C001568,1.0,1,1078.7293000424613,100.0
C001569,0.0,0,0.0,10.730776672090146
C001570,0.0,0,2146.7391850023632,100.0
C001571,1.0,1,483.4367674733912,100.0
C001572,1.0,1,388.985531187529,100.0
C001573,1.0,1,509.7483135516935,100.0
C001574,1.0,1,414.47330718947853,100.0
C001575,1.0,1,1167.306234754156,100.0
C001576,1.0,1,404.93148489375466,100.0
C001577,0.0,0,413.79409550208254,100.0
C001578,0.0,0,1128.8434846471625,100.0
C001579,1.0,1,697.966418446717,100.0
C001580,0.0,0,613.512460402731,100.0
C001581,1.0,1,0.0,12.912391425793409
C001582,0.0,0,186.0,100.0
C001583,0.0,0,0.0,9.26766400374781
C001584,0.0,0,333.6512957337696,100.0
C001585,0.0,0,2103.9855095355097,100.0
C001586,1.0,1,999.0,100.0
C001587,0.0,0,1238.282419708491,100.0
C001588,1.0,1,401.25682830679466,100.0
C001589,0.0,0,0.0,13.212277500000011
C001590,0.0,0,862.7211549882542,100.0
C001591,1.0,1,0.0,9.593588421211408
C001592,0.0,0,0.0,10.050554401429533
C001593,0.0,0,999.0,100.0
C001594,1.0,1,1102.467486957487,100.0
C001595,0.0,0,1709.4606329578005,100.0
C001596,0.0,0,731.9725819828838,100.0
C001597,1.0,1,999.0,100.0
C001598,1.0,1,2857.0,100.0
C001599,0.0,0,2715.0,100.0
C001600,1.0,1,239.75514663536657,100.0
C001601,1.0,1,685.5465367165178,100.0
C001602,1.0,1,2041.7172613975836,100.0
C001603,1.0,1,933.9835142845421,100.0
C001604,1.0,1,2736.241029872477,100.0
C001605,0.99,1,800.6813669232818,100.0
C001606,1.0,1,1341.876153670062,100.0
C001607,0.0,0,381.0302173967473,100.0
C001608,1.0,1,895.1347487592457,100.0
C001609,1.0,1,0.0,10.989600038523566
C001610,1.0,1,698.4767979918993,100.0
C001611,1.0,1,999.0,100.0
C001612,0.0,0,568.385741380395,100.0
C001613,0.0,0,1140.4224304010918,100.0
C001614,0.0,0,1016.1401779164058,100.0
C001615,1.0,1,487.074886740238,100.0
C001616,1.0,1,784.2378129715688,100.0
C001617,0.0,0,2076.206345982449,100.0
C001618,0.0,0,228.86190085708023,100.0
C001619,1.0,1,1998.0,100.0
C001620,0.0,0,1379.7775880244742,100.0
C001621,1.0,1,1180.2564539980565,100.0
C001622,1.0,1,906.3048588850529,100.0
C001623,0.0,0,183.02858965237698,100.0
C001624,1.0,1,420.9116949401392,100.0
C001625,0.0,0,2016.4568550093475,100.0
C001626,0.0,0,0.0,10.520095615168652
C001627,0.0,0,369.27945513900283,100.0
C001628,0.0,0,982.9101033361717,100.0
C001629,1.0,1,325.2073963458926,100.0
C001630,1.0,1,496.0829692654255,100.0
C001631,0.0,0,1013.1725944947195,100.0
C001632,0.0,0,0.0,12.380491840110246
C001633,0.0,0,1033.3607043903744,100.0
C001634,0.0,0,427.7351978220935,100.0
C001635,0.0,0,2827.8533116883114,100.0
C001636,0.0,0,206.05142269993357,100.0
C001637,1.0,1,2833.92,100.0
C001638,0.0,0,352.5381092284855,100.0
C001639,1.0,1,0.0,13.428456463670777
C001640,1.0,1,1826.7873428314956,100.0
C001641,0.0,0,187.4783266746542,100.0
C001642,0.0,0,472.9361524918824,100.0
C001643,1.0,1,0.0,10.054870831511625
C001644,0.0,0,0.0,13.307366795454525
C001645,0.0,0,0.0,10.082585440290025
C001646,1.0,1,186.8412865493773,100.0
C001647,1.0,1,740.105571928954,100.0
C001648,0.0,0,0.0,10.875649675265135
C001649,0.0,0,1140.7417752843537,100.0
C001650,0.0,0,0.0,12.168139042045594
C001651,1.0,1,1212.449696823644,100.0
C001652,0.0,0,1061.9182559037188,100.0
C001653,1.0,1,1138.6053055870675,100.0
C001654,1.0,1,416.67089175849253,100.0
C001655,0.0,0,1836.999900567854,100.0
C001656,0.0,0,517.1359017443573,100.0
C001657,1.0,1,336.0989742446068,100.0
C001658,0.0,0,160.52602217011327,100.0
C001659,0.0,0,1000.9771102368848,100.0
C001660,0.0,0,2103.7996056457932,100.0
C001661,0.01,0,2778.78,100.0
C001662,0.0,0,200.1632756322255,100.0
C001663,1.0,1,2220.6123037831735,100.0
C001664,0.0,0,765.7757676479629,100.0
C001665,1.0,1,1142.339878452604,100.0
C001666,0.0,0,1998.0,100.0
C001667,0.0,0,810.9748009317835,100.0
C001668,0.0,0,349.01479540220396,100.0
C001669,0.0,0,1603.1127252589984,100.0
C001670,0.0,0,193.73151241070968,100.0
C001671,0.0,0,1009.503286167107,100.0
C001672,0.0,0,999.0,100.0
C001673,1.0,1,877.1345769930551,100.0
C001674,1.0,1,999.0,100.0
C001675,1.0,1,2115.3012652813,100.0
C001676,1.0,1,2116.36574817459,100.0
C001677,1.0,1,611.5321570782621,100.0
C001678,0.0,0,1738.9882575757574,100.0
C001679,0.0,0,806.0297482837528,100.0
C001680,0.0,0,999.0,100.0
C001681,0.0,0,1089.871753001087,100.0
C001682,1.0,1,1386.522934354083,100.0
C001683,0.0,0,487.20589381951606,100.0
C001684,0.0,0,185.97115734149023,100.0
C001685,1.0,1,2242.140061334197,100.0
C001686,0.0,0,424.82962584066684,100.0
C001687,0.0,0,1127.410016436157,100.0
C001688,1.0,1,1121.4543649082568,100.0
C001689,1.0,1,741.651720227147,100.0
C001690,1.0,1,999.0,100.0
C001691,0.0,0,2180.9434966072436,100.0
C001692,1.0,1,0.0,11.205841124512743
C001693,0.0,0,878.4958456691306,100.0
C001694,1.0,1,999.0,100.0
C001695,0.98,1,0.0,7.1857207145447175
C001696,1.0,1,460.4178993269343,100.0
C001697,1.0,1,0.0,8.814836768530988
C001698,1.0,1,324.5918988998026,100.0
C001699,0.99,1,1122.2777183697413,100.0
C001700,1.0,1,1096.318215692515,100.0
C001701,1.0,1,173.02433516636304,100.0
C001702,1.0,1,420.4863925758933,100.0
C001703,0.0,0,1116.698733601968,100.0
C001704,1.0,1,0.0,7.829988744937862
C001705,1.0,1,798.4086264033349,100.0
C001706,1.0,1,999.0,100.0
C001707,0.0,0,377.83426005513974,100.0
C001708,1.0,1,1086.0071197969892,100.0
C001709,0.0,0,1331.9016064684631,100.0
C001710,1.0,1,0.0,10.402736666666655
C001711,0.0,0,993.8028965943944,100.0
C001712,0.0,0,1308.2383678417332,100.0
C001713,1.0,1,1264.0361657928718,100.0
C001714,0.0,0,1499.202058262229,100.0
C001715,1.0,1,0.0,12.65769677746155
C001716,0.0,0,1096.9730964685941,100.0
C001717,0.0,0,2771.666666666666,100.0
C001718,0.0,0,297.17094723001173,100.0
C001719,1.0,1,1191.5259292929293,100.0
C001720,1.0,1,253.42636732410202,100.0
C001721,0.0,0,0.0,12.069906383997182
C001722,0.0,0,1009.1124207105089,100.0
C001723,0.0,0,200.38865238072677,100.0
C001724,1.0,1,200.55021027997472,100.0
C001725,1.0,1,1893.7220139847916,100.0
C001726,0.0,0,2641.0,100.0
C001727,0.0,0,469.95802881384765,100.0
C001728,0.0,0,1211.3734019761112,100.0
C001729,1.0,1,1684.290626003431,100.0
C001730,1.0,1,179.7608142907664,100.0
C001731,1.0,1,0.0,12.629363333333334
C001732,1.0,1,999.0,100.0
C001733,0.0,0,195.19895330750785,100.0
C001734,1.0,1,1339.6018595596513,100.0
C001735,0.0,0,213.58696116120237,100.0
C001736,1.0,1,2330.425,100.0
C001737,1.0,1,0.0,12.80596362845058
C001738,1.0,1,977.6712611368957,100.0
C001739,0.0,0,2051.394757585825,100.0
C001740,0.0,0,1972.841091881263,100.0
C001741,0.0,0,2117.4098719878066,100.0
C001742,1.0,1,375.5403821474127,100.0
C001743,0.0,0,920.7938525038358,100.0
C001744,0.0,0,0.0,9.564108228112133
C001745,1.0,1,1046.3530565596466,100.0
C001746,0.0,0,999.0,100.0
C001747,1.0,1,999.0,100.0
C001748,1.0,1,0.0,11.4620518880989
C001749,1.0,1,674.6433745074312,100.0
C001750,0.0,0,1315.7181932823128,100.0
C001751,1.0,1,999.0,100.0
C001752,0.0,0,221.6878474093273,100.0
C001753,0.0,0,1976.4326923489455,100.0
C001754,1.0,1,0.0,8.83289364801866
C001755,0.0,0,955.3490336641627,100.0
C001756,0.0,0,1113.4970831508579,100.0
C001757,0.0,0,484.4316759828174,100.0
C001758,0.0,0,320.90310079604734,100.0
C001759,0.0,0,1068.326215469269,100.0
C001760,0.0,0,999.0,100.0
C001761,0.0,0,492.9474672954997,100.0
C001762,1.0,1,2002.270000690853,100.0
C001763,1.0,1,999.0,100.0
C001764,1.0,1,1968.2627179725587,100.0
C001765,0.0,0,1998.0,100.0
C001766,1.0,1,1998.0,100.0
C001767,1.0,1,2038.127712531237,100.0
C001768,0.0,0,0.0,10.645321045195306
C001769,0.0,0,1009.4474612554311,100.0
C001770,1.0,1,1006.4339448134566,100.0
C001771,0.0,0,415.3555217390661,100.0
C001772,1.0,1,429.59102376757613,100.0
C001773,0.0,0,455.00970836487437,100.0
C001774,0.0,0,190.38467874676266,100.0
C001775,1.0,1,215.0216179333833,100.0
C001776,0.0,0,0.0,11.49379139281739
C001777,0.0,0,337.14554769717523,100.0
C001778,1.0,1,2201.738663786179,100.0
C001779,0.0,0,322.48372248321664,100.0
C001780,1.0,1,495.7615712951847,100.0
C001781,0.0,0,466.23815493803596,100.0
C001782,0.0,0,981.0683601776245,100.0
C001783,0.0,0,645.0225457370547,100.0
C001784,1.0,1,218.60540886968218,100.0
C001785,1.0,1,381.3811714336737,100.0
C001786,1.0,1,0.0,12.86163005952381
C001787,1.0,1,241.2263662078958,100.0
C001788,0.0,0,1140.6854231026432,100.0
C001789,0.0,0,1057.1859263274494,100.0
C001790,1.0,1,678.3515978624503,100.0
C001791,1.0,1,1071.6466542541255,100.0
C001792,1.0,1,1086.9362991969792,100.0
C001793,0.0,0,572.0778875064717,100.0
C001794,0.0,0,1107.399405575282,100.0
C001795,1.0,1,1092.6733666905288,100.0
C001796,0.0,0,1535.3129412993303,100.0
C001797,1.0,1,1288.6445499935708,100.0
C001798,1.0,1,867.6530085207341,100.0
C001799,0.0,0,777.5515368450356,100.0
C001800,0.0,0,1805.0228297523017,100.0
C001801,0.0,0,915.3362590294573,100.0
C001802,0.0,0,2180.0435897435896,100.0
C001803,0.0,0,470.8888888888889,100.0
C001804,0.0,0,218.7208702333798,100.0
C001805,1.0,1,1998.0,100.0
C001806,0.0,0,1083.8562530656213,100.0
C001807,0.0,0,815.1027034133709,100.0
C001808,0.0,0,1409.6880675873003,100.0
C001809,1.0,1,593.4578754423884,100.0
C001810,0.0,0,1155.4249131574495,100.0
C001811,0.0,0,1155.3854137106894,100.0
C001812,0.0,0,715.4666783197375,100.0
C001813,1.0,1,1109.3360818605072,100.0
C001814,1.0,1,2110.801991537404,100.0
C001815,0.0,0,3076.416666666667,100.0
C001816,0.0,0,522.5547244862273,100.0
C001817,0.0,0,1005.40156280277,100.0
C001818,1.0,1,0.0,9.707399774076505
C001819,0.0,0,397.0503360894629,100.0
C001820,0.0,0,1202.3820147313736,100.0
C001821,1.0,1,1195.1168454516517,100.0
C001822,1.0,1,821.816803430545,100.0
C001823,0.0,0,156.59074582396542,100.0
C001824,1.0,1,1023.778394938395,100.0
C001825,0.0,0,406.46858987627866,100.0
C001826,0.0,0,1150.956938356734,100.0
C001827,1.0,1,339.81685477858446,100.0
C001828,0.0,0,2191.348185055685,100.0
C001829,0.99,1,324.1132495255392,100.0
C001830,0.0,0,178.08918782476144,100.0
C001831,0.0,0,1184.9043181410595,100.0
C001832,0.0,0,867.5763725946291,100.0
C001833,1.0,1,1978.851567849362,100.0
C001834,0.0,0,179.4243334153438,100.0
C001835,1.0,1,1998.0,100.0
C001836,1.0,1,0.0,11.815188627534745
C001837,1.0,1,2164.640996417738,100.0
C001838,1.0,1,0.0,9.938962530201822
C001839,1.0,1,257.62672784280835,100.0
C001840,0.0,0,1249.223725051581,100.0
C001841,0.99,1,1035.2823277945247,100.0
C001842,1.0,1,2365.47,100.0
C001843,0.0,0,0.0,13.553055086124605
C001844,1.0,1,161.89913480057228,100.0
C001845,1.0,1,425.93013063321433,100.0
C001846,1.0,1,262.8929461518391,100.0
C001847,1.0,1,168.34961980662266,100.0
C001848,1.0,1,1635.2498209735813,100.0
C001849,0.97,1,1288.6445499935708,100.0
C001850,0.0,0,353.26118816791734,100.0
C001851,0.0,0,1487.97710479798,100.0
C001852,1.0,1,3008.916666666667,100.0
C001853,0.0,0,2097.788582943128,100.0
C001854,1.0,1,1252.7554342108986,100.0
C001855,0.0,0,1237.746895484266,100.0
C001856,0.0,0,999.0,100.0
C001857,0.0,0,0.0,14.231068208804741
C001858,1.0,1,341.23877624435386,100.0
C001859,1.0,1,999.0,100.0
C001860,0.0,0,883.0368915571945,100.0
C001861,1.0,1,1645.0218547231311,100.0
C001862,0.0,0,1998.0,100.0
C001863,0.0,0,1770.3382629658558,100.0
C001864,0.0,0,999.0,100.0
C001865,0.0,0,407.835401443847,100.0
C001866,1.0,1,1192.7153021153536,100.0
C001867,0.0,0,972.9381868965246,100.0
C001868,0.0,0,1119.95,100.0
C001869,1.0,1,919.4976631856681,100.0
C001870,0.0,0,350.24643299615985,100.0
C001871,0.0,0,207.2616027538059,100.0
C001872,0.98,1,999.0,100.0
C001873,0.0,0,1998.0,100.0
C001874,0.0,0,810.9080746870952,100.0
C001875,1.0,1,999.0,100.0
C001876,1.0,1,954.7466047526946,100.0
C001877,1.0,1,178.08918782476144,100.0
C001878,1.0,1,0.0,10.765574305994114
C001879,0.0,0,0.0,10.796952392924108
C001880,0.0,0,830.1720296929432,100.0
C001881,0.0,0,1316.2586649338243,100.0
C001882,0.0,0,327.48257478317475,100.0
C001883,1.0,1,1230.0624127808176,100.0
C001884,1.0,1,1292.5138412520419,100.0
C001885,1.0,1,1171.1001084718398,100.0
C001886,0.0,0,1079.5147784321105,100.0
C001887,0.0,0,1130.9141551589703,100.0
C001888,1.0,1,1009.4474612554311,100.0
C001889,0.0,0,418.1168431560794,100.0
C001890,0.0,0,449.76223104396615,100.0
C001891,0.0,0,331.6541739962135,100.0
C001892,0.0,0,1885.2435945857683,100.0
C001893,1.0,1,0.0,9.109148268398283
C001894,1.0,1,452.2112359666259,100.0
C001895,1.0,1,3051.0,100.0
C001896,0.0,0,999.0,100.0
C001897,0.0,0,139.61688250133366,100.0
C001898,1.0,1,896.5419423573913,100.0
C001899,0.0,0,1214.8839544111281,100.0
C001900,0.0,0,212.83992572154793,100.0
C001901,0.0,0,1171.3819805596304,100.0
C001902,0.0,0,1029.0833236489568,100.0
C001903,1.0,1,423.2238431259236,100.0
C001904,1.0,1,814.0253623188406,100.0
C001905,0.0,0,1311.428035002895,100.0
C001906,0.0,0,1223.583655881732,100.0
C001907,1.0,1,999.0,100.0
C001908,0.0,0,0.0,14.30569521455123
C001909,1.0,1,1046.6256570517005,100.0
C001910,0.0,0,0.0,12.66940092392902
C001911,1.0,1,300.75092842957423,100.0
C001912,1.0,1,189.77550146657347,100.0
C001913,1.0,1,356.2781380789059,100.0
C001914,1.0,1,816.373970058047,100.0
C001915,0.0,0,1072.8977906645514,100.0
C001916,0.0,0,224.3212049130556,100.0
C001917,1.0,1,503.0842992277241,100.0
C001918,0.0,0,999.0,100.0
C001919,1.0,1,1823.7375346875344,100.0
C001920,0.0,0,448.6809140004293,100.0
C001921,0.0,0,173.57588337403328,100.0
C001922,1.0,1,2009.0512541657545,100.0
C001923,1.0,1,777.5851604732638,100.0
C001924,0.0,0,169.21837373284347,100.0
C001925,0.0,0,959.4349132029306,100.0
C001926,0.0,0,0.0,8.965415446189423
C001927,1.0,1,171.45912058556533,100.0
C001928,1.0,1,940.7445083325255,100.0
C001929,0.0,0,943.0573822980091,100.0
C001930,0.0,0,545.5917889346031,100.0
C001931,1.0,1,641.7927083016248,100.0
C001932,0.0,0,0.0,12.927932065011019
C001933,1.0,1,1151.5227510857783,100.0
C001934,0.0,0,2031.3236551332413,100.0
C001935,0.0,0,0.0,11.163838883605367
C001936,0.0,0,1265.5927298080164,100.0
C001937,1.0,1,540.3513596943183,100.0
C001938,1.0,1,1129.489532377587,100.0
C001939,0.0,0,377.6709676088825,100.0
C001940,0.0,0,1964.4403425791475,100.0
C001941,0.0,0,1254.3510543219256,100.0
C001942,0.0,0,1279.7154226764358,100.0
C001943,0.0,0,327.8006249208614,100.0
C001944,1.0,1,1832.9809675899642,100.0
C001945,0.0,0,220.82281157543744,100.0
C001946,0.0,0,193.79508208333334,100.0
C001947,0.0,0,1241.0891865295303,100.0
C001948,0.0,0,154.0155683661036,100.0
C001949,0.0,0,289.85695666340825,100.0
C001950,0.0,0,1704.9421713096067,100.0
C001951,1.0,1,1078.5632910095217,100.0
C001952,0.0,0,2499.674433184519,100.0
C001953,0.0,0,792.0655674572137,100.0
C001954,0.0,0,712.8480742765097,100.0
C001955,0.0,0,549.4787436809224,100.0
C001956,0.0,0,1008.31761068956,100.0
C001957,1.0,1,148.26801095111364,100.0
C001958,1.0,1,518.1994658333621,100.0
C001959,1.0,1,0.0,14.174411305514836
C001960,0.0,0,201.302254225021,100.0
C001961,0.0,0,1642.9434690814396,100.0
C001962,1.0,1,1372.424087195904,100.0
C001963,1.0,1,999.0,100.0
C001964,0.0,0,2152.5467918635127,100.0
C001965,0.0,0,529.7685355719395,100.0
C001966,0.0,0,1631.3463942138258,100.0
C001967,0.0,0,1998.0,100.0
C001968,0.0,0,1998.0,100.0
C001969,0.0,0,376.45798959503117,100.0
C001970,0.0,0,227.76512471257763,100.0
C001971,0.0,0,354.36836951296436,100.0
C001972,0.0,0,1177.8666883844917,100.0
C001973,0.0,0,1173.924540083797,100.0
C001974,1.0,1,2044.526684617847,100.0
C001975,0.0,0,0.0,12.885026666666677
C001976,1.0,1,643.6858465171167,100.0
C001977,0.0,0,2170.345765064982,100.0
C001978,0.0,0,0.0,10.651732892067669
C001979,0.0,0,1283.3086577036502,100.0
C001980,0.0,0,965.1173492119565,100.0
C001981,0.0,0,341.45597371560484,100.0
C001982,0.0,0,184.93005387750233,100.0
C001983,1.0,1,1133.694381146949,100.0
C001984,1.0,1,1740.453641972656,100.0
C001985,0.0,0,0.0,8.022262503431218
C001986,0.0,0,0.0,9.82500251982193
C001987,0.0,0,0.0,9.645067134502924
C001988,1.0,1,999.0,100.0
C001989,1.0,1,2262.253590705696,100.0
C001990,0.0,0,999.0,100.0
C001991,0.0,0,408.7800515134067,100.0
C001992,0.0,0,965.2291352686665,100.0
C001993,0.0,0,384.6048612212398,100.0
C001994,0.0,0,225.3541526546031,100.0
C001995,0.0,0,588.9203140219904,100.0
C001996,1.0,1,0.0,13.531592898481644
C001997,0.0,0,379.6406593717181,100.0
C001998,0.0,0,0.0,9.842175722413305
C001999,1.0,1,1178.7750682789992,100.0
C002000,0.0,0,1408.8062585535756,100.0
C002001,1.0,1,205.70061685957094,100.0
C002002,1.0,1,1158.7728825811728,100.0
C002003,0.0,0,349.98636458122974,100.0
C002004,0.0,0,251.0,100.0
C002005,0.0,0,0.0,13.592351374733664
C002006,1.0,1,344.20756626079776,100.0
C002007,0.0,0,1124.6202394264456,100.0
C002008,0.0,0,0.0,11.990418973110222
C002009,0.0,0,962.102617325727,100.0
C002010,1.0,1,323.6050481916077,100.0
C002011,0.0,0,2912.494,100.0
C002012,0.0,0,1998.0,100.0
C002013,1.0,1,427.6506069176303,100.0
C002014,1.0,1,271.2982202524522,100.0
C002015,1.0,1,1661.0371533819564,100.0
C002016,1.0,1,2056.439695640448,100.0
C002017,0.0,0,999.0,100.0
C002018,0.0,0,980.1884069818182,100.0
C002019,1.0,1,1990.1650313114606,100.0
C002020,1.0,1,451.427778370478,100.0
C002021,0.0,0,1105.1193610418404,100.0
C002022,0.0,0,1998.0,100.0
C002023,1.0,1,1009.129759290345,100.0
C002024,0.0,0,356.1132746221502,100.0
C002025,1.0,1,418.98170539601216,100.0
C002026,0.0,0,476.4712575570085,100.0
C002027,0.0,0,1833.895911002114,100.0
C002028,0.0,0,1791.2356532420997,100.0
C002029,0.0,0,387.63933113082453,100.0
C002030,1.0,1,1708.443811306208,100.0
C002031,1.0,1,1178.089017120155,100.0
C002032,0.0,0,1121.4693611032278,100.0
C002033,1.0,1,446.7661734691007,100.0
C002034,0.0,0,999.0,100.0
C002035,0.0,0,971.7380102797622,100.0
C002036,1.0,1,340.7392901751173,100.0
C002037,1.0,1,472.78410716349254,100.0
C002038,0.0,0,0.0,9.708133487539573
C002039,0.0,0,2229.971864650594,100.0
C002040,1.0,1,1998.0,100.0
C002041,1.0,1,1472.3886056288216,100.0
C002042,1.0,1,190.41353996370154,100.0
C002043,0.0,0,745.8209751124263,100.0
C002044,1.0,1,1270.003237479194,100.0
C002045,1.0,1,0.0,9.71249765037593
C002046,0.0,0,0.0,9.484530107819511
C002047,0.0,0,1998.0,100.0
C002048,0.0,0,192.58489256147274,100.0
C002049,1.0,1,1881.9320810939184,100.0
C002050,0.0,0,945.3950075856753,100.0
C002051,0.0,0,159.8387582401189,100.0
C002052,0.0,0,1276.4586704173325,100.0
C002053,0.01,0,844.0907498844914,100.0
C002054,1.0,1,0.0,12.527211995007251
C002055,0.0,0,1437.2547412433573,100.0
C002056,0.0,0,0.0,12.01541335713353
C002057,0.0,0,136.58813385729997,100.0
C002058,0.0,0,202.5354955850809,100.0
C002059,1.0,1,1997.578368675758,100.0
C002060,1.0,1,800.1996691231866,100.0
C002061,1.0,1,829.5613073100754,100.0
C002062,0.0,0,0.0,8.779143614001551
C002063,0.0,0,2062.93387689687,100.0
C002064,1.0,1,1730.9917298123848,100.0
C002065,1.0,1,1667.7376150194634,100.0
C002066,0.0,0,184.20635906337282,100.0
C002067,1.0,1,1190.874750337274,100.0
C002068,1.0,1,404.715011987719,100.0
C002069,1.0,1,2104.600739546009,100.0
C002070,0.0,0,1044.7270173309753,100.0
C002071,0.9975,1,432.5642933261537,100.0
C002072,0.0,0,167.45917728885445,100.0
C002073,0.0,0,193.2443941298205,100.0
C002074,1.0,1,746.2189227400877,100.0
C002075,0.0,0,938.8862143602155,100.0
C002076,0.0,0,282.13892713723925,100.0
C002077,0.0,0,1908.2938645668955,100.0
C002078,0.0,0,1217.7805191054838,100.0
C002079,0.0,0,0.0,9.612810373580672
C002080,0.0,0,0.0,10.565111319562376
C002081,0.0,0,333.6339521946088,100.0
C002082,0.0,0,1541.2777127597062,100.0
C002083,1.0,1,669.8189492410415,100.0
C002084,1.0,1,1741.7031456206494,100.0
C002085,1.0,1,1011.9806581888047,100.0
C002086,1.0,1,1885.3964163563023,100.0
C002087,1.0,1,999.0,100.0
C002088,0.0,0,1276.5674585428815,100.0
C002089,1.0,1,0.0,12.589656924318376
C002090,0.0,0,427.7599348742847,100.0
C002091,0.0,0,1998.0,100.0
C002092,1.0,1,0.0,11.113588179620704
C002093,1.0,1,999.0,100.0
C002094,0.0,0,0.0,9.69442057197076
C002095,0.0,0,1200.6885794807945,100.0
C002096,1.0,1,1140.3546124039933,100.0
C002097,1.0,1,999.0,100.0
C002098,0.0,0,443.0297095668168,100.0
C002099,1.0,1,890.4942109575834,100.0
C002100,1.0,1,199.03580194437566,100.0
C002101,0.0,0,376.54071787897846,100.0
C002102,0.0,0,0.0,9.33839394149787
C002103,0.0,0,1144.5315222796178,100.0
C002104,1.0,1,493.3921968787514,100.0
C002105,0.0,0,0.0,10.345323801700022
C002106,1.0,1,999.0,100.0
C002107,0.0,0,191.44625657873507,100.0
C002108,0.0,0,198.73750710355853,100.0
C002109,1.0,1,1094.155096621112,100.0
C002110,0.0,0,2187.1201699762223,100.0
C002111,0.0,0,789.8761768551814,100.0
C002112,0.0,0,217.69409402362677,100.0
C002113,1.0,1,1194.2094550600311,100.0
C002114,0.0,0,0.0,10.519305993583544
C002115,0.0,0,2701.0,100.0
C002116,1.0,1,941.2447699914588,100.0
C002117,0.0,0,1070.7027356634733,100.0
C002118,1.0,1,764.6575110086585,100.0
C002119,0.0,0,0.0,11.759772193333253
C002120,0.0,0,0.0,9.116535738894395
C002121,0.0,0,1304.8275948633875,100.0
C002122,1.0,1,1998.0,100.0
C002123,1.0,1,213.44606898153452,100.0
C002124,0.0,0,0.0,10.316299747612199
C002125,0.0,0,990.4546798029558,100.0
C002126,0.0,0,331.7556968134057,100.0
C002127,1.0,1,0.0,11.81401692307692
C002128,0.0,0,806.3387883858422,100.0
C002129,0.0,0,1114.591256786255,100.0
C002130,0.0,0,1147.1011068630514,100.0
C002131,1.0,1,620.1699000597235,100.0
C002132,0.0,0,1070.2672823247863,100.0
C002133,0.0,0,1078.0303311593227,100.0
C002134,0.0,0,829.3837737018075,100.0
C002135,1.0,1,1762.270683398118,100.0
C002136,0.0,0,1116.3875143548275,100.0
C002137,1.0,1,1333.7689463135746,100.0
C002138,1.0,1,1204.698756971096,100.0
C002139,0.0,0,1209.5360591382093,100.0
C002140,1.0,1,1058.464665894016,100.0
C002141,0.0,0,1963.8773358341473,100.0
C002142,1.0,1,170.86528389304607,100.0
C002143,1.0,1,0.0,11.766669780967835
C002144,0.0,0,474.1421968787515,100.0
C002145,0.0,0,1096.4896118286563,100.0
C002146,0.0,0,1162.1067682677808,100.0
C002147,0.0,0,433.69144374608857,100.0
C002148,0.0,0,2661.0,100.0
C002149,0.0,0,1103.3563331847267,100.0
C002150,0.0,0,439.0045914617602,100.0
C002151,1.0,1,1419.0414484480452,100.0
C002152,0.0,0,378.68241601464155,100.0
C002153,1.0,1,858.9960286300143,100.0
C002154,0.0,0,1115.7877633085436,100.0
C002155,1.0,1,904.1216421105855,100.0
C002156,0.0,0,0.0,8.756566752149967
C002157,0.0,0,1229.773598029148,100.0
C002158,1.0,1,999.0,100.0
C002159,0.0,0,1635.873006378869,100.0
C002160,0.0,0,1277.852147506998,100.0
C002161,1.0,1,434.27434322413166,100.0
C002162,0.0,0,1158.6852383591186,100.0
C002163,0.0,0,0.0,14.35976593744607
C002164,1.0,1,1291.9068814491095,100.0
C002165,1.0,1,731.9807820495793,100.0
C002166,1.0,1,0.0,9.54412778902384
C002167,1.0,1,1841.7451303265668,100.0
C002168,1.0,1,505.54127966371925,100.0
C002169,0.0,0,0.0,11.32056325380791
C002170,1.0,1,0.0,13.481107032836404
C002171,0.99,1,456.8730982598213,100.0
C002172,1.0,1,0.0,13.020427510284007
C002173,1.0,1,1120.2909352606953,100.0
C002174,0.0,0,0.0,13.056672215612926
C002175,1.0,1,354.8761446277865,100.0
C002176,0.0,0,999.0,100.0
C002177,0.0,0,3048.916666666667,100.0
C002178,0.0,0,0.0,12.937448184666135
C002179,0.0,0,1470.205072892497,100.0
C002180,0.0,0,1107.6006324393793,100.0
C002181,0.0,0,999.0,100.0
C002182,0.0,0,286.26974701147265,100.0
C002183,1.0,1,450.52037003505575,100.0
C002184,1.0,1,348.9281700143811,100.0
C002185,0.0,0,143.8150714381118,100.0
C002186,1.0,1,212.83992572154793,100.0
C002187,0.0,0,1394.962061657382,100.0
C002188,0.0,0,961.3067077932287,100.0
C002189,1.0,1,1016.9059356854696,100.0
C002190,1.0,1,525.6448050170416,100.0
C002191,0.99,1,999.0,100.0
C002192,0.0,0,326.9821125290093,100.0
C002193,1.0,1,1059.160978925425,100.0
C002194,0.0,0,1148.2968114752266,100.0
C002195,0.0,0,0.0,15.201989971270573
C002196,0.0,0,1133.1503678962247,100.0
C002197,0.0,0,844.9258542771781,100.0
C002198,1.0,1,875.6077880070022,100.0
C002199,0.0,0,2848.4840000000004,100.0
C002200,1.0,1,1974.8382226454103,100.0
C002201,0.0,0,1767.4701697681924,100.0
C002202,1.0,1,328.1519518993314,100.0
C002203,0.0,0,0.0,8.282395407969629
C002204,0.0,0,914.3582848141643,100.0
C002205,0.0,0,387.1448948076484,100.0
C002206,0.0,0,316.36265659149717,100.0
C002207,0.0,0,189.77550146657347,100.0
C002208,0.0,0,617.5765380595965,100.0
C002209,1.0,1,1134.9426327687383,100.0
C002210,0.0,0,0.0,10.597362712698969
C002211,1.0,1,1922.315248553765,100.0
C002212,0.0,0,245.78628895646705,100.0
C002213,0.0,0,207.12668154140542,100.0
C002214,0.0,0,2707.0,100.0
C002215,0.003076923076923077,0,0.0,13.23592989486232
C002216,1.0,1,0.0,12.186965019492952
C002217,0.0,0,0.0,11.628723737373736
C002218,0.0,0,1271.3630889843596,100.0
C002219,1.0,1,0.0,11.331084523809528
C002220,1.0,1,615.9958231115426,100.0
C002221,1.0,1,0.0,8.43926666666665
C002222,0.0,0,0.0,12.714210133136433
C002223,1.0,1,2185.9474381022355,100.0
C002224,0.0,0,2070.034815153492,100.0
C002225,1.0,1,361.91948300533875,100.0
C002226,0.0,0,757.265639345866,100.0
C002227,1.0,1,447.07334805003103,100.0
C002228,0.0,0,233.35487308821186,100.0
C002229,0.0,0,1150.6142015595456,100.0
C002230,1.0,1,224.3212049130556,100.0
C002231,1.0,1,0.0,12.944191588441415
C002232,0.0,0,2085.8348292748624,100.0
C002233,1.0,1,154.0155683661036,100.0
C002234,0.0,0,178.5697229128067,100.0
C002235,0.0,0,1176.030293332345,100.0
C002236,0.0,0,198.40099049226737,100.0
C002237,1.0,1,1464.3158683594531,100.0
C002238,1.0,1,343.0733575367532,100.0
C002239,0.0,0,1905.0406231011557,100.0
C002240,0.0,0,1288.594902403652,100.0
C002241,1.0,1,2539.4788253968254,100.0
C002242,0.0,0,412.2900609080842,100.0
C002243,1.0,1,2125.7241597757647,100.0
C002244,0.0,0,207.6433264586045,100.0
C002245,1.0,1,375.8107750972591,100.0
C002246,0.0,0,467.45172068827526,100.0
C002247,1.0,1,318.32219076172254,100.0
C002248,1.0,1,0.0,11.322134420855404
C002249,0.0,0,0.0,8.338988688256183
C002250,1.0,1,334.97507384588454,100.0
C002251,1.0,1,1232.423281734701,100.0
C002252,0.0,0,739.919460190884,100.0
C002253,0.0,0,734.2091078938084,100.0
C002254,1.0,1,0.0,8.455643826453839
C002255,0.0,0,339.3227077294455,100.0
C002256,1.0,1,554.7429720446391,100.0
C002257,1.0,1,1051.481965746099,100.0
C002258,0.0,0,2144.6632849183293,100.0
C002259,0.0,0,320.9089710827938,100.0
C002260,0.0,0,610.5342694313441,100.0
C002261,0.0,0,999.0,100.0
C002262,0.0,0,999.0,100.0
C002263,0.0,0,884.0787413936207,100.0
C002264,0.0,0,321.47731823766753,100.0
C002265,1.0,1,225.09531183420947,100.0
C002266,0.0,0,1142.0129536787326,100.0
C002267,0.0,0,1119.2470212209414,100.0
C002268,0.0,0,743.9021722467976,100.0
C002269,1.0,1,0.0,11.798126101390372
C002270,0.0,0,2433.68,100.0
C002271,1.0,1,1204.9952400518123,100.0
C002272,0.0,0,540.0272588170915,100.0
C002273,0.0,0,1095.2983583615678,100.0
C002274,1.0,1,1676.5350876957004,100.0
C002275,0.0,0,1713.6978715198152,100.0
C002276,0.0,0,1096.6367581510674,100.0
C002277,1.0,1,0.0,9.89553130250796
C002278,0.0,0,1295.3755039288683,100.0
C002279,1.0,1,1828.7705218773658,100.0
C002280,1.0,1,1123.12326007326,100.0
C002281,0.0,0,919.4976631856681,100.0
C002282,1.0,1,1140.1871432972926,100.0
C002283,1.0,1,0.0,13.616024092774119
C002284,1.0,1,1063.7445044617496,100.0
C002285,0.0,0,1119.1648695513043,100.0
C002286,0.0,0,788.5146700351308,100.0
C002287,0.0,0,463.7921968787515,100.0
C002288,0.0,0,370.88428778645743,100.0
C002289,1.0,1,2221.727083333333,100.0
C002290,0.0,0,1952.3510528265167,100.0
C002291,0.0,0,0.0,14.48261462591576
C002292,0.0,0,1998.0,100.0
C002293,1.0,1,1004.0,100.0
C002294,0.0,0,2192.6186464646466,100.0
C002295,0.0,0,160.23282862494284,100.0
C002296,1.0,1,951.7566666245194,100.0
C002297,0.0,0,999.0,100.0
C002298,0.0,0,999.0,100.0
C002299,0.0,0,188.3459722785106,100.0
C002300,0.0,0,263.82891657593655,100.0
C002301,0.0,0,999.0,100.0
C002302,1.0,1,1767.553152419366,100.0
C002303,0.0,0,2740.99,100.0
C002304,0.0,0,1009.4324648713078,100.0
C002305,0.0,0,424.6248615622278,100.0
C002306,0.0,0,1998.0,100.0
C002307,0.0,0,1798.5142002197958,100.0
C002308,0.0,0,556.8508773477224,100.0
C002309,0.0,0,1082.182180944056,100.0
C002310,1.0,1,162.89513412875772,100.0
C002311,0.0,0,999.0,100.0
C002312,1.0,1,1286.0806203448383,100.0
C002313,0.0,0,0.0,9.557613496240617
C002314,0.0,0,1096.8663134264377,100.0
C002315,1.0,1,384.44479054813166,100.0
C002316,1.0,1,682.6105486966912,100.0
C002317,1.0,1,159.7157905457937,100.0
C002318,0.0,0,742.3442010548641,100.0
C002319,0.0,0,1998.0,100.0
C002320,0.0,0,377.85112108949585,100.0
C002321,0.0,0,930.1678140319735,100.0
C002322,1.0,1,503.94449014977306,100.0
C002323,1.0,1,159.15499317448655,100.0
C002324,0.0,0,1998.0,100.0
C002325,0.0,0,1112.3348337750679,100.0
C002326,1.0,1,2102.528093768188,100.0
C002327,0.0,0,2156.697476477087,100.0
C002328,1.0,1,580.8827576882289,100.0
C002329,1.0,1,0.0,12.43495204844006
C002330,1.0,1,915.2593738810446,100.0
C002331,0.0,0,1779.9939133325013,100.0
C002332,0.0,0,338.2723327025079,100.0
C002333,1.0,1,825.3208846388906,100.0
C002334,0.0,0,1069.3576380985326,100.0
C002335,0.0,0,0.0,11.10002428890526
C002336,0.0,0,0.0,11.417877368832144
C002337,0.0,0,1003.9811255411255,100.0
C002338,1.0,1,2026.251841924732,100.0
C002339,0.9975,1,410.7095350578248,100.0
C002340,0.0,0,1092.6733666905288,100.0
C002341,0.0,0,0.0,13.442911504394296
C002342,0.0,0,0.0,9.090046257309936
C002343,0.0,0,1118.3129437534851,100.0
C002344,0.0,0,618.1310150839136,100.0
C002345,1.0,1,212.54962429291845,100.0
C002346,0.0,0,2178.7733201200613,100.0
C002347,0.0,0,999.0,100.0
C002348,0.0,0,1859.63857640272,100.0
C002349,1.0,1,812.2592848419046,100.0
C002350,1.0,1,330.7907608828776,100.0
C002351,0.0,0,314.74248909600004,100.0
C002352,0.0,0,0.0,9.403308239576205
C002353,0.0075,0,389.47198583159263,100.0
C002354,1.0,1,427.11357530271425,100.0
C002355,0.0,0,1998.0,100.0
C002356,0.0,0,165.89377310739016,100.0
C002357,1.0,1,999.0,100.0
C002358,0.0,0,723.5972127304766,100.0
C002359,0.0,0,1156.2035082300392,100.0
C002360,0.0,0,2099.7308924311874,100.0
C002361,0.0,0,1502.55983982684,100.0
C002362,0.0,0,272.29632877713897,100.0
C002363,1.0,1,121.29865771812081,100.0
C002364,0.0,0,1056.2239094636734,100.0
C002365,1.0,1,777.6769716325849,100.0
C002366,0.0,0,169.46559715610928,100.0
C002367,1.0,1,161.09155537715156,100.0
C002368,0.0,0,251.65591619438143,100.0
C002369,0.0,0,0.0,12.86593992223307
C002370,0.0,0,930.343166520701,100.0
C002371,1.0,1,556.9671352853283,100.0
C002372,1.0,1,1562.2220392935715,100.0
C002373,0.0,0,1024.1806422597065,100.0
C002374,0.0,0,0.0,9.771444791373995
C002375,0.0,0,3030.385964912281,100.0
C002376,0.0,0,1065.1982744524544,100.0
C002377,0.0,0,1218.7080459463698,100.0
C002378,0.0,0,1303.272857142857,100.0
C002379,0.0,0,131.36459888833863,100.0
C002380,1.0,1,454.5399761129752,100.0
C002381,1.0,1,0.0,16.919950000000025
C002382,0.0,0,0.0,13.253438267862869
C002383,0.0,0,1049.5493374762648,100.0
C002384,1.0,1,1016.0,100.0
C002385,1.0,1,0.0,13.323504761904768
C002386,0.0,0,2019.0225493053943,100.0
C002387,0.0,0,1092.072521035355,100.0
C002388,0.0,0,2133.622730213878,100.0
C002389,0.0,0,0.0,13.306452238007822
C002390,1.0,1,755.7357830838903,100.0
C002391,1.0,1,1120.3179413459632,100.0
C002392,0.0,0,1206.3624199093124,100.0
C002393,0.0,0,1057.068272024635,100.0
C002394,1.0,1,3006.0,100.0
C002395,0.0,0,0.0,13.337055611759988
C002396,0.0,0,1206.1790447090386,100.0
C002397,0.0,0,219.9807350447975,100.0
C002398,0.0,0,1211.3286870843515,100.0
C002399,1.0,1,0.0,11.96068041380187
C002400,0.0,0,127.93333517109488,100.0
C002401,0.0,0,334.4987897571828,100.0
C002402,0.0,0,228.27123566082798,100.0
C002403,1.0,1,412.33727679843764,100.0
C002404,1.0,1,2997.0,100.0
C002405,0.0,0,227.9724133509889,100.0
C002406,0.0,0,227.8432606154047,100.0
C002407,1.0,1,1170.8321776276582,100.0
C002408,0.0,0,1665.3271739130435,100.0
C002409,0.0,0,1291.4335448752715,100.0
C002410,1.0,1,1100.1932221547195,100.0
C002411,1.0,1,130.18539598382097,100.0
C002412,0.0,0,2038.6500650657524,100.0
C002413,0.0,0,0.0,9.718372695204607
C002414,0.0,0,458.6738634040484,100.0
C002415,1.0,1,0.0,11.743341756152276
C002416,1.0,1,1438.7433184426127,100.0
C002417,0.0,0,2290.0,100.0
C002418,1.0,1,336.2532339743539,100.0
C002419,0.0,0,327.8846472025174,100.0
C002420,1.0,1,483.5574566190112,100.0
C002421,1.0,1,168.6663513616084,100.0
C002422,0.0,0,186.45137039805087,100.0
C002423,0.003076923076923077,0,0.0,13.981033538925628
C002424,0.0,0,2224.7553276206636,100.0
C002425,0.0,0,987.92,100.0
C002426,0.0,0,667.3692137940584,100.0
C002427,0.0,0,0.0,13.076929164075118
C002428,1.0,1,0.0,9.399860909090902
C002429,1.0,1,1364.7006417486698,100.0
C002430,0.0,0,0.0,13.124313181782254
C002431,0.0,0,1302.3976442244434,100.0
C002432,0.0,0,186.45137039805087,100.0
C002433,1.0,1,2452.13,100.0
C002434,1.0,1,784.8900662541658,100.0
C002435,0.0,0,2935.623025974026,100.0
C002436,0.99,1,0.0,10.824933134916762
C002437,0.0,0,1130.0,100.0
C002438,1.0,1,1250.2844558958147,100.0
C002439,1.0,1,1998.0,100.0
C002440,0.0,0,323.24542622603354,100.0
C002441,0.0,0,1077.2355033006932,100.0
C002442,1.0,1,1998.0,100.0
C002443,0.0,0,1762.0418039367216,100.0
C002444,0.0,0,1088.8512079789334,100.0
C002445,0.0,0,1998.0,100.0
C002446,1.0,1,232.74305413715643,100.0
C002447,1.0,1,2440.389,100.0
C002448,0.0,0,1815.8834662806094,100.0
C002449,0.0,0,1231.7993346651501,100.0
C002450,1.0,1,1974.1485860508844,100.0
C002451,1.0,1,2168.399229900465,100.0
C002452,1.0,1,1477.9169696969695,100.0
C002453,0.99,1,452.67826368246375,100.0
C002454,0.0,0,972.1319810281482,100.0
C002455,0.0,0,967.0736424573432,100.0
C002456,0.0,0,763.2160598305683,100.0
C002457,0.0,0,344.90629959866646,100.0
C002458,0.0,0,709.0190913315579,100.0
C002459,0.0,0,1237.3451130313047,100.0
C002460,1.0,1,791.7463698160701,100.0
C002461,1.0,1,1138.6560647925369,100.0
C002462,0.0,0,2227.6620014780538,100.0
C002463,0.0,0,487.73843292187854,100.0
C002464,0.0,0,731.3813984815807,100.0
C002465,1.0,1,1178.709753607632,100.0
C002466,1.0,1,0.0,9.551011631889853
C002467,0.0,0,0.0,10.962461515728673
C002468,1.0,1,238.55717848659845,100.0
C002469,1.0,1,0.0,11.85407087301587
C002470,0.0,0,1051.8908488760962,100.0
C002471,0.0,0,1292.0491982862216,100.0
C002472,0.0,0,1998.0,100.0
C002473,1.0,1,1064.3213847707402,100.0
C002474,0.0,0,397.32739146008703,100.0
C002475,1.0,1,2142.3998492057817,100.0
C002476,0.0,0,1492.325481578446,100.0
C002477,1.0,1,999.0,100.0
C002478,0.0,0,999.0,100.0
C002479,1.0,1,1248.7362579052806,100.0
C002480,0.0,0,139.61688250133366,100.0
C002481,1.0,1,1072.5459854032736,100.0
C002482,0.0,0,2997.0,100.0
C002483,0.0,0,612.7637986605926,100.0
C002484,1.0,1,501.32146891345946,100.0
C002485,0.0,0,378.10217165588256,100.0
C002486,0.0,0,1044.1778035127493,100.0
C002487,1.0,1,1066.1978358411743,100.0
C002488,1.0,1,1172.3489557179769,100.0
C002489,0.0,0,1404.8401152915699,100.0
C002490,1.0,1,0.0,12.345749875226945
C002491,1.0,1,1034.628621543575,100.0
C002492,1.0,1,2005.4,100.0
C002493,1.0,1,999.0,100.0
C002494,1.0,1,0.0,9.977180938599716
C002495,1.0,1,2111.0368924876693,100.0
C002496,0.0,0,2088.486722442756,100.0
C002497,0.99,1,1422.538761711723,100.0
C002498,0.0,0,999.0,100.0
C002499,0.0,0,0.0,12.491982027175613
C002500,0.0,0,2818.651857142857,100.0
C002501,0.0,0,2151.07736376358,100.0
C002502,0.0,0,819.0,100.0
C002503,1.0,1,906.0396495350668,100.0
C002504,0.0,0,1949.5321464646465,100.0
C002505,0.0,0,341.4051257348423,100.0
C002506,0.0,0,1286.8997944282964,100.0
C002507,0.0,0,999.0,100.0
C002508,0.0,0,0.0,13.83514284599742
C002509,1.0,1,376.8330246314322,100.0
C002510,0.0,0,2225.58815980316,100.0
C002511,0.0,0,1243.1001373540382,100.0
C002512,0.0,0,2038.69146057927,100.0
C002513,1.0,1,2076.065315060232,100.0
C002514,1.0,1,879.8245393431819,100.0
C002515,0.0,0,0.0,11.2910041571682
C002516,0.0,0,232.18525345633418,100.0
C002517,1.0,1,1435.1035186174902,100.0
C002518,0.0,0,611.06847505353,100.0
C002519,1.0,1,304.69927246421287,100.0
C002520,0.0,0,2857.052631578947,100.0
C002521,0.0,0,2225.7009301928656,100.0
C002522,1.0,1,586.8363784644719,100.0
C002523,1.0,1,610.6274315876889,100.0
C002524,0.0,0,735.2120311278176,100.0
C002525,1.0,1,2027.5700380346395,100.0
C002526,1.0,1,0.0,13.964831102590201
C002527,1.0,1,192.13728577758377,100.0
C002528,0.0,0,1879.6906030790424,100.0
C002529,0.0,0,178.03295622206264,100.0
C002530,0.0,0,0.0,10.812201100843595
C002531,1.0,1,351.6709625378644,100.0
C002532,1.0,1,999.0,100.0
C002533,0.0,0,2164.2479969656065,100.0
C002534,1.0,1,999.0,100.0
C002535,1.0,1,339.7957384845354,100.0
C002536,0.0,0,190.70502604339188,100.0
C002537,1.0,1,483.53167085538786,100.0
C002538,1.0,1,1118.5102382018,100.0
C002539,0.0,0,148.26801095111364,100.0
C002540,0.0,0,2125.8012979430437,100.0
C002541,1.0,1,1044.7085554400428,100.0
C002542,1.0,1,2739.666666666666,100.0
C002543,0.0,0,928.0101380137037,100.0
C002544,1.0,1,1124.3654103888748,100.0
C002545,0.0,0,2728.98,100.0
C002546,0.0,0,210.17871048653654,100.0
C002547,1.0,1,744.1585097379259,100.0
C002548,0.0,0,857.0,100.0
C002549,1.0,1,999.0,100.0
C002550,0.0,0,2027.147774607924,100.0
C002551,0.0,0,1118.8944402438758,100.0
C002552,0.0,0,357.79901193671657,100.0
C002553,1.0,1,220.191719866143,100.0
C002554,1.0,1,897.2353195181828,100.0
C002555,0.0,0,0.0,10.47870074698536
C002556,0.0,0,388.0078713900187,100.0
C002557,1.0,1,0.0,12.60443828540871
C002558,1.0,1,156.59074582396542,100.0
C002559,1.0,1,2942.885964912281,100.0
C002560,0.0,0,431.0184250658861,100.0
C002561,0.0,0,299.70588578766075,100.0
C002562,1.0,1,451.029974164158,100.0
C002563,0.0,0,2228.932970752151,100.0
C002564,1.0,1,2191.0855415880415,100.0
C002565,1.0,1,201.56884921829857,100.0
C002566,0.0,0,0.0,13.393198030165664
C002567,1.0,1,2997.0,100.0
C002568,0.0,0,1762.276575236207,100.0
C002569,0.0,0,2202.2140716813037,100.0
C002570,1.0,1,1141.014552989162,100.0
C002571,0.9930769230769231,1,0.0,11.366945289155922
C002572,0.0,0,2770.666666666666,100.0
C002573,1.0,1,142.4256453432456,100.0
C002574,0.0,0,843.834166982443,100.0
C002575,0.0,0,850.1740611400257,100.0
C002576,0.0,0,468.0286739386889,100.0
C002577,1.0,1,1215.2744638251681,100.0
C002578,0.0,0,233.39321148575974,100.0
C002579,1.0,1,194.99392496288343,100.0
C002580,0.0,0,1120.2753623188407,100.0
C002581,0.0,0,229.16137959887965,100.0
C002582,1.0,1,809.7011295856952,100.0
C002583,1.0,1,1110.8828949644426,100.0
C002584,0.0,0,876.6068116220986,100.0
C002585,1.0,1,1924.2692718971944,100.0
C002586,1.0,1,642.9378885531113,100.0
C002587,0.0,0,1829.5503052503052,100.0
C002588,0.01,0,327.04127063369083,100.0
C002589,0.0,0,939.3854566440257,100.0
C002590,1.0,1,440.5431342649426,100.0
C002591,0.0,0,2719.0,100.0
C002592,0.0,0,162.8816967664703,100.0
C002593,0.0,0,228.86190085708023,100.0
C002594,0.0,0,377.10980198119904,100.0
C002595,0.0,0,1798.527078250577,100.0
C002596,0.0,0,350.66926322263544,100.0
C002597,1.0,1,2265.0,100.0
C002598,0.0,0,441.30891214239017,100.0
C002599,0.0,0,2178.6078578172473,100.0
C002600,0.0,0,180.2665841391871,100.0
C002601,1.0,1,0.0,14.035013256354851
C002602,0.0,0,164.39711004030272,100.0
C002603,0.0,0,490.4917241571158,100.0
C002604,0.0,0,0.0,8.964769336163354
C002605,0.0,0,724.7201923645797,100.0
C002606,0.0,0,993.4871810563183,100.0
C002607,1.0,1,845.554488690441,100.0
C002608,0.0,0,294.13405710891294,100.0
C002609,0.0,0,2997.0,100.0
C002610,0.0,0,386.061155289554,100.0
C002611,0.0,0,1044.0721502825106,100.0
C002612,0.0,0,881.1357295828645,100.0
C002613,0.0,0,653.09,100.0
C002614,1.0,1,999.0,100.0
C002615,0.0,0,2084.7624525322854,100.0
C002616,1.0,1,1319.3493299005872,100.0
C002617,1.0,1,879.9907298108972,100.0
C002618,1.0,1,1158.0053067493172,100.0
C002619,0.0,0,1998.0,100.0
C002620,0.0,0,1029.4324376929876,100.0
C002621,1.0,1,2032.3929062904392,100.0
C002622,0.0,0,1011.3731272561241,100.0
C002623,1.0,1,2075.537074106788,100.0
C002624,1.0,1,1457.8679409179226,100.0
C002625,1.0,1,928.9082106313396,100.0
C002626,1.0,1,483.1167241571158,100.0
C002627,0.0,0,1006.3213009587623,100.0
C002628,0.0,0,2342.01,100.0
C002629,0.0,0,1186.5254312987192,100.0
C002630,0.0,0,0.0,11.952320695341706
C002631,1.0,1,1103.3724318009765,100.0
C002632,0.0,0,1091.7951988414798,100.0
C002633,1.0,1,680.2414941133075,100.0
C002634,0.0,0,164.98816629040797,100.0
C002635,1.0,1,999.0,100.0
C002636,1.0,1,351.672579760506,100.0
C002637,1.0,1,0.0,11.078061506271515
C002638,1.0,1,224.40956036950553,100.0
C002639,0.0,0,334.4807323116495,100.0
C002640,0.0,0,449.5822725041923,100.0
C002641,1.0,1,210.52927324526445,100.0
C002642,0.0,0,826.9549004412162,100.0
C002643,1.0,1,1226.4468419327372,100.0
C002644,0.0,0,408.94059300702577,100.0
C002645,0.0,0,1998.0,100.0
C002646,0.0,0,189.84517666577088,100.0
C002647,0.0,0,980.6632944235508,100.0
C002648,0.0,0,209.01933300452848,100.0
C002649,1.0,1,999.0,100.0
C002650,0.0,0,842.0461325575176,100.0
C002651,0.0,0,1290.4909901669196,100.0
C002652,1.0,1,756.0,100.0
C002653,0.0,0,1680.2000234487737,100.0
C002654,0.0,0,1107.3203171930138,100.0
C002655,0.0,0,2011.4814255237443,100.0
C002656,0.0,0,2945.88,100.0
C002657,0.0,0,1458.073870002546,100.0
C002658,0.0,0,999.0,100.0
C002659,0.0,0,1046.6140393266862,100.0
C002660,0.0,0,0.0,11.0489374645255
C002661,1.0,1,487.9884917609945,100.0
C002662,1.0,1,395.55555555555554,100.0
C002663,0.0,0,1163.1547612246097,100.0
C002664,0.0,0,147.80301927972744,100.0
C002665,0.0,0,1178.8485136238933,100.0
C002666,1.0,1,1412.8847794026005,100.0
C002667,1.0,1,1317.7631786844388,100.0
C002668,0.0,0,517.4788701126362,100.0
C002669,1.0,1,0.0,10.650943690476188
C002670,1.0,1,483.9820200572905,100.0
C002671,1.0,1,369.7871269081796,100.0
C002672,0.0,0,768.9096293969221,100.0
C002673,0.0,0,1214.087410052726,100.0
C002674,1.0,1,414.3045838353671,100.0
C002675,1.0,1,381.01600241581616,100.0
C002676,0.0,0,338.8606045974213,100.0
C002677,0.0,0,211.04425844303142,100.0
C002678,0.0,0,2653.7192982456136,100.0
C002679,1.0,1,1093.5627765426207,100.0
C002680,0.0,0,1448.0281701390675,100.0
C002681,0.0,0,154.11056465224087,100.0
C002682,0.0,0,208.22367619023782,100.0
C002683,0.0,0,1294.2621714732766,100.0
C002684,1.0,1,578.4816469038209,100.0
C002685,0.0,0,1828.5638382820368,100.0
C002686,0.0,0,502.6347368008335,100.0
C002687,1.0,1,851.8556138724692,100.0
C002688,0.0,0,2130.376811594203,100.0
C002689,0.0,0,2032.1397768505412,100.0
C002690,1.0,1,494.61124449779913,100.0
C002691,0.0,0,207.36656192180763,100.0
C002692,1.0,1,1096.318215692515,100.0
C002693,0.0,0,1236.548106335342,100.0
C002694,0.0,0,0.0,9.883335703889035
C002695,1.0,1,360.1633223401826,100.0
C002696,0.0,0,0.0,10.76601702065203
C002697,1.0,1,377.30550856331917,100.0
C002698,0.0,0,1904.5646616682998,100.0
C002699,1.0,1,0.0,14.179247916666666
C002700,1.0,1,1120.9092527575108,100.0
C002701,0.0,0,0.0,10.809722235495665
C002702,1.0,1,150.408303383595,100.0
C002703,1.0,1,1955.7037301587302,100.0
C002704,1.0,1,0.0,9.095576950826937
C002705,0.0,0,372.3316137676166,100.0
C002706,0.0,0,1115.6466502688318,100.0
C002707,1.0,1,0.0,11.402204999999986
C002708,0.0,0,143.92559873157379,100.0
C002709,0.0,0,0.0,12.022003743519923
C002710,0.0,0,193.5493241156606,100.0
C002711,0.0,0,968.261172521917,100.0
C002712,0.0,0,885.3541338053233,100.0
C002713,0.99,1,806.8617013528528,100.0
C002714,0.0,0,1161.5074398717595,100.0
C002715,0.0,0,0.0,12.81225307555458
C002716,1.0,1,1998.789064694599,100.0
C002717,0.0,0,221.02162400015644,100.0
C002718,0.0,0,247.17865339382774,100.0
C002719,0.0,0,0.0,8.902829125698858
C002720,0.0,0,441.7974048786278,100.0
C002721,0.0,0,891.9320940413704,100.0
C002722,1.0,1,1241.9975957446359,100.0
C002723,0.0,0,506.13210508656897,100.0
C002724,0.0,0,1465.59619830376,100.0
C002725,0.0,0,452.9749996951308,100.0
C002726,0.0,0,1962.9646377777028,100.0
C002727,1.0,1,1062.5138294477827,100.0
C002728,1.0,1,2201.4922174481853,100.0
C002729,1.0,1,1093.6676727973927,100.0
C002730,0.0,0,858.7343012536393,100.0
C002731,0.0,0,0.0,11.46239334051439
C002732,1.0,1,863.041848179445,100.0
C002733,0.0,0,0.0,11.270897840843334
C002734,0.0,0,523.029806988613,100.0
C002735,0.0,0,1129.1145075627926,100.0
C002736,0.0,0,147.80301927972744,100.0
C002737,1.0,1,2149.76014944818,100.0
C002738,0.0,0,368.6913213670189,100.0
C002739,1.0,1,978.0974079896913,100.0
C002740,1.0,1,999.0,100.0
C002741,1.0,1,964.0824686312469,100.0
C002742,0.0,0,0.0,11.305386860586104
C002743,0.0,0,1095.702782194287,100.0
C002744,0.0,0,817.8813539335283,100.0
C002745,1.0,1,211.04425844303142,100.0
C002746,1.0,1,0.0,13.584849177489167
C002747,0.0,0,0.0,11.028446055368695
C002748,1.0,1,124.47450507810818,100.0
C002749,0.0,0,2911.78373015873,100.0
C002750,1.0,1,155.9750401547974,100.0
C002751,0.0,0,329.1100330608255,100.0
C002752,1.0,1,0.0,12.404394285714297
C002753,1.0,1,1298.8922830146555,100.0
C002754,1.0,1,936.8298641112533,100.0
C002755,0.0,0,130.8428707242525,100.0
C002756,0.0,0,1930.8775010032714,100.0
C002757,0.0,0,327.5174527278704,100.0
C002758,0.0,0,0.0,17.749454166666652
C002759,0.0,0,1133.694381146949,100.0
C002760,0.0,0,177.2204585008989,100.0
C002761,0.0,0,2182.2660774613164,100.0
C002762,1.0,1,337.80037656129866,100.0
C002763,0.0,0,410.5060145895973,100.0
C002764,1.0,1,0.0,12.551843961509505
C002765,0.0,0,886.3833912956248,100.0
C002766,0.0,0,455.9246928314675,100.0
C002767,0.0,0,1985.651781796903,100.0
C002768,1.0,1,925.0616058597969,100.0
C002769,0.0,0,1394.6423338124755,100.0
C002770,0.0,0,465.2827829442642,100.0
C002771,0.0,0,0.0,10.319397765913314
C002772,0.0,0,336.92067963571776,100.0
C002773,0.0,0,1009.4474612554311,100.0
C002774,1.0,1,1998.0,100.0
C002775,0.0,0,1125.4807292471103,100.0
C002776,0.0,0,1983.2515586816914,100.0
C002777,0.0,0,342.48775317958183,100.0
C002778,0.0,0,411.7511535666174,100.0
C002779,1.0,1,1455.7466063348413,100.0
C002780,1.0,1,433.76976431518614,100.0
C002781,0.0,0,1060.167802992867,100.0
C002782,0.0,0,0.0,10.361420766871117
C002783,1.0,1,2068.64620929562,100.0
C002784,0.0,0,408.5841466047503,100.0
C002785,0.01,0,1111.5162702068533,100.0
C002786,0.0,0,1169.4653727066943,100.0
C002787,0.0,0,1070.2672823247863,100.0
C002788,1.0,1,1045.9645972703404,100.0
C002789,0.0,0,2767.666666666666,100.0
C002790,0.0,0,1138.6560647925369,100.0
C002791,0.0,0,844.4653541151426,100.0
C002792,0.0,0,999.0,100.0
C002793,0.0,0,1116.1345908309363,100.0
C002794,0.0,0,318.34750696890836,100.0
C002795,0.0,0,0.0,11.479035504201686
C002796,0.0,0,1836.941000220601,100.0
C002797,0.0,0,1398.1039002762257,100.0
C002798,0.0,0,158.76195629962464,100.0
C002799,1.0,1,734.5836939651459,100.0
C002800,0.0,0,1037.6869875877942,100.0
C002801,0.0,0,355.88138712380186,100.0
C002802,0.0,0,999.0,100.0
C002803,1.0,1,542.3738258760596,100.0
C002804,0.0,0,2078.055838207686,100.0
C002805,0.0,0,1758.4587287634567,100.0
C002806,0.0,0,0.0,11.602140717700431
C002807,1.0,1,1538.4685899834728,100.0
C002808,0.0,0,1998.0,100.0
C002809,0.0,0,1191.460009308766,100.0
C002810,1.0,1,2798.5016450216444,100.0
C002811,0.0,0,721.708411010063,100.0
C002812,0.0,0,149.4029512733454,100.0
C002813,1.0,1,568.2826230756536,100.0
C002814,1.0,1,0.0,16.203725238095252
C002815,0.0,0,1141.9812133918144,100.0
C002816,1.0,1,1120.1616666666666,100.0
C002817,0.0,0,816.0524111383368,100.0
C002818,1.0,1,2767.704,100.0
C002819,1.0,1,914.1192043667669,100.0
C002820,0.0,0,2137.693437297694,100.0
C002821,1.0,1,1333.7518461930229,100.0
C002822,0.0,0,437.90068675245084,100.0
C002823,1.0,1,360.0563359606751,100.0
C002824,1.0,1,1089.4417883969138,100.0
C002825,1.0,1,578.5555555555555,100.0
C002826,0.0,0,1998.0,100.0
C002827,0.0,0,0.0,11.150124867928675
C002828,0.0,0,0.0,10.899337187476275
C002829,0.003076923076923077,0,0.0,12.94347059536706
C002830,0.0,0,1573.215806096681,100.0
C002831,0.0,0,469.786294856256,100.0
C002832,0.0,0,417.53123495199014,100.0
C002833,0.0,0,1249.4353694593194,100.0
C002834,0.0,0,0.0,9.557177826617828
C002835,1.0,1,432.959804992997,100.0
C002836,0.0,0,488.3595938166176,100.0
C002837,0.0,0,1998.0,100.0
C002838,0.0,0,205.43696274538527,100.0
C002839,0.0,0,275.12671610101484,100.0
C002840,1.0,1,468.22160895550064,100.0
C002841,0.0,0,999.0,100.0
C002842,0.0,0,1460.0685266870696,100.0
C002843,1.0,1,471.98904526079554,100.0
C002844,1.0,1,427.2921238470595,100.0
C002845,0.0,0,345.9613671706614,100.0
C002846,1.0,1,0.0,11.317539794464796
C002847,0.0,0,822.3724536706766,100.0
C002848,0.0,0,2011.2150940608794,100.0
C002849,0.0,0,1998.0,100.0
C002850,1.0,1,2009.1333333333332,100.0
C002851,0.0,0,1924.3466769433812,100.0
C002852,0.0,0,2997.0,100.0
C002853,1.0,1,2171.286177333297,100.0
C002854,1.0,1,328.2720314025803,100.0
C002855,0.0,0,170.58620689655174,100.0
C002856,1.0,1,321.75516193909675,100.0
C002857,0.0,0,1078.8968998659436,100.0
C002858,0.0,0,0.0,13.482607961951405
C002859,1.0,1,196.56542942937745,100.0
C002860,1.0,1,405.46237581450436,100.0
C002861,1.0,1,1189.4035602917359,100.0
C002862,0.0,0,584.0393734098037,100.0
C002863,0.0,0,1201.8166459697165,100.0
C002864,1.0,1,1274.6639915860412,100.0
C002865,0.0,0,899.3670837168133,100.0
C002866,0.0,0,207.07203159576054,100.0
C002867,1.0,1,777.3266250972003,100.0
C002868,1.0,1,773.9536502448536,100.0
C002869,0.0,0,0.0,12.3774974085601
C002870,0.0,0,0.0,11.674228067100444
C002871,0.0,0,1361.8280936635215,100.0
C002872,0.0,0,0.0,16.74398345238093
C002873,0.01,0,1208.5873189103272,100.0
C002874,0.0,0,2697.0,100.0
C002875,1.0,1,375.0466485338322,100.0
C002876,0.0,0,200.0791768166264,100.0
C002877,0.0,0,668.3629643519013,100.0
C002878,0.0,0,365.0,100.0
C002879,1.0,1,314.15815198950463,100.0
C002880,1.0,1,575.9446389191628,100.0
C002881,0.0,0,331.5756407500562,100.0
C002882,0.0,0,958.5739438965845,100.0
C002883,0.0,0,406.3089477116973,100.0
C002884,0.0,0,838.1586873610081,100.0
C002885,0.0,0,1033.484277325765,100.0
C002886,0.99,1,2255.443140441543,100.0
C002887,1.0,1,0.0,10.015352429805908
C002888,0.0,0,442.41586941824573,100.0
C002889,0.0,0,1888.9395075865332,100.0
C002890,0.0,0,377.5120897504646,100.0
C002891,1.0,1,869.0519705059753,100.0
C002892,0.0,0,262.48934188127885,100.0
C002893,0.0,0,779.3142026652791,100.0
C002894,0.0,0,1231.992538912348,100.0
C002895,1.0,1,0.0,9.696664037575333
C002896,0.0,0,1974.36503052503,100.0
C002897,0.0,0,1726.8377238968483,100.0
C002898,1.0,1,813.271536001534,100.0
C002899,1.0,1,141.56367368425202,100.0
C002900,0.0,0,1103.0387006199298,100.0
C002901,0.0,0,431.59317158922664,100.0
C002902,1.0,1,949.8450640681814,100.0
C002903,0.0,0,985.6067665089774,100.0
C002904,0.0,0,190.70502604339188,100.0
C002905,0.0,0,999.0,100.0
C002906,1.0,1,225.09531183420947,100.0
C002907,0.0,0,555.0676452110649,100.0
C002908,0.0,0,374.34547801722204,100.0
C002909,0.0,0,178.25182756201758,100.0
C002910,1.0,1,249.87976734746425,100.0
C002911,0.0,0,758.7562466456797,100.0
C002912,0.0,0,1048.4821668047273,100.0
C002913,0.0,0,2086.675010697797,100.0
C002914,1.0,1,135.84211293204137,100.0
C002915,1.0,1,970.0054545348177,100.0
C002916,0.0,0,1998.0,100.0
C002917,0.0,0,526.4996707852517,100.0
C002918,0.0,0,2833.8,100.0
C002919,0.0,0,565.9893741816524,100.0
C002920,0.0,0,2737.74,100.0
C002921,0.0,0,0.0,11.158442920992243
C002922,1.0,1,2015.9632420059695,100.0
C002923,0.0,0,812.9142038214986,100.0
C002924,0.0,0,319.8524565577887,100.0
C002925,0.0,0,975.121325305449,100.0
C002926,0.0,0,1977.8284759271048,100.0
C002927,1.0,1,504.83242189305895,100.0
C002928,1.0,1,0.0,9.649891383597883
C002929,0.0,0,0.0,12.670316161223035
C002930,1.0,1,1172.7511413182658,100.0
C002931,0.0,0,331.6990105502584,100.0
C002932,0.0,0,0.0,15.46084505355754
C002933,0.0,0,312.4026440658814,100.0
C002934,0.0,0,0.0,9.338495814943995
C002935,1.0,1,444.92995068273035,100.0
C002936,0.0,0,211.02989613363897,100.0
C002937,1.0,1,1149.0144807281904,100.0
C002938,1.0,1,836.807438797977,100.0
C002939,1.0,1,375.6863578066181,100.0
C002940,1.0,1,1998.0,100.0
C002941,0.0,0,999.0,100.0
C002942,0.0,0,311.869549521321,100.0
C002943,0.0,0,836.7965966074786,100.0
C002944,0.98,1,789.843843265053,100.0
C002945,0.0,0,462.7043743728575,100.0
C002946,0.0,0,1034.5647293593327,100.0
C002947,0.0,0,914.3492063492064,100.0
C002948,1.0,1,0.0,8.184288371144978
C002949,0.0,0,1052.372113815728,100.0
C002950,0.0,0,1918.7275508482799,100.0
C002951,1.0,1,854.5441820417851,100.0
C002952,0.0,0,163.65057532609143,100.0
C002953,0.0,0,206.49900364674704,100.0
C002954,0.0,0,2611.0,100.0
C002955,0.0,0,207.2616027538059,100.0
C002956,0.0,0,1998.0,100.0
C002957,0.0,0,230.99115163892915,100.0
C002958,1.0,1,1114.0412379999962,100.0
C002959,0.0,0,1116.2602418753395,100.0
C002960,0.0,0,209.9006817369093,100.0
C002961,0.0,0,1049.8026587734516,100.0
C002962,0.0,0,1860.0295272242272,100.0
C002963,0.0,0,735.2990581052801,100.0
C002964,1.0,1,591.7972028129473,100.0
C002965,0.0,0,977.8769785391845,100.0
C002966,0.0,0,208.66075508834652,100.0
C002967,1.0,1,1198.1344099378882,100.0
C002968,1.0,1,493.70241887961294,100.0
C002969,0.0,0,302.6105978408002,100.0
C002970,0.0,0,409.77956057616836,100.0
C002971,1.0,1,1072.1494415514908,100.0
C002972,1.0,1,754.3546096204487,100.0
C002973,0.0,0,348.1341427970407,100.0
C002974,0.0,0,1246.4530100890129,100.0
C002975,0.0,0,999.0,100.0
C002976,1.0,1,225.67968519435232,100.0
C002977,0.0,0,396.7933034209802,100.0
C002978,0.0,0,2035.5094066817023,100.0
C002979,0.0,0,999.0,100.0
C002980,1.0,1,999.0,100.0
C002981,0.0,0,323.8584346750177,100.0
C002982,0.0,0,0.0,11.005394682540897
C002983,1.0,1,1011.6598392901024,100.0
C002984,0.0,0,0.0,10.985046141566773
C002985,0.0,0,0.0,14.334840369438554
C002986,1.0,1,879.393455648099,100.0
C002987,0.0,0,993.2792120479352,100.0
C002988,1.0,1,1173.0253562525672,100.0
C002989,1.0,1,391.5739198158754,100.0
C002990,0.0,0,0.0,12.48946462784864
C002991,0.0,0,768.8061311416798,100.0
C002992,1.0,1,0.0,10.863652189069414
C002993,0.01,0,400.7140865193047,100.0
C002994,1.0,1,147.80301927972744,100.0
C002995,0.0,0,2721.0,100.0
C002996,1.0,1,0.0,10.317617903630042
C002997,1.0,1,999.0,100.0
C002998,0.0,0,435.0288226938516,100.0
C002999,1.0,1,2043.4040937016116,100.0
C003000,0.0,0,501.11241537109726,100.0
C003001,1.0,1,0.0,10.739753142519811
C003002,0.0,0,0.0,12.573251615647989
C003003,1.0,1,179.76332404156858,100.0
C003004,1.0,1,1943.8347906503654,100.0
C003005,0.0,0,1409.3508980072222,100.0
C003006,0.0,0,335.4799735145736,100.0
C003007,0.0,0,0.0,13.95093755758174
C003008,0.0,0,0.0,9.653846056156803
C003009,0.0,0,166.12562623014145,100.0
C003010,0.0,0,2030.0897636159893,100.0
C003011,1.0,1,524.898046451345,100.0
C003012,1.0,1,1194.4177956641443,100.0
C003013,1.0,1,1174.6497750347382,100.0
C003014,0.0,0,468.46652161737006,100.0
C003015,0.0,0,398.32919559672354,100.0
C003016,1.0,1,1015.7612237190342,100.0
C003017,0.0,0,1470.8758237678214,100.0
C003018,1.0,1,0.0,11.827138698395082
C003019,0.0,0,887.8959322326938,100.0
C003020,0.0,0,448.4073314851888,100.0
C003021,1.0,1,1120.0672191600906,100.0
C003022,1.0,1,864.6397248417628,100.0
C003023,0.0,0,954.0918912469247,100.0
C003024,0.0,0,521.101305420724,100.0
C003025,0.0,0,1998.0,100.0
C003026,0.0,0,1178.856485819991,100.0
C003027,1.0,1,491.7868140450903,100.0
C003028,0.0,0,2132.4370015249956,100.0
C003029,0.0,0,1983.6452715095863,100.0
C003030,1.0,1,999.0,100.0
C003031,0.99,1,625.4435506593193,100.0
C003032,1.0,1,407.2039266176281,100.0
C003033,0.0,0,337.9806141373785,100.0
C003034,0.0,0,1299.4015406420904,100.0
C003035,0.0,0,574.5243887610034,100.0
C003036,0.0,0,1399.9344929348729,100.0
C003037,1.0,1,2631.0,100.0
C003038,0.0,0,444.1721596349591,100.0
C003039,1.0,1,421.0897863888002,100.0
C003040,0.0,0,0.0,11.718805758291058
C003041,0.0,0,1880.3403537886034,100.0
C003042,0.0,0,869.5428509733669,100.0
C003043,0.0,0,1300.2266497836526,100.0
C003044,1.0,1,0.0,11.722465246917254
C003045,1.0,1,2104.853736263736,100.0
C003046,0.0,0,218.20747618634726,100.0
C003047,1.0,1,969.817167814132,100.0
C003048,0.0,0,412.4929303100252,100.0
C003049,1.0,1,2731.0,100.0
C003050,0.0,0,1167.6109461675683,100.0
C003051,1.0,1,303.64541161999045,100.0
C003052,1.0,1,0.0,9.93242887343048
C003053,0.0,0,1134.8292041956672,100.0
C003054,1.0,1,1685.177613118387,100.0
C003055,0.99,1,2626.0,100.0
C003056,0.0,0,1970.5462447136201,100.0
C003057,1.0,1,1998.0,100.0
C003058,1.0,1,2182.9775206044965,100.0
C003059,1.0,1,419.40094722817156,100.0
C003060,1.0,1,1623.5745604533295,100.0
C003061,0.0,0,1293.2379759925707,100.0
C003062,1.0,1,160.84155327380356,100.0
C003063,0.0,0,0.0,9.107422157003029
C003064,0.0,0,0.0,12.115734892874073
C003065,0.0,0,413.5901883627349,100.0
C003066,0.0,0,0.0,11.41323675687273
C003067,0.0,0,416.28895247146926,100.0
C003068,0.0,0,0.0,13.185322545405866
C003069,1.0,1,2012.8240428675456,100.0
C003070,1.0,1,999.0,100.0
C003071,0.0,0,999.0,100.0
C003072,0.0,0,2030.0579263787106,100.0
C003073,1.0,1,2816.4566666666665,100.0
C003074,0.01,0,399.760501222884,100.0
C003075,0.0,0,452.5475100865859,100.0
C003076,0.0,0,214.3662000834404,100.0
C003077,1.0,1,1134.0808566199566,100.0
C003078,0.0,0,2108.133902116402,100.0
C003079,1.0,1,350.0085294976704,100.0
C003080,0.0,0,322.13986765482576,100.0
C003081,1.0,1,475.6617647058824,100.0
C003082,1.0,1,1206.7649102074395,100.0
C003083,0.0,0,999.0,100.0
C003084,0.0,0,840.1494437696527,100.0
C003085,1.0,1,512.97,100.0
C003086,1.0,1,2275.0140580548423,100.0
C003087,1.0,1,726.7971686888604,100.0
C003088,0.0,0,2083.970845280818,100.0
C003089,1.0,1,0.0,12.033394329530195
C003090,0.0,0,2086.2083407671826,100.0
C003091,1.0,1,322.23893525615426,100.0
C003092,0.0,0,470.6798110792076,100.0
C003093,0.0,0,331.9743177954826,100.0
C003094,0.0,0,1101.2728634658583,100.0
C003095,1.0,1,2036.2407355175037,100.0
C003096,1.0,1,1018.9536434255809,100.0
C003097,0.0,0,1337.1860779465871,100.0
C003098,0.0,0,0.0,8.294394052636141
C003099,1.0,1,1293.1658277023673,100.0
C003100,0.0,0,372.87049166249386,100.0
C003101,1.0,1,255.50109041631367,100.0
C003102,1.0,1,341.3552508581131,100.0
C003103,0.0,0,0.0,11.620040765021564
C003104,0.0,0,1141.5360610568566,100.0
C003105,1.0,1,900.1112251224993,100.0
C003106,1.0,1,1150.0537092076668,100.0
C003107,1.0,1,832.650574868167,100.0
C003108,1.0,1,0.0,12.45455003285457
C003109,0.0,0,999.0,100.0
C003110,1.0,1,0.0,15.69027500000001
C003111,0.0,0,1958.3219440853263,100.0
C003112,0.0,0,467.81476171322333,100.0
C003113,0.0,0,1119.2470212209414,100.0
C003114,1.0,1,0.0,11.533800778388274
C003115,0.0,0,999.0,100.0
C003116,1.0,1,410.7896286664421,100.0
C003117,0.0,0,367.3303840706329,100.0
C003118,0.0,0,0.0,11.779149091333407
C003119,0.0,0,1212.8137591819684,100.0
C003120,1.0,1,434.90168443058326,100.0
C003121,0.0,0,201.0184792804865,100.0
C003122,0.0,0,2039.7874025974027,100.0
C003123,0.0,0,1526.5081246161335,100.0
C003124,1.0,1,1974.6231117367888,100.0
C003125,1.0,1,999.0,100.0
C003126,0.003076923076923077,0,0.0,10.517976811956164
C003127,0.0,0,1100.0021079476378,100.0
C003128,1.0,1,247.27154350940145,100.0
C003129,0.0,0,403.0383546040519,100.0
C003130,1.0,1,146.63336285577677,100.0
C003131,1.0,1,1097.2345017748862,100.0
C003132,0.0,0,1628.4961910117609,100.0
C003133,0.0,0,194.2221909633918,100.0
C003134,0.0,0,365.9772891738456,100.0
C003135,0.0,0,1165.642529270946,100.0
C003136,1.0,1,376.7905461416232,100.0
C003137,0.0,0,961.5059735015992,100.0
C003138,0.0,0,1157.2748008270357,100.0
C003139,0.0,0,450.5885659318514,100.0
C003140,1.0,1,0.0,8.436603347900256
C003141,1.0,1,1329.2419257065674,100.0
C003142,0.0,0,730.2220243773185,100.0
C003143,1.0,1,2485.216751282051,100.0
C003144,0.0,0,2918.905,100.0
C003145,0.0,0,1583.5355237021201,100.0
C003146,0.0,0,1058.5579998529847,100.0
C003147,0.0,0,897.190405252954,100.0
C003148,1.0,1,1998.0,100.0
C003149,1.0,1,0.0,11.93704250000001
C003150,1.0,1,437.53676857154596,100.0
C003151,1.0,1,0.0,14.791894826747647
C003152,1.0,1,1126.9786612103799,100.0
C003153,0.0,0,384.2988105124481,100.0
C003154,0.9830769230769231,1,0.0,14.310600000000012
C003155,1.0,1,1112.1675431953256,100.0
C003156,0.0,0,1093.9899908276807,100.0
C003157,1.0,1,327.3244912908044,100.0
C003158,1.0,1,1295.5251840796902,100.0
C003159,0.0,0,440.93745978952865,100.0
C003160,1.0,1,517.1644131104599,100.0
C003161,0.0,0,2148.3772066347915,100.0
C003162,0.0,0,382.7212995515432,100.0
C003163,0.0,0,0.0,11.513484017499263
C003164,1.0,1,703.6358675991106,100.0
C003165,1.0,1,216.66025153219448,100.0
C003166,0.0,0,890.4505789112432,100.0
C003167,1.0,1,184.2095864299689,100.0
C003168,1.0,1,0.0,10.839570775058274
C003169,0.0,0,830.8694410126873,100.0
C003170,0.99,1,495.7501467172034,100.0
C003171,0.0,0,1790.1231684431064,100.0
C003172,1.0,1,1993.1557575757577,100.0
C003173,1.0,1,0.0,10.043084956709952
C003174,0.0,0,0.0,13.487089828581002
C003175,0.0,0,268.4527594287947,100.0
C003176,1.0,1,1037.564473735641,100.0
C003177,1.0,1,451.6290328171903,100.0
C003178,1.0,1,1166.909260514006,100.0
C003179,1.0,1,1054.6844227787656,100.0
C003180,0.0,0,560.2324386366868,100.0
C003181,0.0,0,495.0,100.0
C003182,1.0,1,1416.2571128307784,100.0
C003183,0.0,0,1222.6869878922935,100.0
C003184,1.0,1,2881.0,100.0
C003185,0.0,0,1094.9199417124491,100.0
C003186,1.0,1,1117.0421143535552,100.0
C003187,1.0,1,2739.919695071011,100.0
C003188,1.0,1,1200.0,100.0
C003189,0.99,1,0.0,8.066905484126977
C003190,0.0,0,999.0,100.0
C003191,0.0,0,228.52518643622622,100.0
C003192,0.0,0,1548.270963249306,100.0
C003193,1.0,1,0.0,13.009380952380965
C003194,0.0,0,164.98816629040797,100.0
C003195,0.0,0,479.9194828917898,100.0
C003196,0.0,0,2445.53,100.0
C003197,0.0,0,1654.831058129687,100.0
C003198,0.0,0,2227.908700461522,100.0
C003199,1.0,1,999.0,100.0
C003200,0.0,0,0.0,13.500539541185224
C003201,0.0,0,0.0,10.53881033244088
C003202,0.0,0,1900.44128968254,100.0
C003203,1.0,1,375.5260183195732,100.0
C003204,1.0,1,477.4774180931381,100.0
C003205,1.0,1,1141.1136458574513,100.0
C003206,1.0,1,2927.885964912281,100.0
C003207,1.0,1,1042.919032663454,100.0
C003208,0.0,0,339.9107868171066,100.0
C003209,0.0,0,402.7743192333593,100.0
C003210,0.0,0,1243.213686233173,100.0
C003211,1.0,1,0.0,8.580671428571428
C003212,0.0,0,420.5696535882606,100.0
C003213,0.0,0,1998.0,100.0
C003214,1.0,1,2020.9709757236228,100.0
C003215,0.0,0,373.84952990471635,100.0
C003216,0.0,0,198.40099049226737,100.0
C003217,1.0,1,522.0994636521875,100.0
C003218,0.0,0,1180.063237525265,100.0
C003219,1.0,1,2183.5469362410845,100.0
C003220,0.0,0,345.9303685601923,100.0
C003221,0.0,0,0.0,11.019917190476205
C003222,0.0,0,1134.5808245810058,100.0
C003223,0.0,0,0.0,9.290881844791775
C003224,0.0,0,613.787834132291,100.0
C003225,0.0,0,1336.8019191945307,100.0
C003226,1.0,1,358.43205247897663,100.0
C003227,0.0,0,2944.91,100.0
C003228,1.0,1,1136.9481422614272,100.0
C003229,1.0,1,192.1754653915374,100.0
C003230,1.0,1,1928.3944607478008,100.0
C003231,0.0,0,0.0,13.968527573114214
C003232,0.0,0,409.97416514018596,100.0
C003233,0.0,0,1066.5224155832063,100.0
C003234,1.0,1,1049.4353464561236,100.0
C003235,0.0,0,344.7141214649322,100.0
C003236,1.0,1,366.7639012446268,100.0
C003237,1.0,1,1037.7516504156206,100.0
C003238,1.0,1,1757.610244638464,100.0
C003239,0.0,0,958.7689602910519,100.0
C003240,1.0,1,347.19930610935546,100.0
C003241,0.0,0,492.5556889422436,100.0
C003242,0.0,0,214.1210073359566,100.0
C003243,1.0,1,2924.333333333334,100.0
C003244,1.0,1,0.0,12.196951584406852
C003245,1.0,1,213.06311363138045,100.0
C003246,0.0,0,195.3449672266174,100.0
C003247,0.0,0,2179.298326737188,100.0
C003248,0.0,0,0.0,10.890706925193125
C003249,0.0,0,937.7227619009007,100.0
C003250,1.0,1,1140.476034354482,100.0
C003251,1.0,1,999.0,100.0
C003252,0.0,0,1861.1404943981595,100.0
C003253,0.0,0,1033.8077940144865,100.0
C003254,0.0,0,1774.9064681449029,100.0
C003255,0.0,0,407.1069564122172,100.0
C003256,1.0,1,0.0,13.461036345011069
C003257,0.0,0,1429.5612334950772,100.0
C003258,0.0,0,1558.913602185347,100.0
C003259,1.0,1,1698.012597931847,100.0
C003260,0.0,0,1148.2968114752266,100.0
C003261,1.0,1,873.8972164874656,100.0
C003262,0.0,0,1258.0,100.0
C003263,0.0,0,1049.470481137185,100.0
C003264,0.0,0,1049.5493374762648,100.0
C003265,0.0,0,124.66784970026146,100.0
C003266,0.0,0,2160.435099397346,100.0
C003267,0.0,0,1170.2804438653686,100.0
C003268,0.0,0,0.0,14.968713373440297
C003269,0.0,0,0.0,13.140602603866725
C003270,0.0,0,303.0075252988551,100.0
C003271,1.0,1,923.9718944111281,100.0
C003272,0.0,0,0.0,14.560160930735936
C003273,1.0,1,1059.4690741594857,100.0
C003274,1.0,1,0.0,13.89844526714513
C003275,0.0,0,340.53199421917554,100.0
C003276,0.0,0,802.1353101976946,100.0
C003277,0.0,0,341.6235569067458,100.0
C003278,1.0,1,1141.9812133918144,100.0
C003279,1.0,1,472.2777777777778,100.0
C003280,0.99,1,1137.2953480928095,100.0
C003281,0.0,0,848.8538676997397,100.0
C003282,0.0,0,999.0,100.0
C003283,0.0,0,2825.978025974026,100.0
C003284,1.0,1,1235.251212738569,100.0
C003285,1.0,1,0.0,10.560467957032746
C003286,1.0,1,0.0,10.554578214285709
C003287,0.0,0,425.34318251503277,100.0
C003288,0.0,0,399.2728650909206,100.0
C003289,1.0,1,1910.2273271687322,100.0
C003290,0.0,0,489.9780411955692,100.0
C003291,0.0,0,386.24258094363825,100.0
C003292,0.0,0,2432.62,100.0
C003293,1.0,1,1033.0992263382789,100.0
C003294,0.0,0,1871.605405737282,100.0
C003295,1.0,1,0.0,13.498485310559001
C003296,0.0,0,263.56904498238305,100.0
C003297,1.0,1,0.0,9.04917603342952
C003298,1.0,1,285.5286798939858,100.0
C003299,0.0,0,1758.231764232222,100.0
C003300,0.0,0,1141.862789618768,100.0
C003301,0.0,0,822.7836077868229,100.0
C003302,0.0,0,1248.2233833472792,100.0
C003303,0.0,0,1657.9373187120823,100.0
C003304,1.0,1,370.3650174605068,100.0
C003305,0.0,0,0.0,11.013742969778752
C003306,0.0,0,2926.0,100.0
C003307,0.0,0,1107.8895809125656,100.0
C003308,0.0,0,181.2986577181208,100.0
C003309,1.0,1,193.45037579142306,100.0
C003310,0.0,0,977.943329324402,100.0
C003311,0.0,0,652.7984039635653,100.0
C003312,1.0,1,186.05465081501697,100.0
C003313,0.0,0,337.9344981715161,100.0
C003314,0.0,0,0.0,9.850799607868872
C003315,0.99,1,872.4862380352184,100.0
C003316,0.0,0,999.0,100.0
C003317,0.0,0,1053.5047441709796,100.0
C003318,1.0,1,0.0,12.412693367028615
C003319,0.99,1,0.0,15.76550000000002
C003320,1.0,1,1120.0192063492063,100.0
C003321,0.0,0,466.1504142277166,100.0
C003322,1.0,1,1248.7992454093878,100.0
C003323,0.0,0,999.0,100.0
C003324,0.0,0,967.5784945934747,100.0
C003325,1.0,1,1409.4784010106282,100.0
C003326,1.0,1,1117.6774267397632,100.0
C003327,0.0,0,0.0,10.937889160045843
C003328,1.0,1,1177.0235457865535,100.0
C003329,1.0,1,0.0,16.219211568061542
C003330,0.0,0,984.9067460317461,100.0
C003331,0.0,0,215.39672635169086,100.0
C003332,1.0,1,0.0,12.63979444444444
C003333,1.0,1,416.2681569279064,100.0
C003334,0.0,0,495.34391534391534,100.0
C003335,0.0,0,999.0,100.0
C003336,1.0,1,1292.3447817460317,100.0
C003337,0.0,0,580.8093887022521,100.0
C003338,1.0,1,459.5723911844757,100.0
C003339,0.01,0,363.18263157954675,100.0
C003340,1.0,1,1059.9631179472226,100.0
C003341,0.0,0,0.0,13.728006883055958
C003342,0.0,0,1979.5365553339786,100.0
C003343,0.0,0,235.8911542252256,100.0
C003344,0.0,0,0.0,8.702971732295486
C003345,0.0,0,1022.1174875332661,100.0
C003346,0.0,0,293.88870269515434,100.0
C003347,1.0,1,327.21640190851855,100.0
C003348,0.0,0,517.420307176866,100.0
C003349,0.0,0,1392.2522396188288,100.0
C003350,0.0,0,0.0,8.864178764714811
C003351,1.0,1,416.32713384970504,100.0
C003352,0.0,0,1455.919642857143,100.0
C003353,1.0,1,316.5292110020285,100.0
C003354,1.0,1,2144.366112135629,100.0
C003355,0.0,0,421.7075472672781,100.0
C003356,1.0,1,923.4408703528893,100.0
C003357,1.0,1,1100.0070975439862,100.0
C003358,0.0,0,1943.0222379216366,100.0
C003359,0.0,0,304.8899287252479,100.0
C003360,1.0,1,753.2242011147346,100.0
C003361,0.0,0,226.3005911423627,100.0
C003362,1.0,1,134.1253815916589,100.0
C003363,0.0,0,1255.1261367877223,100.0
C003364,1.0,1,1078.5441221530796,100.0
C003365,1.0,1,170.1349748446758,100.0
C003366,1.0,1,1374.8446789703203,100.0
C003367,0.0,0,2114.6015716383295,100.0
C003368,0.0,0,1110.7720264247966,100.0
C003369,0.0,0,969.1612876305023,100.0
C003370,1.0,1,419.2244945430082,100.0
C003371,0.0,0,597.7974179958028,100.0
C003372,0.0,0,999.0,100.0
C003373,0.0,0,671.0022360664947,100.0
C003374,1.0,1,1462.13,100.0
C003375,0.0,0,226.47233150043277,100.0
C003376,0.0,0,1265.5773157373965,100.0
C003377,0.0,0,1194.4177956641443,100.0
C003378,1.0,1,2119.0008931108987,100.0
C003379,0.0,0,1047.6698606586565,100.0
C003380,1.0,1,1849.99,100.0
C003381,0.0,0,433.7728379035506,100.0
C003382,0.0,0,427.1213358847136,100.0
C003383,0.0,0,1925.1366666666668,100.0
C003384,0.0,0,1154.4267286965755,100.0
C003385,1.0,1,333.70715357049085,100.0
C003386,1.0,1,2060.7675987496445,100.0
C003387,0.0,0,0.0,13.125205879624657
C003388,1.0,1,0.0,13.294493333333332
C003389,1.0,1,236.03798186049144,100.0
C003390,1.0,1,1157.5300917254833,100.0
C003391,0.0,0,1066.2770838591352,100.0
C003392,0.0,0,2759.66,100.0
C003393,1.0,1,268.4399125199944,100.0
C003394,1.0,1,328.82373476146597,100.0
C003395,0.0,0,1239.018659729525,100.0
C003396,1.0,1,352.105581522482,100.0
C003397,1.0,1,999.0,100.0
C003398,1.0,1,417.91078152934955,100.0
C003399,0.0,0,1223.583655881732,100.0
C003400,0.0,0,1195.3891685200383,100.0
C003401,1.0,1,409.5304612133072,100.0
C003402,0.0,0,581.363247463699,100.0
C003403,1.0,1,1998.0,100.0
C003404,1.0,1,0.0,8.418360434804955
C003405,1.0,1,2810.4283333333337,100.0
C003406,0.0,0,0.0,11.394966928914489
C003407,1.0,1,344.7128842254648,100.0
C003408,1.0,1,456.4248057078634,100.0
C003409,1.0,1,206.84509210240884,100.0
C003410,0.0,0,506.40240300325365,100.0
C003411,0.0,0,0.0,10.80391860518652
C003412,0.0,0,1306.0918402218695,100.0
C003413,0.0,0,427.2569940288203,100.0
C003414,1.0,1,1080.509998793408,100.0
C003415,0.0,0,478.69477713269197,100.0
C003416,1.0,1,1255.010723110866,100.0
C003417,0.0,0,1999.5421640645284,100.0
C003418,1.0,1,2044.7338746488606,100.0
C003419,0.0,0,1092.0,100.0
C003420,1.0,1,2509.31,100.0
C003421,0.0,0,0.0,11.349505076871731
C003422,1.0,1,2456.55,100.0
C003423,0.0,0,2906.0,100.0
C003424,1.0,1,613.0973338987508,100.0
C003425,1.0,1,2102.8971444068575,100.0
C003426,0.0,0,198.33828503944542,100.0
C003427,0.0,0,361.4313596184371,100.0
C003428,0.0,0,1954.7256796778433,100.0
C003429,0.0,0,155.9984406715208,100.0
C003430,1.0,1,670.1368938854181,100.0
C003431,0.0,0,670.2211208816593,100.0
C003432,0.0,0,327.8006249208614,100.0
C003433,0.0,0,2046.2352202873037,100.0
C003434,1.0,1,1998.0,100.0
C003435,0.0,0,649.642455358965,100.0
C003436,0.0,0,999.0,100.0
C003437,0.0,0,397.5764086007566,100.0
C003438,1.0,1,1179.0111940026006,100.0
C003439,1.0,1,856.6017207949169,100.0
C003440,0.0,0,983.8587860830888,100.0
C003441,0.0,0,1883.9468002180563,100.0
C003442,1.0,1,1005.000754621267,100.0
C003443,1.0,1,1053.9748813992308,100.0
C003444,0.0,0,1098.5319102937415,100.0
C003445,0.0,0,476.6466060967726,100.0
C003446,0.0,0,200.64716118628058,100.0
C003447,0.0,0,999.0,100.0
C003448,1.0,1,999.0,100.0
C003449,0.0,0,1034.4171078532138,100.0
C003450,0.0,0,477.30857007277365,100.0
C003451,1.0,1,189.54811145831962,100.0
C003452,0.0,0,448.6736087402307,100.0
C003453,0.0,0,999.0,100.0
C003454,0.99,1,0.0,8.130365659340661
C003455,0.0,0,0.0,10.895884215453696
C003456,1.0,1,1922.0990506715505,100.0
C003457,0.0,0,960.1546584720809,100.0
C003458,1.0,1,347.21657775771894,100.0
C003459,0.0,0,2121.3329503557925,100.0
C003460,1.0,1,196.9015930924108,100.0
C003461,0.0,0,1288.4170840503284,100.0
C003462,0.0,0,328.86785906540564,100.0
C003463,0.0,0,2023.0755466507178,100.0
C003464,0.0,0,719.9624466368729,100.0
C003465,1.0,1,338.5874540462968,100.0
C003466,1.0,1,1923.0568728723322,100.0
C003467,0.0,0,213.96065747258345,100.0
C003468,0.99,1,679.78703135819,100.0
C003469,0.0,0,294.90829232855725,100.0
C003470,1.0,1,430.68677157287493,100.0
C003471,1.0,1,0.0,11.833780227668674
C003472,0.0,0,732.3184329652394,100.0
C003473,0.0,0,1031.9661109650583,100.0
C003474,1.0,1,1285.5486956521738,100.0
C003475,1.0,1,1327.697351046849,100.0
C003476,1.0,1,450.8276505163295,100.0
C003477,1.0,1,363.78973291124174,100.0
C003478,1.0,1,216.22843772531408,100.0
C003479,1.0,1,0.0,10.575601168553664
C003480,0.0,0,488.94507959802434,100.0
C003481,1.0,1,1054.1587247988223,100.0
C003482,1.0,1,1227.25,100.0
C003483,0.0,0,2224.95,100.0
C003484,0.0,0,2160.435099397346,100.0
C003485,0.0,0,1602.8160141006897,100.0
C003486,1.0,1,999.0,100.0
C003487,0.0,0,754.0908595453931,100.0
C003488,0.0,0,293.88870269515434,100.0
C003489,0.0,0,182.4601937559749,100.0
C003490,0.0,0,2621.0,100.0
C003491,0.0,0,239.2774998326827,100.0
C003492,1.0,1,1220.1523741195422,100.0
C003493,0.0,0,2666.4233333333336,100.0
C003494,0.0,0,385.39005144363887,100.0
C003495,0.0,0,326.8940777787033,100.0
C003496,1.0,1,1277.852147506998,100.0
C003497,1.0,1,539.0892896941647,100.0
C003498,1.0,1,729.939335092635,100.0
C003499,0.0,0,824.6910490723491,100.0
C003500,0.0,0,2735.0,100.0
C003501,1.0,1,348.1060323978408,100.0
C003502,0.0,0,176.61623421707117,100.0
C003503,0.0,0,0.0,12.290606759613915
C003504,1.0,1,1106.8703433666897,100.0
C003505,1.0,1,999.0,100.0
C003506,1.0,1,2136.3490315553286,100.0
C003507,0.0,0,0.0,10.68263857248535
C003508,1.0,1,0.0,9.948229078961619
C003509,1.0,1,1709.6868062327458,100.0
C003510,0.0,0,2100.187504709677,100.0
C003511,0.0,0,983.1570549657137,100.0
C003512,0.0,0,2686.0,100.0
C003513,1.0,1,0.0,14.22955581802964
C003514,1.0,1,362.0,100.0
C003515,0.0,0,325.9234887464593,100.0
C003516,0.99,1,1141.8366165954283,100.0
C003517,0.0,0,709.533000622719,100.0
C003518,0.0,0,375.6826559205708,100.0
C003519,0.0,0,1098.5863994871083,100.0
C003520,1.0,1,743.2804681879018,100.0
C003521,1.0,1,2876.9335839599,100.0
C003522,0.0,0,999.0,100.0
C003523,1.0,1,0.0,9.771474580133123
C003524,0.0,0,429.6767396432257,100.0
C003525,0.0,0,204.66589412492016,100.0
C003526,1.0,1,182.77476245038724,100.0
C003527,1.0,1,509.33748706824883,100.0
C003528,1.0,1,1118.4323569794478,100.0
C003529,0.0,0,1223.4383721830256,100.0
C003530,0.0,0,2364.1608333333334,100.0
C003531,1.0,1,919.3611063710918,100.0
C003532,0.0,0,0.0,15.383103907716448
C003533,1.0,1,0.0,14.618525601906184
C003534,1.0,1,1155.0873500495095,100.0
C003535,0.0,0,993.2830079108599,100.0
C003536,0.0,0,0.0,10.082773796152336
C003537,1.0,1,408.67706764887544,100.0
C003538,0.0,0,145.1011830335948,100.0
C003539,1.0,1,399.78612624523373,100.0
C003540,0.0,0,1137.5680105353383,100.0
C003541,0.0,0,305.12367127833744,100.0
C003542,1.0,1,1116.7777144802822,100.0
C003543,0.0,0,1095.7125410763574,100.0
C003544,0.0,0,0.0,13.107930328579952
C003545,0.0,0,1208.4556009310847,100.0
C003546,0.0,0,449.31492545223904,100.0
C003547,0.0,0,1998.0,100.0
C003548,0.0,0,1114.9728000341004,100.0
C003549,1.0,1,1483.12,100.0
C003550,1.0,1,2584.5059523809523,100.0
C003551,0.0,0,0.0,12.74421598387809
C003552,1.0,1,2010.9870847045113,100.0
C003553,1.0,1,999.0,100.0
C003554,0.0,0,464.38781372302617,100.0
C003555,0.0,0,474.7926569503982,100.0
C003556,1.0,1,395.7417400372568,100.0
C003557,0.0,0,486.78247620032045,100.0
C003558,1.0,1,329.6281240791561,100.0
C003559,0.0,0,404.6262658392313,100.0
C003560,0.0,0,849.7946196525241,100.0
C003561,0.0,0,2816.98,100.0
C003562,1.0,1,1253.3031775649868,100.0
C003563,1.0,1,1284.8296753815098,100.0
C003564,0.0,0,238.64870920071502,100.0
C003565,1.0,1,1186.1348517626561,100.0
C003566,0.0,0,2035.454361353223,100.0
C003567,1.0,1,0.0,10.669998156912802
C003568,1.0,1,610.9355416551759,100.0
C003569,0.0,0,1083.5168684076173,100.0
C003570,0.0,0,493.9588065787422,100.0
C003571,1.0,1,2459.835,100.0
C003572,0.0,0,1998.0,100.0
C003573,0.0,0,1016.2696947831978,100.0
C003574,0.0,0,2713.17,100.0
C003575,1.0,1,352.68487908761944,100.0
C003576,0.0,0,193.79508208333334,100.0
C003577,1.0,1,0.0,14.22575365079365
C003578,0.0,0,354.84486423618756,100.0
C003579,0.0,0,1174.4716606584777,100.0
C003580,0.0,0,1179.3605318510265,100.0
C003581,0.0,0,2168.166946862756,100.0
C003582,0.0,0,0.0,9.00035698219219
C003583,1.0,1,142.4256453432456,100.0
C003584,1.0,1,0.0,8.342734095238104
C003585,0.99,1,1135.1761655023213,100.0
C003586,0.0,0,224.7261004010718,100.0
C003587,0.0,0,345.64074305055254,100.0
C003588,0.0,0,999.0,100.0
C003589,1.0,1,0.0,11.1366036874237
C003590,1.0,1,1217.5438833146202,100.0
C003591,0.0,0,1980.6029329824053,100.0
C003592,1.0,1,426.73056017284966,100.0
C003593,0.0,0,1379.9627489177487,100.0
C003594,1.0,1,0.0,9.286861267361548
C003595,1.0,1,1998.0,100.0
C003596,0.0,0,1269.0024178309986,100.0
C003597,0.0,0,1702.82923732618,100.0
C003598,0.99,1,265.95992363382504,100.0
C003599,0.0,0,821.7142691691233,100.0
C003600,0.0,0,170.54454685099844,100.0
C003601,0.0,0,426.0811676393255,100.0
C003602,0.0,0,751.7910203253166,100.0
C003603,0.0,0,0.0,8.210943205405707
C003604,0.0,0,444.4697918731927,100.0
C003605,1.0,1,964.8012420767088,100.0
C003606,0.0,0,354.71585635352034,100.0
C003607,0.003076923076923077,0,0.0,12.092491194338177
C003608,0.0,0,2154.05581151217,100.0
C003609,1.0,1,599.4486538723199,100.0
C003610,0.0,0,1221.2175145351412,100.0
C003611,1.0,1,345.35499510334245,100.0
C003612,0.0,0,1830.2374583660464,100.0
C003613,0.0,0,466.81178227143755,100.0
C003614,0.0,0,2060.0200901428557,100.0
C003615,0.0,0,0.0,9.98769243281416
C003616,0.0,0,422.0492110718192,100.0
C003617,0.0,0,0.0,13.0814136743285
C003618,0.0,0,0.0,9.81480209999131
C003619,0.0,0,2020.6742859904778,100.0
C003620,1.0,1,1998.0,100.0
C003621,1.0,1,999.0,100.0
C003622,0.0,0,209.14580688699232,100.0
C003623,1.0,1,1998.0,100.0
C003624,1.0,1,1005.9847550236434,100.0
C003625,1.0,1,734.8393748980228,100.0
C003626,1.0,1,1085.0743290924358,100.0
C003627,0.0,0,1272.3148482961526,100.0
C003628,0.0,0,175.45580122304156,100.0
C003629,1.0,1,416.28633778607565,100.0
C003630,0.0,0,201.56884921829857,100.0
C003631,1.0,1,1485.628688777418,100.0
C003632,0.0,0,1388.6575680549386,100.0
C003633,1.0,1,1836.5139889788575,100.0
C003634,0.0,0,2201.1063916592134,100.0
C003635,1.0,1,903.7560458683,100.0
C003636,0.0,0,960.4534619530299,100.0
C003637,1.0,1,223.12874417028263,100.0
C003638,0.0,0,2055.7301188949946,100.0
C003639,1.0,1,1102.9254725514381,100.0
C003640,0.0,0,0.0,11.422316654792786
C003641,1.0,1,1948.5917760656528,100.0
C003642,0.0,0,289.98086896181485,100.0
C003643,1.0,1,1711.3848684061868,100.0
C003644,0.0,0,1998.0,100.0
C003645,1.0,1,0.0,10.787087959023648
C003646,0.0,0,2661.0,100.0
C003647,1.0,1,384.89895719280764,100.0
C003648,0.0,0,167.18587223742475,100.0
C003649,0.0,0,200.0791768166264,100.0
C003650,0.0,0,816.3987870149729,100.0
C003651,0.0,0,1272.0535578075624,100.0
C003652,0.0,0,0.0,12.180060459666743
C003653,1.0,1,1309.6512920730102,100.0
C003654,1.0,1,990.9068864782648,100.0
C003655,1.0,1,999.0,100.0
C003656,0.0,0,170.44155734336616,100.0
C003657,1.0,1,999.0,100.0
C003658,0.0,0,2150.312203654047,100.0
C003659,0.0,0,2132.374573872932,100.0
C003660,0.0,0,0.0,10.662030193710264
C003661,0.0,0,831.9730416308189,100.0
C003662,1.0,1,409.0067696623249,100.0
C003663,0.0,0,1998.0,100.0
C003664,1.0,1,2049.5392148254205,100.0
C003665,0.0,0,132.10266197781183,100.0
C003666,0.0,0,1049.3269080209723,100.0
C003667,0.0,0,805.1846141722738,100.0
C003668,1.0,1,330.5403533911389,100.0
C003669,1.0,1,2563.6272727272726,100.0
C003670,0.0,0,1216.9046651785388,100.0
C003671,1.0,1,2752.8,100.0
C003672,0.01,0,2563.53303030303,100.0
C003673,1.0,1,1107.4428259655326,100.0
C003674,1.0,1,886.6185073359941,100.0
C003675,0.0,0,1028.2719802817178,100.0
C003676,1.0,1,0.0,8.717505555555556
C003677,0.0,0,1184.2327574685028,100.0
C003678,1.0,1,1972.9234760833285,100.0
C003679,1.0,1,999.0,100.0
C003680,1.0,1,1002.9846202810653,100.0
C003681,0.0,0,2155.0175337975156,100.0
C003682,1.0,1,1998.0,100.0
C003683,0.0,0,356.2219463747338,100.0
C003684,1.0,1,465.8566388723589,100.0
C003685,0.0,0,1108.0985265643583,100.0
C003686,0.0,0,1339.4418722412997,100.0
C003687,0.0,0,188.77712539872894,100.0
C003688,0.0,0,1433.0442022733855,100.0
C003689,1.0,1,0.0,16.504333611111125
C003690,0.0,0,940.5091613367144,100.0
C003691,0.0,0,339.3227077294455,100.0
C003692,0.0,0,200.53477116725793,100.0
C003693,0.0,0,1632.5757239327277,100.0
C003694,1.0,1,933.899891812994,100.0
C003695,0.0,0,444.9890802080332,100.0
C003696,1.0,1,0.0,10.52908
C003697,1.0,1,1848.9677781950452,100.0
C003698,0.0,0,2743.666666666666,100.0
C003699,0.0,0,2155.13678016428,100.0
C003700,0.0,0,468.7921968787515,100.0
C003701,0.0,0,999.0,100.0
C003702,1.0,1,1188.5259142504724,100.0
C003703,1.0,1,1121.4693611032278,100.0
C003704,0.0,0,855.9567243285408,100.0
C003705,0.0,0,457.03032241464047,100.0
C003706,0.0,0,922.1505456729817,100.0
C003707,0.0,0,340.610194429254,100.0
C003708,0.0,0,482.852094668957,100.0
C003709,0.0,0,1262.166920775543,100.0
C003710,0.0,0,0.0,13.783791700521697
C003711,0.0,0,199.86564023137012,100.0
C003712,0.0,0,1834.9108441224262,100.0
C003713,0.0,0,2964.552631578947,100.0
C003714,0.0,0,1284.3838249551602,100.0
C003715,0.0,0,517.0621296001286,100.0
C003716,0.0,0,1609.133542352127,100.0
C003717,1.0,1,1065.9463718902534,100.0
C003718,1.0,1,807.8642009258525,100.0
C003719,0.0,0,896.4934089799764,100.0
C003720,0.0,0,350.70361343108203,100.0
C003721,1.0,1,1998.0,100.0
C003722,1.0,1,1062.0130019751427,100.0
C003723,0.0,0,999.0,100.0
C003724,1.0,1,999.0,100.0
C003725,1.0,1,210.52927324526445,100.0
C003726,0.0,0,1998.0,100.0
C003727,0.0,0,503.70965633814956,100.0
C003728,1.0,1,1062.273193545303,100.0
C003729,0.0,0,1868.263910236822,100.0
C003730,0.0,0,0.0,9.247052529423161
C003731,0.0,0,1213.3846487802755,100.0
C003732,0.0,0,359.3321980907481,100.0
C003733,1.0,1,330.69047034806687,100.0
C003734,0.0,0,445.0039418381673,100.0
C003735,0.0,0,221.21734041967622,100.0
C003736,0.0,0,1059.01976007898,100.0
C003737,1.0,1,961.6909174356083,100.0
C003738,0.0,0,777.3135265839292,100.0
C003739,1.0,1,508.96,100.0
C003740,0.0,0,861.4907593256113,100.0
C003741,1.0,1,1094.043859360387,100.0
C003742,1.0,1,1301.0429087036982,100.0
C003743,0.0,0,0.0,10.458928615354376
C003744,0.0,0,1932.0681069281416,100.0
C003745,0.0,0,1003.2978832334497,100.0
C003746,0.0,0,729.7871628967333,100.0
C003747,1.0,1,0.0,12.639549522277234
C003748,1.0,1,2094.309976446722,100.0
C003749,0.0,0,338.82920925912396,100.0
C003750,0.0,0,455.2298050105442,100.0
C003751,0.0,0,203.78587223742477,100.0
C003752,0.0,0,164.93159104305846,100.0
C003753,0.0,0,226.80721142092406,100.0
C003754,0.0,0,197.61577726931577,100.0
C003755,0.0,0,1998.0,100.0
C003756,0.0,0,0.0,12.369887801911013
C003757,1.0,1,1180.006578508325,100.0
C003758,1.0,1,218.67339367464203,100.0
C003759,1.0,1,231.8061003037653,100.0
C003760,0.0,0,1664.5567307692306,100.0
C003761,0.0,0,2997.0,100.0
C003762,1.0,1,206.49900364674704,100.0
C003763,1.0,1,175.36551226551225,100.0
C003764,1.0,1,485.5573468572278,100.0
C003765,0.0,0,1050.624341012111,100.0
C003766,1.0,1,0.0,12.36789083737253
C003767,0.0,0,1044.8959724205108,100.0
C003768,0.0,0,0.0,11.908430340862044
C003769,0.0,0,0.0,14.324448912428418
C003770,0.0,0,346.5039444559038,100.0
C003771,0.0,0,465.91910471191045,100.0
C003772,0.0,0,0.0,11.87536926515006
C003773,0.99,1,265.2641988999466,100.0
C003774,0.0,0,381.4696097273851,100.0
C003775,0.0,0,659.9654498685115,100.0
C003776,0.0,0,455.8210661277564,100.0
C003777,0.0,0,1251.599531901524,100.0
C003778,1.0,1,902.8347402828701,100.0
C003779,0.0,0,1296.6879962500439,100.0
C003780,0.0,0,429.7716142594676,100.0
C003781,1.0,1,2207.786732623182,100.0
C003782,0.0,0,1179.3724851297416,100.0
C003783,1.0,1,346.1305847452173,100.0
C003784,1.0,1,0.0,11.779513993425148
C003785,0.0,0,0.0,9.208542765266843
C003786,0.0,0,1241.8179108074205,100.0
C003787,0.0,0,2791.1983116883116,100.0
C003788,0.0,0,0.0,13.705377362944077
C003789,0.0,0,1138.0325528831918,100.0
C003790,0.0,0,0.0,12.286809872209483
C003791,1.0,1,1065.7947132249135,100.0
C003792,0.0,0,475.57976340877883,100.0
C003793,0.0,0,1844.155953798047,100.0
C003794,0.0,0,491.2935790012637,100.0
C003795,0.0,0,585.967097203437,100.0
C003796,1.0,1,1164.4534586629507,100.0
C003797,1.0,1,459.08721880233946,100.0
C003798,1.0,1,1094.155096621112,100.0
C003799,1.0,1,1845.2105663625744,100.0
C003800,1.0,1,583.5063492787993,100.0
C003801,0.0,0,1896.7979319127842,100.0
C003802,1.0,1,472.67047810216815,100.0
C003803,1.0,1,392.40053242532895,100.0
C003804,0.0,0,777.242549030495,100.0
C003805,1.0,1,387.1448948076484,100.0
C003806,1.0,1,477.5992822966507,100.0
C003807,0.0,0,3012.875,100.0
C003808,0.0,0,375.8107750972591,100.0
C003809,0.0,0,339.41810648578337,100.0
C003810,0.003076923076923077,0,0.0,12.204636839340814
C003811,0.0,0,1338.984335564239,100.0
C003812,1.0,1,1918.8190195160641,100.0
C003813,1.0,1,999.0,100.0
C003814,1.0,1,1063.9472501749146,100.0
C003815,0.0,0,471.0,100.0
C003816,0.0,0,1107.982043656378,100.0
C003817,0.0,0,2608.7192982456136,100.0
C003818,0.0,0,899.4506138554829,100.0
C003819,0.0,0,918.8938511019171,100.0
C003820,0.0,0,1053.9944816405398,100.0
C003821,0.0,0,0.0,8.777294228560828
C003822,1.0,1,768.0619747050515,100.0
C003823,0.9930769230769231,1,0.0,13.273089011828052
C003824,1.0,1,999.0,100.0
C003825,0.0,0,2721.0,100.0
C003826,1.0,1,0.0,10.80278050235711
C003827,1.0,1,254.53431335319883,100.0
C003828,0.0,0,416.1640165028174,100.0
C003829,0.0,0,439.3463936519765,100.0
C003830,1.0,1,0.0,11.909209714005716
C003831,1.0,1,1857.6583652483064,100.0
C003832,0.0,0,0.0,11.063782020014116
C003833,0.0,0,1998.0,100.0
C003834,0.0,0,1152.272378489018,100.0
C003835,0.0,0,1998.0,100.0
C003836,1.0,1,2131.243446375082,100.0
C003837,0.0,0,893.6721940592018,100.0
C003838,0.0,0,2896.0,100.0
C003839,0.0,0,934.7213193873705,100.0
C003840,0.0,0,894.3368609471254,100.0
C003841,1.0,1,1249.7809855397893,100.0
C003842,1.0,1,893.9242664526774,100.0
C003843,0.0,0,589.1393133500671,100.0
C003844,0.0,0,0.0,7.857807401433684
C003845,0.0,0,524.6254089425603,100.0
C003846,0.0,0,2130.2774195010147,100.0
C003847,1.0,1,993.662908935238,100.0
C003848,0.0,0,408.7523188621662,100.0
C003849,1.0,1,200.55021027997472,100.0
C003850,0.0,0,0.0,12.389387751287535
C003851,1.0,1,1096.7148978409032,100.0
C003852,0.0,0,657.5716463625375,100.0
C003853,1.0,1,210.52927324526445,100.0
C003854,0.0,0,803.154105062715,100.0
C003855,1.0,1,659.6881066594048,100.0
C003856,1.0,1,1056.5289225109254,100.0
C003857,1.0,1,0.0,13.070377281215526
C003858,0.0,0,395.3597326384996,100.0
C003859,0.0,0,0.0,11.838449812900553
C003860,0.0,0,224.14517822715234,100.0
C003861,0.0,0,1088.6775997433513,100.0
C003862,0.99,1,1783.4228519090386,100.0
C003863,1.0,1,678.2984278294388,100.0
C003864,0.0,0,1998.0,100.0
C003865,1.0,1,1192.1003190162328,100.0
C003866,0.0,0,599.4498484491239,100.0
C003867,0.0,0,359.0754838418505,100.0
C003868,0.0,0,0.0,8.619837167939796
C003869,0.0,0,0.0,11.94767284044495
C003870,1.0,1,1908.3675213418874,100.0
C003871,0.0,0,1963.2397195533815,100.0
C003872,0.0,0,1523.966618648252,100.0
C003873,0.0,0,414.64306519386184,100.0
C003874,1.0,1,357.54117050536786,100.0
C003875,0.0,0,376.8349035880417,100.0
C003876,1.0,1,1011.9692469825703,100.0
C003877,0.0,0,559.9837515250626,100.0
C003878,0.0,0,301.54304794396893,100.0
C003879,0.0,0,509.3049456906246,100.0
C003880,0.0,0,1385.198275485585,100.0
C003881,1.0,1,730.372956303867,100.0
C003882,0.0,0,2146.149777777778,100.0
C003883,1.0,1,1839.0328664247218,100.0
C003884,1.0,1,869.6491585002598,100.0
C003885,0.0,0,2828.79,100.0
C003886,1.0,1,999.0,100.0
C003887,1.0,1,1080.8971881736377,100.0
C003888,0.0,0,1135.955923409125,100.0
C003889,0.0,0,375.47984855985874,100.0
C003890,1.0,1,0.0,9.670885432900432
C003891,0.0,0,1517.7721739130436,100.0
C003892,1.0,1,387.58734847667387,100.0
C003893,1.0,1,676.4602275247505,100.0
C003894,1.0,1,971.9822428332238,100.0
C003895,1.0,1,2118.056166821815,100.0
C003896,0.0,0,347.21657775771894,100.0
C003897,1.0,1,1323.6400834409785,100.0
C003898,0.0,0,162.6333768645947,100.0
C003899,1.0,1,330.83964600278034,100.0
C003900,0.0,0,1211.5053384293858,100.0
C003901,0.0,0,672.8378831002253,100.0
C003902,0.0,0,1867.5221895894547,100.0
C003903,0.0,0,187.35260505259438,100.0
C003904,1.0,1,1253.4243829137763,100.0
C003905,1.0,1,438.1912548791077,100.0
C003906,1.0,1,1891.9,100.0
C003907,0.0,0,1108.4802222222222,100.0
C003908,1.0,1,1262.3514724455138,100.0
C003909,0.0,0,684.7886056973355,100.0
C003910,1.0,1,2991.0,100.0
C003911,0.0,0,208.17971039046733,100.0
C003912,0.0,0,2059.234746169219,100.0
C003913,1.0,1,811.255636942908,100.0
C003914,1.0,1,1149.9524957955007,100.0
C003915,1.0,1,197.21570305013344,100.0
C003916,1.0,1,1275.3208396995165,100.0
C003917,0.0,0,208.17971039046733,100.0
C003918,1.0,1,2193.189523395708,100.0
C003919,0.0,0,786.8921902403376,100.0
C003920,0.0,0,210.46738180879208,100.0
C003921,0.0,0,0.0,10.317546055571011
C003922,0.0,0,1214.825467845075,100.0
C003923,0.0,0,425.6527777777778,100.0
C003924,1.0,1,1092.9209815781758,100.0
C003925,0.0,0,474.3034588194251,100.0
C003926,0.0,0,1219.3351673220518,100.0
C003927,0.0,0,123.83006063366375,100.0
C003928,1.0,1,425.2614688560718,100.0
C003929,0.0,0,1206.1117388167388,100.0
C003930,0.0,0,886.942150797947,100.0
C003931,0.0,0,2135.9471927504874,100.0
C003932,0.0,0,608.0407009757384,100.0
C003933,0.0,0,249.4725873819963,100.0
C003934,0.0,0,1082.8271436767893,100.0
C003935,0.0,0,999.0,100.0
C003936,1.0,1,2186.5942198320704,100.0
C003937,0.0,0,0.0,14.93539462126763
C003938,1.0,1,372.2300722963791,100.0
C003939,0.0,0,1878.6338225282188,100.0
C003940,1.0,1,1429.4310128596894,100.0
C003941,1.0,1,0.0,10.01871633273375
C003942,1.0,1,324.1414638753248,100.0
C003943,1.0,1,438.1710419786925,100.0
C003944,1.0,1,1132.7655666865555,100.0
C003945,0.0,0,3078.916666666667,100.0
C003946,1.0,1,1871.2100568514952,100.0
C003947,0.0,0,0.0,10.204948515151523
C003948,1.0,1,313.5907108208939,100.0
C003949,0.0,0,946.5328815281725,100.0
C003950,0.0,0,1201.2262862003818,100.0
C003951,0.0,0,0.0,12.375399750914733
C003952,0.0,0,364.71183881874805,100.0
C003953,1.0,1,1097.7420584643835,100.0
C003954,1.0,1,1089.4866061059845,100.0
C003955,1.0,1,1507.1141002651898,100.0
C003956,0.0,0,476.2651690188888,100.0
C003957,0.0,0,1225.3555631600875,100.0
C003958,0.0,0,2825.0,100.0
C003959,1.0,1,1169.1142179131816,100.0
C003960,0.0,0,291.5353596277586,100.0
C003961,0.0,0,0.0,13.514645217090909
C003962,1.0,1,949.29276431593,100.0
C003963,1.0,1,1203.3317641183864,100.0
C003964,1.0,1,1076.2147433415494,100.0
C003965,0.0,0,393.76806567772496,100.0
C003966,0.0,0,772.8698604285684,100.0
C003967,0.0,0,1996.9191867753857,100.0
C003968,1.0,1,0.0,8.521543575757565
C003969,0.0,0,1998.0,100.0
C003970,1.0,1,850.232595358391,100.0
C003971,0.0,0,1122.4863574547499,100.0
C003972,0.0,0,1902.1257969642718,100.0
C003973,1.0,1,1019.6430067964207,100.0
C003974,1.0,1,2739.47,100.0
C003975,1.0,1,742.7282697500362,100.0
C003976,0.0,0,381.4587701492445,100.0
C003977,0.0,0,0.0,14.9039284230519
C003978,1.0,1,394.578953001948,100.0
C003979,0.99,1,0.0,8.694750278201319
C003980,0.0,0,999.0,100.0
C003981,1.0,1,0.0,10.604171432203472
C003982,0.0,0,1128.2698868651246,100.0
C003983,0.0,0,3033.7192982456136,100.0
C003984,0.0,0,411.3111329304653,100.0
C003985,1.0,1,999.0,100.0
C003986,0.0,0,893.1537679773336,100.0
C003987,0.0,0,235.2048961176736,100.0
C003988,0.0,0,2307.088668144721,100.0
C003989,0.0,0,406.0508881514825,100.0
C003990,0.0,0,204.4694750555044,100.0
C003991,1.0,1,1025.491876153865,100.0
C003992,0.0,0,1130.587198662928,100.0
C003993,0.0,0,1998.0,100.0
C003994,1.0,1,0.0,15.12527499999999
C003995,0.0,0,767.3021102394764,100.0
C003996,1.0,1,339.91032071711413,100.0
C003997,0.0,0,271.90000520645685,100.0
C003998,1.0,1,0.0,13.169568500797459
C003999,1.0,1,2054.861302998374,100.0
C004000,1.0,1,487.0048880444115,100.0
C004001,0.0,0,1895.3858160723785,100.0
C004002,0.0,0,998.3393018964427,100.0
C004003,0.0,0,0.0,15.563264316800215
C004004,0.0,0,2851.0,100.0
C004005,0.0,0,0.0,8.575418915200792
C004006,0.0,0,1154.0465586927262,100.0
C004007,1.0,1,2186.636740690081,100.0
C004008,0.0,0,2091.182674234313,100.0
C004009,0.0,0,1012.0,100.0
C004010,0.0,0,0.0,14.181423832044052
C004011,0.0,0,1950.7064949278365,100.0
C004012,0.0,0,525.2442734300244,100.0
C004013,0.0,0,0.0,10.07257270705877
C004014,0.0,0,1937.1659763078349,100.0
C004015,0.0,0,793.459600561472,100.0
C004016,0.0,0,1077.9784594140228,100.0
C004017,0.0,0,992.3305372133086,100.0
C004018,1.0,1,0.0,14.428580377481051
C004019,0.0,0,1110.1952320605048,100.0
C004020,1.0,1,807.944852328826,100.0
C004021,0.0,0,335.44511867830755,100.0
C004022,0.0,0,1662.917375479873,100.0
C004023,1.0,1,1998.0,100.0
C004024,0.0,0,1065.7947132249135,100.0
C004025,1.0,1,0.0,9.35524786879788
C004026,0.0,0,173.02433516636304,100.0
C004027,0.0,0,1913.719902854686,100.0
C004028,0.0,0,2654.28373015873,100.0
C004029,1.0,1,173.02433516636304,100.0
C004030,1.0,1,529.7336531394533,100.0
C004031,1.0,1,449.8532798148269,100.0
C004032,0.0,0,202.1089034994794,100.0
C004033,1.0,1,698.1578947368421,100.0
C004034,1.0,1,1758.8526251474939,100.0
C004035,0.0,0,0.0,10.393485487355782
C004036,0.98,1,174.74616177648136,100.0
C004037,1.0,1,546.0369376326288,100.0
C004038,0.0,0,428.2212276113125,100.0
C004039,1.0,1,999.0,100.0
C004040,0.0,0,378.50322855033244,100.0
C004041,0.0,0,1998.0,100.0
C004042,1.0,1,1829.6002907571008,100.0
C004043,0.0,0,1317.1382609332534,100.0
C004044,0.0,0,192.1754653915374,100.0
C004045,1.0,1,0.0,12.48178475829382
C004046,0.0,0,847.6457797522307,100.0
C004047,0.0,0,0.0,9.986084715951614
C004048,1.0,1,999.0,100.0
C004049,0.0,0,2813.81,100.0
C004050,0.0,0,951.3067410217554,100.0
C004051,0.0,0,488.017372376521,100.0
C004052,1.0,1,189.77550146657347,100.0
C004053,0.0,0,666.0535481285729,100.0
C004054,0.0,0,0.0,11.142066767528227
C004055,0.0,0,170.08386058739939,100.0
C004056,0.0,0,1786.0708147386736,100.0
C004057,0.0,0,142.45930133349063,100.0
C004058,0.0,0,2163.254761904762,100.0
C004059,0.0,0,1231.7801752660705,100.0
C004060,1.0,1,2601.0,100.0
C004061,0.0,0,428.17482343459,100.0
C004062,0.0,0,1040.701788475187,100.0
C004063,1.0,1,2479.4729505350288,100.0
C004064,0.0,0,1968.9869671672554,100.0
C004065,0.0,0,0.0,10.29032999265228
C004066,0.0,0,1090.6704297002839,100.0
C004067,0.0,0,1084.7198652558045,100.0
C004068,0.003076923076923077,0,0.0,12.21506073904735
C004069,0.0,0,2850.583333333334,100.0
C004070,0.0,0,1131.714528592522,100.0
C004071,1.0,1,2135.9014082734543,100.0
C004072,1.0,1,169.34967733957274,100.0
C004073,1.0,1,1290.8064595107558,100.0
C004074,1.0,1,463.47991835603517,100.0
C004075,0.0,0,0.0,13.462220535714273
C004076,0.0,0,999.0,100.0
C004077,0.0,0,0.0,9.433848755495365
C004078,0.0,0,0.0,12.764544616738
C004079,0.0,0,485.382288208361,100.0
C004080,0.0,0,1862.6910944984768,100.0
C004081,0.0,0,221.35853092160423,100.0
C004082,1.0,1,327.2191796257018,100.0
C004083,0.0,0,473.4988523819543,100.0
C004084,0.0,0,2691.0,100.0
C004085,0.0,0,1319.433662436889,100.0
C004086,0.0,0,397.9954088158076,100.0
C004087,1.0,1,395.55605176058305,100.0
C004088,0.0,0,1464.277056277056,100.0
C004089,0.0,0,0.0,10.418443113253154
C004090,1.0,1,2093.1232013449153,100.0
C004091,1.0,1,1125.959118077462,100.0
C004092,1.0,1,436.1436010229807,100.0
C004093,1.0,1,1110.3900429639539,100.0
C004094,0.0,0,232.1482728930313,100.0
C004095,0.0,0,999.0,100.0
C004096,0.0,0,2029.6648705774091,100.0
C004097,1.0,1,376.66712846538996,100.0
C004098,0.0,0,1858.6373439817135,100.0
C004099,0.0,0,2129.436718597358,100.0
C004100,0.0,0,999.0,100.0
C004101,0.0,0,2144.221621549581,100.0
C004102,0.0,0,407.6419600958423,100.0
C004103,1.0,1,1888.1263333831232,100.0
C004104,1.0,1,2013.9226894949804,100.0
C004105,1.0,1,1139.3705601599254,100.0
C004106,0.0,0,1298.2995830428845,100.0
C004107,1.0,1,1951.238144201237,100.0
C004108,0.0,0,372.5561701342211,100.0
C004109,0.0,0,583.3213879236939,100.0
C004110,0.0,0,472.1461951238071,100.0
C004111,0.0,0,482.7421968787515,100.0
C004112,1.0,1,1533.1186814392527,100.0
C004113,0.0,0,999.0,100.0
C004114,1.0,1,0.0,13.620654281045747
C004115,1.0,1,1277.2179258595281,100.0
C004116,0.0,0,137.14351471024162,100.0
C004117,0.0,0,440.4880956806314,100.0
C004118,0.0,0,1098.802995279014,100.0
C004119,1.0,1,503.44618548212003,100.0
C004120,0.0,0,1074.737496110381,100.0
C004121,1.0,1,1737.4392063492064,100.0
C004122,1.0,1,324.6212130419715,100.0
C004123,0.0,0,1998.0,100.0
C004124,0.0,0,227.8432606154047,100.0
C004125,0.0,0,0.0,10.46111164835165
C004126,0.0,0,1182.0964149504193,100.0
C004127,1.0,1,0.0,12.897442380952375
C004128,0.0,0,1099.8855176459783,100.0
C004129,0.0,0,2788.916666666667,100.0
C004130,0.0,0,432.2958082771509,100.0
C004131,0.0,0,460.7615712951847,100.0
C004132,0.0,0,414.0331931343254,100.0
C004133,0.0,0,1161.173371921954,100.0
C004134,0.0,0,999.0,100.0
C004135,1.0,1,803.4980243902523,100.0
C004136,1.0,1,1968.8354301654076,100.0
C004137,0.0,0,1045.79342741067,100.0
C004138,0.0,0,681.1752497312907,100.0
C004139,0.0,0,476.1607011949886,100.0
C004140,1.0,1,1789.1421620258936,100.0
C004141,0.0,0,315.07831894508627,100.0
C004142,0.0,0,377.85112108949585,100.0
C004143,0.0,0,1171.3819805596304,100.0
C004144,1.0,1,0.0,9.759133083762753
C004145,1.0,1,0.0,10.205712853814644
C004146,0.0,0,437.1758306675037,100.0
C004147,0.0,0,1116.348253426673,100.0
C004148,0.0,0,469.4948299087526,100.0
C004149,1.0,1,2891.0,100.0
C004150,0.0,0,835.449547844574,100.0
C004151,0.0,0,1234.7825774846638,100.0
C004152,0.0,0,902.486280893596,100.0
C004153,1.0,1,173.64681295715778,100.0
C004154,0.0,0,0.0,11.414124898508584
C004155,1.0,1,1469.6469874126915,100.0
C004156,0.0,0,860.5971893832096,100.0
C004157,0.0,0,2708.7192982456136,100.0
C004158,1.0,1,947.1450639064346,100.0
C004159,0.0,0,999.0,100.0
C004160,0.0,0,441.56277915170193,100.0
C004161,0.0,0,886.8962033196522,100.0
C004162,1.0,1,361.2308689143906,100.0
C004163,1.0,1,433.59123834200125,100.0
C004164,1.0,1,1079.0,100.0
C004165,0.0,0,0.0,10.643926797385625
C004166,0.0,0,0.0,10.43606769912552
C004167,0.0,0,542.1903885876222,100.0
C004168,1.0,1,1115.1725869127235,100.0
C004169,0.0,0,971.5627498256721,100.0
C004170,0.0,0,233.62921129102105,100.0
C004171,0.0,0,377.0588579035755,100.0
C004172,0.0,0,999.0,100.0
C004173,0.0,0,0.0,10.626173443019143
C004174,1.0,1,0.0,14.065298940484883
C004175,1.0,1,1215.1449239011104,100.0
C004176,0.0,0,2016.2193434329272,100.0
C004177,1.0,1,940.7445083325255,100.0
C004178,0.0,0,2694.95,100.0
C004179,0.0,0,0.0,10.031932234681516
C004180,0.0,0,1933.7629208603412,100.0
C004181,0.0,0,990.1619747311654,100.0
C004182,1.0,1,1326.9104268987505,100.0
C004183,0.0,0,254.18791084940364,100.0
C004184,0.0,0,0.0,9.105386185022276
C004185,0.0,0,1049.3269080209723,100.0
C004186,0.0,0,1717.9507575757575,100.0
C004187,0.0,0,1784.2479694195215,100.0
C004188,0.0,0,2108.876790639132,100.0
C004189,1.0,1,295.6491652232215,100.0
C004190,0.0,0,912.5099333414165,100.0
C004191,0.0,0,406.05484429156735,100.0
C004192,1.0,1,1680.9133333333332,100.0
C004193,0.0,0,909.1600692887519,100.0
C004194,1.0,1,2125.3175712904304,100.0
C004195,0.0,0,943.9833796751466,100.0
C004196,0.0,0,1240.3972218043948,100.0
C004197,1.0,1,0.0,14.866610093240105
C004198,1.0,1,851.6988394666078,100.0
C004199,0.0,0,0.0,13.886448085248075
C004200,0.0,0,0.0,12.174898238485978
C004201,1.0,1,951.5443842625925,100.0
C004202,1.0,1,361.5272504762165,100.0
C004203,1.0,1,450.6898818776915,100.0
C004204,1.0,1,833.4587737018076,100.0
C004205,0.0,0,1763.7117594202289,100.0
C004206,0.0,0,1265.8060001905026,100.0
C004207,1.0,1,475.08699811166895,100.0
C004208,0.0,0,0.0,8.4048516917911
C004209,0.0,0,0.0,10.67601122619023
C004210,0.0,0,395.07080707090756,100.0
C004211,1.0,1,1379.3306460935353,100.0
C004212,1.0,1,415.2165266056506,100.0
C004213,0.0,0,939.4553294091176,100.0
C004214,0.0,0,1108.0985265643583,100.0
C004215,0.0,0,483.15147083551784,100.0
C004216,0.02,0,310.4418640908745,100.0
C004217,0.0,0,1137.048866647097,100.0
C004218,1.0,1,208.17971039046733,100.0
C004219,0.0,0,1542.3579422596636,100.0
C004220,0.0,0,0.0,10.216353417010527
C004221,1.0,1,370.33095238095234,100.0
C004222,0.0,0,0.0,11.840066135600944
C004223,1.0,1,0.0,15.524766666666688
C004224,0.0,0,335.35471270172906,100.0
C004225,0.0,0,893.8502505806787,100.0
C004226,0.0,0,386.0549120619426,100.0
C004227,1.0,1,1814.3097678994263,100.0
C004228,1.0,1,804.6782577058832,100.0
C004229,1.0,1,546.9882120584658,100.0
C004230,0.0,0,341.21538047069436,100.0
C004231,1.0,1,212.4620261955514,100.0
C004232,0.0,0,0.0,11.240923034858596
C004233,0.0,0,154.0155683661036,100.0
C004234,0.0,0,1137.2953480928095,100.0
C004235,1.0,1,0.0,12.083734669577852
C004236,0.0,0,377.42527620635417,100.0
C004237,0.0,0,380.6657454162606,100.0
C004238,1.0,1,2773.541645021645,100.0
C004239,1.0,1,0.0,9.53178287473588
C004240,1.0,1,1916.305899741571,100.0
C004241,0.0,0,475.6121067570803,100.0
C004242,0.0,0,1998.0,100.0
C004243,1.0,1,0.0,13.558881839515333
C004244,0.0,0,375.69502262981536,100.0
C004245,0.0,0,539.3791185121423,100.0
C004246,0.0,0,1159.5168516355136,100.0
C004247,0.0,0,441.6566666666667,100.0
C004248,0.0,0,465.55532064834387,100.0
C004249,0.0,0,1777.647429147439,100.0
C004250,0.0,0,330.8350729165561,100.0
C004251,0.0,0,2083.89575595446,100.0
C004252,1.0,1,662.5291305390364,100.0
C004253,0.0,0,0.0,10.992002712010212
C004254,0.0,0,476.3629889206808,100.0
C004255,0.0,0,2301.0,100.0
C004256,0.0,0,1074.5187113754453,100.0
C004257,0.0,0,1871.532014582202,100.0
C004258,0.0,0,1117.7352213372221,100.0
C004259,1.0,1,999.0,100.0
C004260,1.0,1,439.2257087397846,100.0
C004261,0.0,0,0.0,9.931489282648705
C004262,0.0,0,1998.0,100.0
C004263,0.0,0,1153.5453932180687,100.0
C004264,1.0,1,1286.9394222689077,100.0
C004265,0.0,0,1939.4514835687703,100.0
C004266,0.0,0,0.0,10.701184116161617
C004267,0.01,0,1315.7537742372253,100.0
C004268,0.0,0,209.10940264240864,100.0
C004269,0.0,0,1509.2334370230953,100.0
C004270,0.0,0,999.7687873164152,100.0
C004271,1.0,1,697.388226141302,100.0
C004272,0.0,0,210.8133836285989,100.0
C004273,1.0,1,1275.2658994073606,100.0
C004274,0.0,0,1728.749396786479,100.0
C004275,1.0,1,2272.285812137564,100.0
C004276,1.0,1,483.0,100.0
C004277,0.0,0,214.1210073359566,100.0
C004278,0.0,0,794.5623377007496,100.0
C004279,0.0,0,1000.4635851108865,100.0
C004280,0.0,0,999.0,100.0
C004281,1.0,1,1172.9672306497682,100.0
C004282,1.0,1,1188.4875533078969,100.0
C004283,0.0,0,900.597613017789,100.0
C004284,1.0,1,274.1,100.0
C004285,1.0,1,1246.0482655575347,100.0
C004286,0.0,0,2606.0,100.0
C004287,0.0,0,1311.7369605629478,100.0
C004288,0.0,0,1761.7883317828528,100.0
C004289,1.0,1,155.84645057097796,100.0
C004290,0.0,0,1140.1871432972926,100.0
C004291,0.0,0,1073.5590138601917,100.0
C004292,0.0,0,395.08326641792087,100.0
C004293,1.0,1,933.2717547341593,100.0
C004294,0.0,0,688.9233687119731,100.0
C004295,0.0,0,1107.713220847673,100.0
C004296,1.0,1,1275.488731008201,100.0
C004297,0.0,0,827.3724993299634,100.0
C004298,0.0,0,883.1925003157762,100.0
C004299,1.0,1,834.9382188395018,100.0
C004300,1.0,1,0.0,12.038104687228953
C004301,1.0,1,445.0983204431167,100.0
C004302,1.0,1,2026.0,100.0
C004303,0.0,0,0.0,10.370230631329461
C004304,1.0,1,0.0,12.816640850288593
C004305,0.0,0,168.0025031635202,100.0
C004306,1.0,1,1126.6936636878352,100.0
C004307,1.0,1,999.0,100.0
C004308,0.0,0,377.0588579035755,100.0
C004309,0.0,0,0.0,11.50492978675588
C004310,0.0,0,685.9519890504657,100.0
C004311,1.0,1,2191.717129802856,100.0
C004312,1.0,1,0.0,13.11585699321834
C004313,0.0,0,193.27599636494762,100.0
C004314,0.0,0,1866.9607719067365,100.0
C004315,0.0,0,2762.75,100.0
C004316,1.0,1,1112.1158497488643,100.0
C004317,0.0,0,411.82390940393054,100.0
C004318,0.0,0,172.71462877385497,100.0
C004319,0.0,0,1266.323265017487,100.0
C004320,0.0,0,430.2864470496196,100.0
C004321,1.0,1,2691.53,100.0
C004322,0.0,0,0.0,12.518246951685114
C004323,0.0,0,2151.3945428783995,100.0
C004324,1.0,1,932.4268675617635,100.0
C004325,1.0,1,149.5665822101074,100.0
C004326,1.0,1,875.900066833751,100.0
C004327,1.0,1,1105.199283152872,100.0
C004328,1.0,1,0.0,8.656460634386407
C004329,0.0,0,189.68203933080554,100.0
C004330,0.0,0,1092.8146113862063,100.0
C004331,0.0,0,1310.308363600495,100.0
C004332,0.0,0,388.86076753393746,100.0
C004333,1.0,1,999.0,100.0
C004334,0.0,0,835.5629628412674,100.0
C004335,0.0,0,2883.916666666667,100.0
C004336,0.0,0,1806.001013252093,100.0
C004337,1.0,1,0.0,15.340063449227996
C004338,0.0,0,0.0,11.82000368276168
C004339,0.0,0,237.1381347583547,100.0
C004340,0.0,0,0.0,11.112152510920819
C004341,0.0,0,2080.5022701886783,100.0
C004342,1.0,1,1018.192105516073,100.0
C004343,0.0,0,1050.0987103018256,100.0
C004344,1.0,1,1246.7140930748826,100.0
C004345,0.0,0,869.0170112107736,100.0
C004346,1.0,1,1078.7778509647196,100.0
C004347,0.0,0,1313.3223074274958,100.0
C004348,1.0,1,419.41450097265886,100.0
C004349,0.0,0,2220.809674954675,100.0
C004350,0.0,0,859.3195298017808,100.0
C004351,0.0,0,487.27479509814214,100.0
C004352,0.0,0,2920.385964912281,100.0
C004353,0.99,1,2768.69,100.0
C004354,1.0,1,2229.76489408678,100.0
C004355,0.0,0,0.0,10.430474141800758
C004356,0.0,0,2997.0,100.0
C004357,0.0,0,1049.470481137185,100.0
C004358,0.0,0,0.0,12.96208969528246
C004359,0.0,0,2833.7192982456136,100.0
C004360,0.0,0,349.48617415177944,100.0
C004361,0.0,0,1998.0,100.0
C004362,1.0,1,406.88228540478883,100.0
C004363,0.0,0,1121.0363210038608,100.0
C004364,1.0,1,398.6633541754405,100.0
C004365,0.0,0,1979.8000621897854,100.0
C004366,1.0,1,0.0,14.514227651458256
C004367,0.0,0,1148.9822214994772,100.0
C004368,0.0,0,230.73892694877708,100.0
C004369,0.0,0,927.8819910514541,100.0
C004370,1.0,1,1332.5324741661723,100.0
C004371,0.0,0,273.5252968777813,100.0
C004372,1.0,1,334.185903097565,100.0
C004373,0.0,0,0.0,10.975198766926214
C004374,0.0,0,0.0,11.306124714671299
C004375,1.0,1,1170.1459538975405,100.0
C004376,0.0,0,214.14926259464903,100.0
C004377,0.0,0,179.76332404156858,100.0
C004378,0.0,0,987.8603361239741,100.0
C004379,0.0,0,272.71879020187384,100.0
C004380,0.0,0,1950.7064949278365,100.0
C004381,0.0,0,1208.4397146990793,100.0
C004382,0.0,0,892.4912569695069,100.0
C004383,0.0,0,1068.8065521198157,100.0
C004384,1.0,1,2121.16046846959,100.0
C004385,1.0,1,0.0,11.056119482625123
C004386,0.99,1,0.0,14.150100169576687
C004387,0.0,0,273.6824364357715,100.0
C004388,1.0,1,2752.98,100.0
C004389,1.0,1,1177.5769716158784,100.0
C004390,1.0,1,999.0,100.0
C004391,1.0,1,1187.0044060340201,100.0
C004392,1.0,1,2134.558380262246,100.0
C004393,0.0,0,0.0,11.997818292581194
C004394,1.0,1,324.1132495255392,100.0
C004395,1.0,1,999.0,100.0
C004396,1.0,1,1004.7785006149821,100.0
C004397,0.0,0,158.4568245552495,100.0
C004398,1.0,1,1012.1921593964197,100.0
C004399,1.0,1,1025.6473910875438,100.0
C004400,0.0,0,547.6442697008305,100.0
C004401,0.0,0,409.42093242447373,100.0
C004402,0.0,0,2184.7641249276885,100.0
C004403,1.0,1,740.4589475796106,100.0
C004404,0.0,0,1259.0292004028324,100.0
C004405,0.0,0,923.9722306484587,100.0
C004406,1.0,1,386.8728120400041,100.0
C004407,1.0,1,967.0,100.0
C004408,0.0,0,999.0,100.0
C004409,1.0,1,925.8722698564679,100.0
C004410,0.0,0,510.7263090425443,100.0
C004411,1.0,1,2137.118407170751,100.0
C004412,0.0,0,1202.917403156172,100.0
C004413,1.0,1,2766.0,100.0
C004414,1.0,1,393.37079665483515,100.0
C004415,0.0,0,347.67822011952757,100.0
C004416,1.0,1,2859.0,100.0
C004417,0.0,0,1238.503938522089,100.0
C004418,0.0,0,1210.959552625164,100.0
C004419,0.0,0,895.7880453523867,100.0
C004420,1.0,1,813.1162146892195,100.0
C004421,1.0,1,1100.743645963659,100.0
C004422,0.0,0,1985.5749779095227,100.0
C004423,1.0,1,2700.5,100.0
C004424,0.99,1,1554.4365606058104,100.0
C004425,0.0,0,417.93503620843217,100.0
C004426,0.0,0,2234.690210257578,100.0
C004427,0.0,0,2487.939,100.0
C004428,0.0,0,1370.2840897294443,100.0
C004429,0.0,0,187.35260505259438,100.0
C004430,1.0,1,205.44161814378873,100.0
C004431,0.0,0,1058.1703319427534,100.0
C004432,1.0,1,176.61623421707117,100.0
C004433,0.0,0,1017.9104257992954,100.0
C004434,1.0,1,176.31332577461032,100.0
C004435,0.0,0,2164.4373250714552,100.0
C004436,0.0,0,728.3514057789776,100.0
C004437,1.0,1,250.14519371532518,100.0
C004438,1.0,1,798.9620921011685,100.0
C004439,0.0,0,2834.98,100.0
C004440,0.0,0,999.0,100.0
C004441,1.0,1,2832.05354978355,100.0
C004442,0.0,0,999.0,100.0
C004443,1.0,1,444.83761056245044,100.0
C004444,0.0,0,1044.0744336845446,100.0
C004445,0.0,0,409.2781497452021,100.0
C004446,1.0,1,370.5562842343276,100.0
C004447,1.0,1,217.74746995568,100.0
C004448,0.0,0,291.6249472693386,100.0
C004449,0.0,0,1436.9604563492064,100.0
C004450,0.0,0,967.9703808148371,100.0
C004451,0.0,0,0.0,10.116314028384313
C004452,0.0,0,501.2964502068257,100.0
C004453,1.0,1,2921.0,100.0
C004454,0.0,0,2028.448714460246,100.0
C004455,0.0,0,161.89589394183798,100.0
C004456,0.0,0,1039.2113434325097,100.0
C004457,0.0,0,1662.8984731632547,100.0
C004458,1.0,1,2011.53256302521,100.0
C004459,0.0,0,0.0,11.801562906005787
C004460,1.0,1,336.9155501203088,100.0
C004461,0.0,0,361.853838348676,100.0
C004462,0.0,0,1837.2507407647906,100.0
C004463,0.0,0,381.9757751937984,100.0
C004464,1.0,1,1125.6139438766384,100.0
C004465,0.0,0,999.0,100.0
C004466,1.0,1,0.0,11.527185047944236
C004467,0.0,0,428.8375760603328,100.0
C004468,0.0,0,1998.0,100.0
C004469,1.0,1,933.8589527614633,100.0
C004470,1.0,1,378.3670233042716,100.0
C004471,0.01,0,1753.8475456689616,100.0
C004472,1.0,1,1982.7792322589946,100.0
C004473,1.0,1,197.55210880371396,100.0
C004474,0.0,0,417.3463651636797,100.0
C004475,1.0,1,200.64716118628058,100.0
C004476,1.0,1,999.0,100.0
C004477,0.0,0,2147.58742541572,100.0
C004478,1.0,1,0.0,11.659609763658832
C004479,0.0,0,422.9560157166836,100.0
C004480,0.0,0,386.1768166334275,100.0
C004481,0.0,0,1105.8349734431715,100.0
C004482,1.0,1,934.7472965656121,100.0
C004483,1.0,1,586.1323500780804,100.0
C004484,0.0,0,1403.9086956079773,100.0
C004485,1.0,1,197.47785849367617,100.0
C004486,0.0,0,626.4366867537227,100.0
C004487,1.0,1,0.0,11.907558272005767
C004488,1.0,1,999.0,100.0
C004489,1.0,1,743.0453702149296,100.0
C004490,0.0,0,1825.4943983118328,100.0
C004491,0.0,0,2222.071193268711,100.0
C004492,0.0,0,410.28900169318894,100.0
C004493,0.0,0,1299.4015406420904,100.0
C004494,0.0,0,2128.418177951667,100.0
C004495,0.0,0,999.0,100.0
C004496,1.0,1,366.53796054113775,100.0
C004497,0.0,0,358.74483772126047,100.0
C004498,0.0,0,2276.5950231560787,100.0
C004499,0.0,0,2141.7980904179717,100.0
C004500,1.0,1,408.23967216146696,100.0
C004501,1.0,1,1969.1073053451532,100.0
C004502,0.0,0,497.3675113529922,100.0
C004503,0.0,0,0.0,13.236462191528453
C004504,1.0,1,801.3815591140255,100.0
C004505,1.0,1,1930.3904723439673,100.0
C004506,0.0,0,1998.0,100.0
C004507,1.0,1,189.54087214190378,100.0
C004508,0.0,0,0.0,10.344256737151753
C004509,0.0,0,195.65204391865612,100.0
C004510,0.0,0,513.9144279905667,100.0
C004511,0.0,0,1135.3266571014549,100.0
C004512,0.0,0,299.00749882899277,100.0
C004513,0.01,0,0.0,10.158670903058935
C004514,0.0,0,670.5883367638274,100.0
C004515,0.01,0,0.0,9.47648828300741
C004516,1.0,1,339.0624166403151,100.0
C004517,0.0,0,1803.7190797044627,100.0
C004518,1.0,1,0.0,10.04076877963213
C004519,1.0,1,349.0167434540441,100.0
C004520,1.0,1,1150.5999821169116,100.0
C004521,0.0,0,467.5453206483438,100.0
C004522,0.0,0,445.55103295698916,100.0
C004523,1.0,1,0.0,9.346936257309931
C004524,1.0,1,1998.0,100.0
C004525,0.0,0,2703.94,100.0
C004526,0.0,0,750.2475281195508,100.0
C004527,1.0,1,2911.0,100.0
C004528,0.0,0,1634.957496475264,100.0
C004529,0.0,0,2921.0,100.0
C004530,0.0,0,897.1996372154281,100.0
C004531,1.0,1,0.0,9.600604249427043
C004532,1.0,1,2003.4451050330235,100.0
C004533,1.0,1,321.62500884753314,100.0
C004534,0.0,0,0.0,10.618081210114036
C004535,0.0,0,227.9724133509889,100.0
C004536,0.0,0,976.3240744180014,100.0
C004537,0.0,0,2256.774757927258,100.0
C004538,1.0,1,2194.5834217074666,100.0
C004539,0.0,0,0.0,15.379649047619036
C004540,1.0,1,1924.6183888346045,100.0
C004541,0.0,0,1234.126874772102,100.0
C004542,1.0,1,606.6475734404727,100.0
C004543,0.0,0,501.6085106469151,100.0
C004544,0.0,0,999.0,100.0
C004545,1.0,1,999.0,100.0
C004546,0.0,0,0.0,10.536156906214705
C004547,0.0,0,348.8985667067858,100.0
C004548,0.0,0,298.17981696381145,100.0
C004549,0.0,0,492.9817590411604,100.0
C004550,0.0,0,393.43856353567026,100.0
C004551,1.0,1,1109.2721851788672,100.0
C004552,1.0,1,450.51585811708304,100.0
C004553,0.0,0,206.84509210240884,100.0
C004554,0.0,0,0.0,11.913921216551048
C004555,0.0,0,213.36625773017096,100.0
C004556,0.0,0,999.0,100.0
C004557,0.0,0,2017.5205828197538,100.0
C004558,1.0,1,237.96649620713143,100.0
C004559,1.0,1,227.8432606154047,100.0
C004560,0.0,0,2143.626852909948,100.0
C004561,0.0,0,323.432173593411,100.0
C004562,0.0,0,1163.8406675139524,100.0
C004563,0.0,0,1146.3800716888911,100.0
C004564,0.0,0,441.44072964190275,100.0
C004565,0.0,0,201.38435899902314,100.0
C004566,0.0,0,1292.2407817560684,100.0
C004567,0.0,0,195.65204391865612,100.0
C004568,0.0,0,205.43696274538527,100.0
C004569,1.0,1,1116.4095655149574,100.0
C004570,0.0,0,489.4985170470258,100.0
C004571,0.0,0,567.6634633154539,100.0
C004572,0.0,0,810.2380816608336,100.0
C004573,0.0,0,1998.0,100.0
C004574,0.0,0,186.07346775903756,100.0
C004575,0.0,0,212.86137104605433,100.0
C004576,1.0,1,2096.8264580373275,100.0
C004577,0.0,0,1942.7527151358547,100.0
C004578,0.0,0,773.5137023791697,100.0
C004579,0.0,0,417.98228879070695,100.0
C004580,0.0,0,528.9070713535729,100.0
C004581,0.0,0,0.0,13.360992073462937
C004582,0.0,0,999.0,100.0
C004583,1.0,1,1180.635528902694,100.0
C004584,0.0,0,0.0,12.52388517354159
C004585,0.0,0,1634.608362739701,100.0
C004586,0.0,0,999.0,100.0
C004587,1.0,1,0.0,14.265488896103893
C004588,0.0,0,999.0,100.0
C004589,0.01,0,0.0,10.00193461233211
C004590,1.0,1,1292.1810729785948,100.0
C004591,0.0,0,1098.318457278639,100.0
C004592,0.0,0,1189.89852817227,100.0
C004593,1.0,1,0.0,14.4053121123321
C004594,0.0,0,0.0,10.262977664166002
C004595,0.0,0,462.98004985687857,100.0
C004596,0.0,0,202.28587223742477,100.0
C004597,0.0,0,779.561193130861,100.0
C004598,0.0,0,1217.3598317183041,100.0
C004599,1.0,1,913.0,100.0
C004600,1.0,1,999.0,100.0
C004601,0.0,0,1122.8324020502334,100.0
C004602,1.0,1,206.04478254706547,100.0
C004603,1.0,1,0.0,13.309576524912979
C004604,1.0,1,274.93124124546966,100.0
C004605,1.0,1,0.0,13.171639999999995
C004606,0.0,0,0.0,10.181154323731825
C004607,0.0,0,0.0,12.090983325171205
C004608,0.0,0,0.0,11.425951534204817
C004609,0.0,0,0.0,14.196252258877522
C004610,1.0,1,181.48258715598328,100.0
C004611,0.0,0,403.73349289679606,100.0
C004612,1.0,1,346.5048383692763,100.0
C004613,1.0,1,1331.3287485446613,100.0
C004614,1.0,1,461.7530089620486,100.0
C004615,0.0,0,1296.4812984114576,100.0
C004616,0.0,0,1082.6112765334144,100.0
C004617,0.0,0,1998.0,100.0
C004618,1.0,1,445.27350468681595,100.0
C004619,1.0,1,1939.917863763521,100.0
C004620,1.0,1,228.91572765578235,100.0
C004621,0.0,0,964.1622939423075,100.0
C004622,0.0,0,0.0,11.529580264657723
C004623,0.0,0,387.1304028458721,100.0
C004624,1.0,1,1099.6807046275098,100.0
C004625,0.0,0,384.6335625394171,100.0
C004626,0.0,0,1093.587966025865,100.0
C004627,1.0,1,360.046735775288,100.0
C004628,1.0,1,999.0,100.0
C004629,0.0,0,2997.0,100.0
C004630,1.0,1,397.3993672058467,100.0
C004631,0.0,0,453.192583166494,100.0
C004632,0.0,0,1987.1624888074884,100.0
C004633,0.0,0,1142.2992853059336,100.0
C004634,1.0,1,881.3236993116549,100.0
C004635,0.0,0,952.4692841919385,100.0
C004636,1.0,1,963.3898708307361,100.0
C004637,0.0,0,369.0139916260247,100.0
C004638,0.0,0,0.0,9.09300439562399
C004639,1.0,1,1072.7802107541581,100.0
C004640,0.0,0,638.8186118924403,100.0
C004641,1.0,1,0.0,11.372362588920737
C004642,0.0,0,2124.3101597546765,100.0
C004643,0.0,0,1304.5833439955566,100.0
C004644,0.0,0,605.412765215158,100.0
C004645,0.0,0,1203.8044799128768,100.0
C004646,1.0,1,1025.9602608736075,100.0
C004647,0.0,0,669.0516625899451,100.0
C004648,0.0,0,1130.8085990818843,100.0
C004649,1.0,1,570.7778988678083,100.0
C004650,0.0,0,1213.0,100.0
C004651,0.0,0,1124.3431218742635,100.0
C004652,0.0,0,1659.931282051282,100.0
C004653,0.0,0,0.0,15.508590904768601
C004654,0.0,0,1288.3664610949631,100.0
C004655,0.0,0,999.0,100.0
C004656,1.0,1,308.74908271358396,100.0
C004657,0.0,0,185.8067345442022,100.0
C004658,1.0,1,191.21546414233487,100.0
C004659,0.0,0,221.88161729325478,100.0
C004660,0.0,0,900.75,100.0
C004661,0.0,0,1003.5105067812192,100.0
C004662,0.0,0,412.7462868922253,100.0
C004663,1.0,1,987.2431873244013,100.0
C004664,0.0,0,999.0,100.0
C004665,0.99,1,1084.711426912575,100.0
C004666,0.0,0,461.19714552487653,100.0
C004667,0.0,0,1164.7571573846515,100.0
C004668,0.0,0,1003.8257544515122,100.0
C004669,0.99,1,0.0,12.358174583231259
C004670,0.99,1,2671.0,100.0
C004671,0.0,0,0.0,13.084541546411526
C004672,0.0,0,737.8428771256908,100.0
C004673,1.0,1,0.0,13.068413947352958
C004674,0.0,0,1456.5047648728082,100.0
C004675,0.0,0,999.0,100.0
C004676,1.0,1,0.0,14.053020751131791
C004677,0.0,0,419.9908918128655,100.0
C004678,1.0,1,1874.0849720218778,100.0
C004679,0.0,0,2767.052631578947,100.0
C004680,1.0,1,739.7968930708702,100.0
C004681,0.0,0,2061.475852637181,100.0
C004682,1.0,1,700.7472389029532,100.0
C004683,1.0,1,883.0524173415153,100.0
C004684,1.0,1,1052.2463586187657,100.0
C004685,0.0,0,155.46196169237473,100.0
C004686,0.0,0,999.0,100.0
C004687,0.0,0,2881.0,100.0
C004688,0.0,0,453.5219174362774,100.0
C004689,1.0,1,1298.6046882668477,100.0
C004690,0.0,0,236.0,100.0
C004691,0.0,0,167.2219255013444,100.0
C004692,0.98,1,180.1992456306092,100.0
C004693,0.0,0,589.5470197205151,100.0
C004694,1.0,1,143.3427904944841,100.0
C004695,1.0,1,395.43490044158716,100.0
C004696,1.0,1,325.9234887464593,100.0
C004697,0.0,0,0.0,12.03367885071628
C004698,0.003076923076923077,0,0.0,12.687409602030984
C004699,0.0,0,1054.2152211688235,100.0
C004700,1.0,1,1084.711426912575,100.0
C004701,0.0,0,2758.949523809524,100.0
C004702,1.0,1,1107.3129913951964,100.0
C004703,0.0,0,999.0,100.0
C004704,1.0,1,422.8059414407746,100.0
C004705,1.0,1,349.03233514682813,100.0
C004706,1.0,1,1209.888411189255,100.0
C004707,1.0,1,385.24030296792034,100.0
C004708,1.0,1,2091.3067041610216,100.0
C004709,1.0,1,141.43414351978913,100.0
C004710,0.0,0,885.0748136999437,100.0
C004711,0.0,0,1071.242441860465,100.0
C004712,0.0,0,1202.847348497964,100.0
C004713,1.0,1,2127.5933280490076,100.0
C004714,0.0,0,1220.3106655811719,100.0
C004715,0.0,0,0.0,8.896977338232174
C004716,0.0,0,155.20893929138725,100.0
C004717,0.0,0,0.0,11.752873424444406
C004718,1.0,1,1497.3397473170285,100.0
C004719,0.0,0,562.1242774108142,100.0
C004720,0.0,0,508.97606484238185,100.0
C004721,0.0,0,311.23648327096373,100.0
C004722,0.0,0,0.0,10.052980294161525
C004723,0.0,0,999.0,100.0
C004724,1.0,1,0.0,9.754061054095462
C004725,0.0,0,1077.2665429505134,100.0
C004726,0.0,0,1234.7080266900293,100.0
C004727,1.0,1,1998.0,100.0
C004728,0.0,0,1808.4399057281003,100.0
C004729,0.0,0,1117.3809070452085,100.0
C004730,0.0,0,1078.7557553322147,100.0
C004731,1.0,1,1304.609254815233,100.0
C004732,1.0,1,0.0,11.46361856778699
C004733,1.0,1,358.2708675423138,100.0
C004734,1.0,1,306.6357193205317,100.0
C004735,0.0,0,216.66025153219448,100.0
C004736,1.0,1,2032.8354686054683,100.0
C004737,1.0,1,0.0,12.177419937611424
C004738,0.0,0,999.0,100.0
C004739,1.0,1,2202.9987658637656,100.0
C004740,1.0,1,1040.8122635371576,100.0
C004741,0.0,0,999.0,100.0
C004742,0.0,0,1116.4092508501935,100.0
C004743,1.0,1,2753.6002506265663,100.0
C004744,0.0,0,338.46926523574854,100.0
C004745,0.0,0,467.0,100.0
C004746,0.01,0,176.20474381677363,100.0
C004747,0.0,0,665.3965637782784,100.0
C004748,0.0,0,0.0,9.931708062010227
C004749,1.0,1,410.15871509912677,100.0
C004750,0.0,0,913.3498097422457,100.0
C004751,0.0,0,200.55021027997472,100.0
C004752,0.0,0,925.9615670042584,100.0
C004753,0.0,0,948.9073892516301,100.0
C004754,0.0,0,1144.8678124269807,100.0
C004755,0.0,0,0.0,12.402652337680484
C004756,0.0,0,910.5128264394325,100.0
C004757,1.0,1,1259.5462873356644,100.0
C004758,0.0,0,659.3963096004752,100.0
C004759,0.0,0,216.66025153219448,100.0
C004760,0.0,0,1163.623419861814,100.0
C004761,0.97,1,420.4179674180116,100.0
C004762,1.0,1,0.0,12.325092434984967
C004763,0.0,0,1078.6035925990902,100.0
C004764,0.0,0,139.2250318309142,100.0
C004765,1.0,1,1998.0,100.0
C004766,0.0,0,2020.6148826701226,100.0
C004767,1.0,1,365.7383069104719,100.0
C004768,0.0,0,214.3662000834404,100.0
C004769,0.0,0,334.86400781826865,100.0
C004770,0.0,0,1926.699914873064,100.0
C004771,0.0,0,1106.9041587892646,100.0
C004772,1.0,1,1192.5008625614398,100.0
C004773,1.0,1,0.0,9.93262960849109
C004774,0.0,0,170.08386058739939,100.0
C004775,0.0,0,189.54811145831962,100.0
C004776,1.0,1,914.3420949438832,100.0
C004777,0.0,0,316.4037957805433,100.0
C004778,0.0,0,288.6369650623021,100.0
C004779,0.0,0,999.0,100.0
C004780,1.0,1,320.90310079604734,100.0
C004781,0.0,0,272.81021875949585,100.0
C004782,0.0,0,424.0970630627477,100.0
C004783,0.0,0,462.4333333333333,100.0
C004784,0.0,0,2112.6370759467686,100.0
C004785,1.0,1,1181.9063082106832,100.0
C004786,0.0,0,416.12767230733624,100.0
C004787,1.0,1,286.1,100.0
C004788,1.0,1,0.0,11.992122500000002
C004789,0.0,0,0.0,15.169976405644444
C004790,1.0,1,1833.781200560087,100.0
C004791,1.0,1,857.281543155249,100.0
C004792,0.0,0,0.0,10.404140741591855
C004793,0.0,0,999.0,100.0
C004794,0.0,0,1209.2933377813374,100.0
C004795,1.0,1,496.26194917616635,100.0
C004796,0.0,0,913.5370406708577,100.0
C004797,0.0,0,2014.1354583901102,100.0
C004798,0.0,0,415.42373387494126,100.0
C004799,0.0,0,235.0,100.0
C004800,0.0,0,0.0,14.011514956709954
C004801,0.0,0,1998.0,100.0
C004802,1.0,1,598.6881383860808,100.0
C004803,0.0,0,1998.0,100.0
C004804,0.0,0,1998.0,100.0
C004805,0.0,0,638.45,100.0
C004806,1.0,1,1403.9578728236454,100.0
C004807,0.0,0,0.0,9.403323595471614
C004808,1.0,1,1141.6566375823465,100.0
C004809,0.0,0,987.8926542906349,100.0
C004810,0.0,0,344.82945754758316,100.0
C004811,0.0,0,1954.7159109880213,100.0
C004812,0.0,0,679.7268768470459,100.0
C004813,1.0,1,1895.0370089642759,100.0
C004814,0.0,0,1249.2442185329921,100.0
C004815,0.0,0,0.0,13.402176662015409
C004816,1.0,1,883.8236718648818,100.0
C004817,0.0,0,321.9612998399967,100.0
C004818,1.0,1,2997.0,100.0
C004819,0.0,0,437.46498044733016,100.0
C004820,0.0,0,1143.292973836941,100.0
C004821,1.0,1,273.60490687711075,100.0
C004822,0.0,0,332.56700493087243,100.0
C004823,1.0,1,1109.709291407042,100.0
C004824,1.0,1,435.90565640554354,100.0
C004825,1.0,1,1998.0,100.0
C004826,0.0,0,999.0,100.0
C004827,0.0,0,183.02858965237698,100.0
C004828,0.0,0,814.5268414159069,100.0
C004829,1.0,1,112.42544050752585,100.0
C004830,0.0,0,418.34813470778056,100.0
C004831,0.99,1,1258.4560586626994,100.0
C004832,0.0,0,317.2469808517829,100.0
C004833,1.0,1,2741.0,100.0
C004834,0.0,0,332.53241371001974,100.0
C004835,0.0,0,1146.4720533906357,100.0
C004836,0.0,0,2778.253028404344,100.0
C004837,0.0,0,202.1089034994794,100.0
C004838,1.0,1,1898.3233333333335,100.0
C004839,1.0,1,319.5821054430198,100.0
C004840,1.0,1,199.0436221792593,100.0
C004841,0.0,0,2717.0,100.0
C004842,0.0,0,0.0,12.61623729153348
C004843,1.0,1,1192.4600963039168,100.0
C004844,0.0,0,2721.0,100.0
C004845,0.0,0,796.8459813622494,100.0
C004846,0.0,0,1342.5981111111114,100.0
C004847,0.0,0,2937.666666666666,100.0
C004848,0.0,0,1137.592958051818,100.0
C004849,1.0,1,1099.069696969697,100.0
C004850,0.0,0,0.0,9.880965022467688
C004851,1.0,1,1975.2619180528416,100.0
C004852,0.0,0,0.0,11.18056258145183
C004853,0.0,0,1171.3819805596304,100.0
C004854,0.0,0,1701.4627771253693,100.0
C004855,1.0,1,1763.255860805861,100.0
C004856,0.0,0,186.34780444268242,100.0
C004857,1.0,1,213.38816704258676,100.0
C004858,1.0,1,2803.1420000000003,100.0
C004859,1.0,1,288.6369650623021,100.0
C004860,0.0,0,0.0,15.538278054160752
C004861,1.0,1,1088.717518600294,100.0
C004862,0.0,0,0.0,9.39381122938972
C004863,1.0,1,0.0,13.056187962962966
C004864,0.0,0,1076.5314287241172,100.0
C004865,0.0,0,0.0,9.586522381696424
C004866,0.0,0,753.649314710318,100.0
C004867,0.0,0,0.0,11.945497939641209
C004868,0.0,0,155.48930581306746,100.0
C004869,0.0,0,1142.1563015586964,100.0
C004870,1.0,1,2137.80990377311,100.0
C004871,0.0,0,1230.7733754329902,100.0
C004872,0.0,0,0.0,12.947450721925131
C004873,0.0,0,1430.1886513356906,100.0
C004874,0.0,0,1258.8791349174226,100.0
C004875,1.0,1,148.77955398586246,100.0
C004876,0.0,0,999.0,100.0
C004877,0.0,0,1236.0165295840038,100.0
C004878,0.0,0,2067.0013895850743,100.0
C004879,0.0,0,196.80963704429908,100.0
C004880,0.0,0,186.45137039805087,100.0
C004881,1.0,1,0.0,9.547270953768455
C004882,0.0,0,1066.2883298323911,100.0
C004883,0.0,0,204.4694750555044,100.0
C004884,1.0,1,2751.4861111111113,100.0
C004885,1.0,1,415.5062850977711,100.0
C004886,1.0,1,471.3929474895785,100.0
C004887,0.0,0,578.6774245556661,100.0
C004888,0.0,0,2789.99,100.0
C004889,1.0,1,713.8157150061019,100.0
C004890,0.0,0,1010.7443982785745,100.0
C004891,0.0,0,1263.4080085335386,100.0
C004892,0.0,0,748.6364879341578,100.0
C004893,1.0,1,1217.4280263516127,100.0
C004894,0.0,0,336.40795805501693,100.0
C004895,1.0,1,191.24498002003563,100.0
C004896,1.0,1,0.0,10.651402697477321
C004897,0.0,0,272.5642763096998,100.0
C004898,1.0,1,846.2963692577231,100.0
C004899,1.0,1,1238.0426856302852,100.0
C004900,0.0,0,451.46494032088464,100.0
C004901,1.0,1,1019.7266151386527,100.0
C004902,0.0,0,1497.2451092525205,100.0
C004903,1.0,1,0.0,9.584484339058095
C004904,0.0,0,244.4205589495354,100.0
C004905,0.01,0,1062.819833170222,100.0
C004906,0.0,0,2022.6271737758432,100.0
C004907,0.0,0,1145.0085036466517,100.0
C004908,1.0,1,1397.0247782811712,100.0
C004909,0.0,0,458.15268727373984,100.0
C004910,1.0,1,165.02943394926714,100.0
C004911,0.0,0,1014.7077454050069,100.0
C004912,1.0,1,206.93812366864668,100.0
C004913,1.0,1,0.0,11.291852292743371
C004914,0.0,0,880.8554731522499,100.0
C004915,0.0,0,0.0,12.845363567054775
C004916,0.0,0,0.0,13.307846056823923
C004917,0.0,0,1361.6904761904764,100.0
C004918,1.0,1,1782.7772007847934,100.0
C004919,0.0,0,1411.1850029556733,100.0
C004920,0.0,0,1041.9309072175004,100.0
C004921,1.0,1,1058.0687935398903,100.0
C004922,0.0,0,1424.9553743052031,100.0
C004923,0.99,1,1888.4299901487661,100.0
C004924,0.0,0,724.1667139867785,100.0
C004925,0.0,0,2996.0,100.0
C004926,0.0,0,1223.3032526826905,100.0
C004927,1.0,1,999.0,100.0
C004928,1.0,1,512.7878787878788,100.0
C004929,1.0,1,568.3749845744177,100.0
C004930,1.0,1,1193.3021130613583,100.0
C004931,1.0,1,999.0,100.0
C004932,1.0,1,1259.5667097216726,100.0
C004933,0.0,0,486.1091392703097,100.0
C004934,0.0,0,1018.6666666666667,100.0
C004935,0.0,0,999.0,100.0
C004936,1.0,1,489.1123363965469,100.0
C004937,0.0,0,1448.1442143816575,100.0
C004938,0.0,0,818.6337791040851,100.0
C004939,1.0,1,0.0,11.10472013146888
C004940,0.0,0,241.85204044094738,100.0
C004941,0.0,0,1135.466111111111,100.0
C004942,1.0,1,1305.033467965471,100.0
C004943,0.0,0,398.30813507260586,100.0
C004944,0.0,0,1160.6149037352473,100.0
C004945,0.0,0,413.1573570833684,100.0
C004946,1.0,1,1808.1508355040764,100.0
C004947,0.0,0,1098.7724806363199,100.0
C004948,1.0,1,1126.5618966856537,100.0
C004949,1.0,1,825.4846869662947,100.0
C004950,0.0,0,999.0,100.0
C004951,1.0,1,1235.0276012837057,100.0
C004952,0.0,0,1275.5632200274383,100.0
C004953,0.0,0,0.0,11.010031198445859
C004954,0.0,0,999.0,100.0
C004955,0.0,0,1342.6944116597044,100.0
C004956,1.0,1,737.2303039576069,100.0
C004957,0.0,0,1169.2011947859387,100.0
C004958,0.0,0,1133.8387600998308,100.0
C004959,0.0,0,397.85854727432934,100.0
C004960,1.0,1,551.3914199262894,100.0
C004961,1.0,1,0.0,14.108713809523813
C004962,0.0,0,158.78820911460383,100.0
C004963,0.0,0,999.0,100.0
C004964,0.0,0,2442.215013453785,100.0
C004965,0.0,0,381.8563194451028,100.0
C004966,0.0,0,1009.3779027647593,100.0
C004967,0.0,0,1209.888411189255,100.0
C004968,0.0,0,442.07263249697326,100.0
C004969,1.0,1,2071.4246473622816,100.0
C004970,0.0,0,199.2173687878038,100.0
C004971,0.0,0,413.4240824119925,100.0
C004972,1.0,1,2263.501333333333,100.0
C004973,0.0,0,1254.6980246981675,100.0
C004974,1.0,1,1247.5097251840343,100.0
C004975,1.0,1,1376.5297482837527,100.0
C004976,0.0,0,231.8061003037653,100.0
C004977,1.0,1,1950.5859749146712,100.0
C004978,0.0,0,1100.4655328323379,100.0
C004979,0.0,0,1134.0364475343938,100.0
C004980,0.0,0,596.5222672458124,100.0
C004981,1.0,1,481.26076918211146,100.0
C004982,1.0,1,369.06995235703346,100.0
C004983,0.0,0,1040.3342888199113,100.0
C004984,0.0,0,2882.052631578947,100.0
C004985,0.0,0,1840.2922952920667,100.0
C004986,0.0,0,1180.529370819864,100.0
C004987,1.0,1,0.0,9.7664853486452
C004988,0.0,0,1156.2077704163273,100.0
C004989,1.0,1,395.3809459498412,100.0
C004990,1.0,1,185.03314713959878,100.0
C004991,0.0,0,0.0,8.523016271613598
C004992,0.0,0,1200.870450256987,100.0
C004993,0.0,0,0.0,14.944842164002969
C004994,1.0,1,0.0,11.67257135797081
C004995,1.0,1,2309.3677321616296,100.0
C004996,0.0,0,537.8972970587356,100.0
C004997,0.0,0,1480.75395867705,100.0
C004998,1.0,1,662.4037009415532,100.0
C004999,0.0,0,0.0,12.87552529479127
C005000,0.0,0,1173.6006965213248,100.0
C005001,1.0,1,371.92965285972633,100.0
C005002,1.0,1,207.12668154140542,100.0
C005003,0.0,0,1169.4343136811335,100.0
C005004,0.0,0,211.30752060767043,100.0
C005005,0.0,0,999.0,100.0
C005006,0.0,0,2158.1293219218587,100.0
C005007,0.0,0,0.0,12.226710463561549
C005008,0.0,0,985.5405700045974,100.0
C005009,1.0,1,1206.5378499168792,100.0
C005010,0.0,0,1999.8193113916727,100.0
C005011,0.0,0,1054.1587247988223,100.0
C005012,0.0,0,0.0,8.497740810409859
C005013,1.0,1,0.0,9.56634285714286
C005014,0.0,0,2098.7041009232253,100.0
C005015,1.0,1,502.70056224368255,100.0
C005016,1.0,1,133.02933105945945,100.0
C005017,1.0,1,2063.2420850568824,100.0
C005018,1.0,1,999.0,100.0
C005019,0.0,0,872.9791609025351,100.0
C005020,0.0,0,710.8486475242134,100.0
C005021,0.0,0,1183.220917032154,100.0
C005022,0.0,0,0.0,10.366618789708648
C005023,1.0,1,824.382100877295,100.0
C005024,0.0,0,746.9498591909023,100.0
C005025,0.0,0,1004.6419676133366,100.0
C005026,0.0,0,0.0,12.015876265397178
C005027,1.0,1,967.2187989604389,100.0
C005028,1.0,1,416.68327228184774,100.0
C005029,0.0,0,371.05819096547725,100.0
C005030,0.0,0,0.0,9.665227343101337
C005031,0.0,0,1137.592958051818,100.0
C005032,1.0,1,2120.9078616111565,100.0
C005033,0.0,0,966.1210809191344,100.0
C005034,0.01,0,0.0,10.925548600058848
C005035,0.0,0,936.1512207219326,100.0
C005036,1.0,1,135.24151720472966,100.0
C005037,0.0,0,482.55555555555554,100.0
C005038,1.0,1,506.76027558084706,100.0
C005039,1.0,1,1251.0,100.0
C005040,0.0,0,476.56757221375614,100.0
C005041,0.0,0,619.8745264501003,100.0
C005042,0.0,0,177.0057394023841,100.0
C005043,0.0,0,1834.5529662018162,100.0
C005044,1.0,1,338.50602686404665,100.0
C005045,0.0,0,2417.815,100.0
C005046,1.0,1,2724.15,100.0
C005047,0.0,0,322.7008543830527,100.0
C005048,0.99,1,0.0,8.962126973684205
C005049,0.0,0,174.76836580894766,100.0
C005050,1.0,1,0.0,9.98499746669997
C005051,1.0,1,633.1842375260998,100.0
C005052,0.0,0,0.0,15.085176320323999
C005053,0.0,0,1226.8837919777668,100.0
C005054,0.0,0,1028.593996817604,100.0
C005055,0.0,0,374.1898655477911,100.0
C005056,0.0,0,160.08283071440556,100.0
C005057,0.0,0,999.0,100.0
C005058,0.0,0,1201.2930396850127,100.0
C005059,0.0,0,1025.7957793073483,100.0
C005060,1.0,1,326.9884031116682,100.0
C005061,0.0,0,904.3808051021184,100.0
C005062,1.0,1,301.53967596274856,100.0
C005063,1.0,1,0.0,9.417757517072154
C005064,1.0,1,2032.5503854233064,100.0
C005065,1.0,1,771.2739927117779,100.0
C005066,0.0,0,415.672856701364,100.0
C005067,0.0,0,1167.165866082405,100.0
C005068,0.0,0,999.0,100.0
C005069,0.0,0,1501.367133739067,100.0
C005070,0.0,0,214.82660591634374,100.0
C005071,0.0,0,530.9360707697427,100.0
C005072,0.0,0,386.87141400677,100.0
C005073,1.0,1,167.45917728885445,100.0
C005074,0.0,0,2127.5815110368335,100.0
C005075,1.0,1,340.8354770505667,100.0
C005076,1.0,1,999.0,100.0
C005077,0.0,0,2036.642184070012,100.0
C005078,0.0,0,1110.0724931855311,100.0
C005079,0.0,0,231.17424634475614,100.0
C005080,0.0,0,468.0276360420518,100.0
C005081,1.0,1,945.0625148040158,100.0
C005082,1.0,1,160.9121458323875,100.0
C005083,1.0,1,168.0025031635202,100.0
C005084,1.0,1,0.0,13.124566666666675
C005085,0.0,0,330.7907608828776,100.0
C005086,1.0,1,234.85926475301,100.0
C005087,1.0,1,0.0,16.490220525356985
C005088,1.0,1,474.58673469387753,100.0
C005089,1.0,1,1827.7741953368268,100.0
C005090,1.0,1,999.0,100.0
C005091,0.0,0,336.7107431791674,100.0
C005092,0.0,0,1998.0,100.0
C005093,1.0,1,1073.8223878923563,100.0
C005094,0.0,0,1458.073870002546,100.0
C005095,1.0,1,1045.5738218278343,100.0
C005096,1.0,1,1087.164260463855,100.0
C005097,0.0,0,2002.0734967320261,100.0
C005098,0.0,0,999.0,100.0
C005099,1.0,1,199.24468908329814,100.0
C005100,1.0,1,999.0,100.0
C005101,0.0,0,211.60562969569713,100.0
C005102,1.0,1,359.92552010323,100.0
C005103,0.0,0,0.0,10.971730567588752
C005104,0.0,0,215.96530462213286,100.0
C005105,0.0,0,955.5463546276999,100.0
C005106,0.0,0,945.6177765614548,100.0
C005107,0.0,0,499.6216700041669,100.0
C005108,0.0,0,228.00574192462736,100.0
C005109,0.01,0,1216.6149288004374,100.0
C005110,0.0,0,1602.692383505742,100.0
C005111,1.0,1,0.0,12.063047122217302
C005112,0.0,0,2128.9391049292476,100.0
C005113,0.0,0,980.6293814860676,100.0
C005114,0.0,0,1126.417762805048,100.0
C005115,1.0,1,2761.0,100.0
C005116,0.0,0,0.0,13.41334382168676
C005117,1.0,1,252.65622483128277,100.0
C005118,0.0,0,0.0,12.497386884581847
C005119,1.0,1,1575.8933101274752,100.0
C005120,0.0,0,999.0,100.0
C005121,0.0,0,1109.8881339542966,100.0
C005122,1.0,1,339.21672087477964,100.0
C005123,0.0,0,971.9822428332238,100.0
C005124,0.0,0,846.9786896559112,100.0
C005125,0.0,0,324.9511278039579,100.0
C005126,0.0,0,1053.1512679534617,100.0
C005127,0.0,0,2681.0,100.0
C005128,1.0,1,452.2670064873767,100.0
C005129,0.0,0,0.0,11.796216868836336
C005130,0.0,0,977.6354018307711,100.0
C005131,1.0,1,0.0,10.3188918706865
C005132,0.0,0,2742.98,100.0
C005133,0.0,0,0.0,11.212017973032044
C005134,1.0,1,1254.244712362666,100.0
C005135,0.0,0,505.7066617383313,100.0
C005136,1.0,1,930.3028153402199,100.0
C005137,1.0,1,387.37706262840686,100.0
C005138,0.0,0,503.2355066762489,100.0
C005139,0.0,0,955.2274208441454,100.0
C005140,1.0,1,340.26030470433926,100.0
C005141,1.0,1,1998.0,100.0
C005142,0.0,0,2077.931684641434,100.0
C005143,1.0,1,0.0,13.149000810986314
C005144,0.0,0,183.5018051936912,100.0
C005145,0.0,0,469.16845463354696,100.0
C005146,0.0,0,0.0,9.974985852932752
C005147,1.0,1,999.0,100.0
C005148,0.0,0,0.0,9.912556053030094
C005149,1.0,1,1232.2854004822889,100.0
C005150,1.0,1,836.7876447449131,100.0
C005151,1.0,1,632.9666809979183,100.0
C005152,0.0,0,1108.3553797709087,100.0
C005153,1.0,1,1998.0,100.0
C005154,0.0,0,2165.9951258539977,100.0
C005155,0.0,0,377.30550856331917,100.0
C005156,0.0,0,0.0,13.221281931891635
C005157,0.0,0,422.3630199938441,100.0
C005158,0.0,0,351.66100419241127,100.0
C005159,1.0,1,1184.2147139391566,100.0
C005160,0.0,0,2018.0763504412107,100.0
C005161,0.0,0,1243.6857900184382,100.0
C005162,1.0,1,1998.0,100.0
C005163,0.0,0,481.2003545793973,100.0
C005164,0.0,0,1014.5677486934576,100.0
C005165,1.0,1,355.4812555347135,100.0
C005166,0.0,0,0.0,16.59946428571431
C005167,1.0,1,1689.662639982493,100.0
C005168,0.0,0,1124.7381780577127,100.0
C005169,0.003076923076923077,0,0.0,12.58245407013947
C005170,0.0,0,999.0,100.0
C005171,0.0,0,1776.8985406653633,100.0
C005172,0.0,0,221.14156972430558,100.0
C005173,0.0,0,447.02580401767415,100.0
C005174,0.0,0,514.9501183443555,100.0
C005175,1.0,1,1099.894733179354,100.0
C005176,1.0,1,2115.8967297671943,100.0
C005177,1.0,1,0.0,10.813771666666655
C005178,0.0,0,1318.039490847841,100.0
C005179,0.0,0,339.40515260823565,100.0
C005180,0.0,0,211.30752060767043,100.0
C005181,1.0,1,1384.6825974025974,100.0
C005182,0.0,0,1050.624341012111,100.0
C005183,1.0,1,1124.0882813905962,100.0
C005184,0.0,0,1093.553823995211,100.0
C005185,0.0,0,1998.0,100.0
C005186,0.0,0,1119.8212984729628,100.0
C005187,0.0,0,250.24886279681724,100.0
C005188,0.0,0,951.6823403564288,100.0
C005189,0.0,0,1352.8907478622891,100.0
C005190,0.0,0,0.0,12.99104176461566
C005191,1.0,1,492.64868835646166,100.0
C005192,0.0,0,1063.2204789837767,100.0
C005193,1.0,1,851.8119845038367,100.0
C005194,1.0,1,195.79565064301497,100.0
C005195,1.0,1,2155.0175337975156,100.0
C005196,0.0,0,511.3697222752326,100.0
C005197,0.0,0,397.51770644146893,100.0
C005198,1.0,1,0.0,12.819396670051928
C005199,1.0,1,404.96787272772946,100.0
C005200,1.0,1,0.0,9.861220375737078
C005201,0.0,0,353.6646873459965,100.0
C005202,1.0,1,316.35072577130296,100.0
C005203,0.0,0,1163.1297210678679,100.0
C005204,1.0,1,1998.0,100.0
C005205,0.0,0,651.4676497200446,100.0
C005206,0.0,0,999.0,100.0
C005207,0.0,0,330.9870288291443,100.0
C005208,1.0,1,905.3523809523809,100.0
C005209,0.0,0,434.36592986832164,100.0
C005210,0.0,0,896.5559437447201,100.0
C005211,0.0,0,534.2536486947541,100.0
C005212,1.0,1,159.15499317448655,100.0
C005213,0.0,0,384.590691580085,100.0
C005214,1.0,1,1092.7585176767677,100.0
C005215,1.0,1,411.98621004566206,100.0
C005216,0.0,0,1095.1716003649483,100.0
C005217,0.0,0,2091.6492544492544,100.0
C005218,1.0,1,1122.4413490856805,100.0
C005219,0.0,0,952.9326210584617,100.0
C005220,0.0,0,605.9064356670197,100.0
C005221,0.0,0,1144.8678124269807,100.0
C005222,0.0,0,1044.0744336845446,100.0
C005223,0.0,0,1095.1509351676168,100.0
C005224,1.0,1,1844.562929568593,100.0
C005225,0.0,0,168.6421425821107,100.0
C005226,1.0,1,1026.7206216006216,100.0
C005227,0.0,0,778.1687594399882,100.0
C005228,1.0,1,1242.150550534751,100.0
C005229,1.0,1,481.0549538283009,100.0
C005230,1.0,1,225.48185440870452,100.0
C005231,1.0,1,2143.856163920571,100.0
C005232,1.0,1,1200.924499965494,100.0
C005233,1.0,1,340.0901446572246,100.0
C005234,0.0,0,2263.133333333333,100.0
C005235,0.0,0,1352.5715556823409,100.0
C005236,0.0,0,1297.4317316076201,100.0
C005237,1.0,1,410.2546609912035,100.0
C005238,1.0,1,0.0,9.820700386473419
C005239,0.0,0,2061.0430628980444,100.0
C005240,1.0,1,2072.1974551992566,100.0
C005241,0.0,0,0.0,10.436879103810504
C005242,0.0,0,292.1171672195392,100.0
C005243,0.0,0,1941.6069545471955,100.0
C005244,0.0,0,1088.1652564432893,100.0
C005245,1.0,1,1107.321662268651,100.0
C005246,0.0,0,341.9614888485428,100.0
C005247,0.0,0,850.5930314676993,100.0
C005248,0.0,0,1962.8820914708963,100.0
C005249,0.0,0,999.0,100.0
C005250,0.0,0,999.0,100.0
C005251,0.0,0,340.32970895012375,100.0
C005252,0.003076923076923077,0,0.0,11.329104228357394
C005253,1.0,1,378.92911891346586,100.0
C005254,0.0,0,726.9355297926228,100.0
C005255,0.0,0,1108.0848030409,100.0
C005256,1.0,1,1157.9859681898693,100.0
C005257,0.0,0,1293.5584673109674,100.0
C005258,1.0,1,119.89074161468743,100.0
C005259,0.0,0,348.0618262511697,100.0
C005260,0.0,0,0.0,9.51841166666665
C005261,1.0,1,499.0985232403855,100.0
C005262,1.0,1,488.1040787959411,100.0
C005263,0.0,0,494.01378298064526,100.0
C005264,1.0,1,155.9984406715208,100.0
C005265,0.0,0,2062.7052113585587,100.0
C005266,0.0,0,496.94438172667947,100.0
C005267,1.0,1,398.9661447163664,100.0
C005268,0.0,0,1982.1870755262257,100.0
C005269,1.0,1,820.000739945881,100.0
C005270,0.0,0,157.89760106532324,100.0
C005271,1.0,1,0.0,12.102812853360087
C005272,1.0,1,256.98577335854935,100.0
C005273,0.0,0,1545.7135666537267,100.0
C005274,1.0,1,334.3685222593862,100.0
C005275,0.0,0,1244.496435929079,100.0
C005276,0.0,0,0.0,11.947503424015586
C005277,1.0,1,0.0,9.4681815827809
C005278,0.0,0,1031.792692220295,100.0
C005279,0.0,0,1760.1457569672536,100.0
C005280,0.0,0,548.028960832233,100.0
C005281,0.0,0,227.8432606154047,100.0
C005282,0.0,0,152.07112161598425,100.0
C005283,1.0,1,377.8842877864574,100.0
C005284,1.0,1,467.8932813646924,100.0
C005285,0.0,0,0.0,12.710326608550954
C005286,0.0,0,444.27927614667425,100.0
C005287,1.0,1,0.0,13.99586211743549
C005288,1.0,1,1257.0469651182436,100.0
C005289,0.0,0,251.94275798102277,100.0
C005290,0.0,0,999.0,100.0
C005291,1.0,1,383.10268261088686,100.0
C005292,1.0,1,2817.419695071011,100.0
C005293,1.0,1,999.0,100.0
C005294,1.0,1,2801.4666666666662,100.0
C005295,1.0,1,1218.536985879539,100.0
C005296,0.0,0,267.87464372905504,100.0
C005297,0.0,0,370.4142540478849,100.0
C005298,0.0,0,341.25599618816307,100.0
C005299,1.0,1,310.1837622564857,100.0
C005300,0.0,0,340.26030470433926,100.0
C005301,0.0,0,221.21734041967622,100.0
C005302,0.0,0,502.7730865175891,100.0
C005303,1.0,1,0.0,8.878056150375933
C005304,1.0,1,473.1500699785013,100.0
C005305,0.0,0,587.7420652675519,100.0
C005306,0.0,0,999.0,100.0
C005307,1.0,1,2071.7511146944844,100.0
C005308,1.0,1,1822.8217529048532,100.0
C005309,1.0,1,1092.6169694684763,100.0
C005310,0.01,0,2657.7,100.0
C005311,1.0,1,395.3071386724954,100.0
C005312,0.0,0,1034.1105865505274,100.0
C005313,0.0,0,1152.9852545259282,100.0
C005314,0.0,0,1059.591373776402,100.0
C005315,1.0,1,1310.269419849836,100.0
C005316,1.0,1,999.0,100.0
C005317,0.0,0,946.6375570471787,100.0
C005318,0.0,0,492.54555555555555,100.0
C005319,0.0,0,0.0,10.271814268071964
C005320,0.0,0,388.14477090856576,100.0
C005321,1.0,1,864.1088540198043,100.0
C005322,0.0,0,0.0,11.977098485297486
C005323,0.0,0,2125.654042198087,100.0
C005324,0.0,0,0.0,10.363553294372299
C005325,1.0,1,475.0694334851536,100.0
C005326,1.0,1,2034.6186456187281,100.0
C005327,0.0,0,331.38829789978627,100.0
C005328,1.0,1,1894.5342674838603,100.0
C005329,0.0,0,495.531052317876,100.0
C005330,0.0,0,1105.856326941691,100.0
C005331,0.0,0,596.2407145242126,100.0
C005332,0.003076923076923077,0,0.0,10.160023765343185
C005333,1.0,1,0.0,9.170465849872349
C005334,0.0,0,1133.635502740743,100.0
C005335,1.0,1,2109.4824915824915,100.0
C005336,1.0,1,780.0597808378426,100.0
C005337,0.0,0,791.0978678905367,100.0
C005338,0.0,0,340.05140647455505,100.0
C005339,0.0,0,860.3521825578568,100.0
C005340,1.0,1,1161.8542027394124,100.0
C005341,1.0,1,2048.968587074324,100.0
C005342,0.0,0,311.74210048637065,100.0
C005343,0.0,0,1748.6358500204005,100.0
C005344,0.0,0,1078.7348465484472,100.0
C005345,0.0,0,168.0025031635202,100.0
C005346,0.0,0,0.0,11.178519977928369
C005347,0.0,0,2095.6414483011927,100.0
C005348,0.99,1,1803.0532762281218,100.0
C005349,1.0,1,179.77304836972965,100.0
C005350,1.0,1,211.45004622089712,100.0
C005351,1.0,1,417.76701958338526,100.0
C005352,1.0,1,1177.6220895603408,100.0
C005353,0.0,0,1902.0571338166878,100.0
C005354,1.0,1,178.86787733153042,100.0
C005355,1.0,1,1131.5661804718877,100.0
C005356,1.0,1,1795.3075686481827,100.0
C005357,0.0,0,342.02991190535454,100.0
C005358,0.0,0,872.0871276750445,100.0
C005359,0.0,0,0.0,12.995542777679562
C005360,1.0,1,2024.187065278133,100.0
C005361,1.0,1,999.0,100.0
C005362,1.0,1,1945.5741746031742,100.0
C005363,0.0,0,601.4754968785558,100.0
C005364,0.0,0,0.0,10.737655706434097
C005365,0.0,0,1124.7730425232708,100.0
C005366,1.0,1,428.11751568394254,100.0
C005367,1.0,1,999.0,100.0
C005368,0.0,0,1196.1204460077818,100.0
C005369,0.0,0,0.0,14.023542023809528
C005370,0.0,0,1061.2970472141308,100.0
C005371,1.0,1,402.87203042495014,100.0
C005372,0.0,0,0.0,8.406762158220694
C005373,1.0,1,0.0,10.88242777777779
C005374,0.0,0,870.7323349967232,100.0
C005375,0.0,0,304.1565022520537,100.0
C005376,0.0,0,207.35266227017513,100.0
C005377,1.0,1,888.6013541920643,100.0
C005378,1.0,1,1925.9328816632187,100.0
C005379,0.0,0,470.38942633185815,100.0
C005380,1.0,1,1089.8527843101804,100.0
C005381,0.0,0,1883.1145506274904,100.0
C005382,1.0,1,1171.9715391960196,100.0
C005383,0.0,0,742.204227494367,100.0
C005384,0.0,0,571.6889052826068,100.0
C005385,0.0,0,951.0,100.0
C005386,1.0,1,333.1968861330825,100.0
C005387,0.0,0,731.0299480825622,100.0
C005388,1.0,1,1783.1387008206605,100.0
C005389,0.0,0,359.53797428842836,100.0
C005390,0.0,0,483.9742822966507,100.0
C005391,0.0,0,850.9502107541582,100.0
C005392,1.0,1,1084.864559395127,100.0
C005393,0.0,0,408.86276240099767,100.0
C005394,0.0,0,195.2951595200915,100.0
C005395,1.0,1,2105.287512461201,100.0
C005396,0.0,0,210.52927324526445,100.0
C005397,1.0,1,1145.6790353214642,100.0
C005398,1.0,1,1836.9394729344726,100.0
C005399,1.0,1,0.0,11.13082896295868
C005400,0.0,0,460.5046296296296,100.0
C005401,1.0,1,545.0341835192577,100.0
C005402,0.0,0,1839.0328664247218,100.0
C005403,1.0,1,771.891291538914,100.0
C005404,0.0,0,1062.5335419061225,100.0
C005405,1.0,1,0.0,13.005850858585841
C005406,0.0,0,587.0233942414175,100.0
C005407,0.0,0,1190.43391110963,100.0
C005408,1.0,1,622.8635873123039,100.0
C005409,0.0,0,1998.0,100.0
C005410,0.0,0,1406.80463783268,100.0
C005411,1.0,1,2211.974066477138,100.0
C005412,1.0,1,0.0,13.099167565004382
C005413,1.0,1,445.772744934887,100.0
C005414,1.0,1,1290.325493990316,100.0
C005415,0.0,0,988.106393354095,100.0
C005416,1.0,1,1179.86405697186,100.0
C005417,1.0,1,1294.3633237702625,100.0
C005418,1.0,1,2713.3661904761907,100.0
C005419,1.0,1,1149.7666319740747,100.0
C005420,0.0,0,878.1033725473088,100.0
C005421,1.0,1,1940.037565430195,100.0
C005422,1.0,1,553.5912616820514,100.0
C005423,0.0,0,1255.0081411171473,100.0
C005424,0.0,0,143.09804558575286,100.0
C005425,1.0,1,1109.6811445046421,100.0
C005426,1.0,1,902.9471152226097,100.0
C005427,0.0,0,2058.282046318472,100.0
C005428,0.0,0,251.03145851259146,100.0
C005429,1.0,1,2703.94,100.0
C005430,1.0,1,1145.2294077055426,100.0
C005431,1.0,1,238.31347962382446,100.0
C005432,1.0,1,136.24323993628028,100.0
C005433,1.0,1,510.5241507780658,100.0
C005434,1.0,1,999.0,100.0
C005435,0.0,0,1028.2207810301154,100.0
C005436,0.0,0,1445.8357582675544,100.0
C005437,1.0,1,2066.932469024745,100.0
C005438,0.0,0,0.0,12.858375886422241
C005439,0.0,0,2739.64,100.0
C005440,1.0,1,1171.6482327775636,100.0
C005441,0.0,0,457.6201116904649,100.0
C005442,1.0,1,1151.6767006784269,100.0
C005443,0.0,0,1315.206875432499,100.0
C005444,1.0,1,706.0,100.0
C005445,0.0,0,1925.8987292718145,100.0
C005446,0.0,0,0.0,9.116016909156006
C005447,0.0,0,1071.5140997094954,100.0
C005448,0.0,0,1042.4487106640313,100.0
C005449,0.0,0,171.37768367492703,100.0
C005450,0.0,0,1021.522193910404,100.0
C005451,0.01,0,1980.017610595272,100.0
C005452,1.0,1,447.24600906502485,100.0
C005453,0.0,0,373.16768986600533,100.0
C005454,0.0,0,264.30011402818815,100.0
C005455,0.0,0,208.75316990057814,100.0
C005456,0.0,0,2140.2586959970986,100.0
C005457,0.0,0,999.0,100.0
C005458,0.0,0,999.0,100.0
C005459,0.0,0,1998.0,100.0
C005460,1.0,1,357.5294299985094,100.0
C005461,0.0,0,353.5524630143012,100.0
C005462,0.0,0,514.2371964497182,100.0
C005463,1.0,1,1114.278876590442,100.0
C005464,0.0,0,999.0,100.0
C005465,0.0,0,451.0108634735334,100.0
C005466,0.0,0,334.85867162069496,100.0
C005467,1.0,1,918.0190880639043,100.0
C005468,1.0,1,339.73831279164835,100.0
C005469,1.0,1,908.3075703238143,100.0
C005470,0.0,0,1189.89852817227,100.0
C005471,0.0,0,2436.6905230432026,100.0
C005472,1.0,1,213.58696116120237,100.0
C005473,0.0,0,764.4033671593094,100.0
C005474,1.0,1,143.43217468805705,100.0
C005475,1.0,1,999.0,100.0
C005476,0.0,0,338.5665863061042,100.0
C005477,0.0,0,1149.7785808062758,100.0
C005478,0.0,0,1009.2745046786017,100.0
C005479,0.0,0,1160.9441126296638,100.0
C005480,0.0,0,824.0987685754906,100.0
C005481,0.0,0,1115.8008241758241,100.0
C005482,0.0,0,448.3772483991804,100.0
C005483,0.0,0,1998.0,100.0
C005484,0.0,0,817.5698101646859,100.0
C005485,0.0,0,720.2927686071761,100.0
C005486,0.99,1,0.0,7.898415948043181
C005487,0.0,0,360.5619681127009,100.0
C005488,0.0,0,406.5581309461884,100.0
C005489,0.0,0,505.54751461988303,100.0
C005490,0.0,0,428.11149949766326,100.0
C005491,0.0,0,194.26486519158323,100.0
C005492,1.0,1,441.19338907901806,100.0
C005493,0.0,0,1009.6222195910428,100.0
C005494,1.0,1,366.79168252707524,100.0
C005495,1.0,1,220.191719866143,100.0
C005496,1.0,1,161.1777475542968,100.0
C005497,0.0,0,455.91570993764196,100.0
C005498,0.0,0,135.24151720472966,100.0
C005499,0.0,0,1159.7574265105357,100.0
C005500,0.0,0,2072.500025131375,100.0
C005501,1.0,1,459.38544481533665,100.0
C005502,0.0,0,372.375388838858,100.0
C005503,0.0,0,0.0,10.883469242817586
C005504,0.0,0,0.0,11.458807256406097
C005505,0.0,0,0.0,9.382745587319274
C005506,1.0,1,493.8985974925573,100.0
C005507,1.0,1,1066.2770838591352,100.0
C005508,0.0,0,1127.7023196195414,100.0
C005509,1.0,1,943.3878822656318,100.0
C005510,0.0,0,1232.6032118309313,100.0
C005511,0.0,0,534.1067606103572,100.0
C005512,0.0,0,340.0236161155286,100.0
C005513,0.0,0,1096.0483826367035,100.0
C005514,1.0,1,495.7231548642704,100.0
C005515,0.99,1,158.4568245552495,100.0
C005516,0.0,0,374.4082537261764,100.0
C005517,0.0,0,954.021059271791,100.0
C005518,0.0,0,707.9461108214917,100.0
C005519,0.0,0,358.5676022460212,100.0
C005520,0.0,0,550.1672807463143,100.0
C005521,1.0,1,1998.0,100.0
C005522,1.0,1,866.8247304524065,100.0
C005523,0.0,0,976.513452317875,100.0
C005524,1.0,1,379.9493241066121,100.0
C005525,0.0,0,1098.3427756453923,100.0
C005526,1.0,1,2656.0,100.0
C005527,0.0,0,0.0,14.293116666666686
C005528,1.0,1,0.0,14.046613801538156
C005529,0.0,0,168.34961980662266,100.0
C005530,0.0,0,1001.185809897749,100.0
C005531,0.0,0,314.6861718213888,100.0
C005532,0.0,0,1132.2001730540965,100.0
C005533,1.0,1,772.3030080634561,100.0
C005534,1.0,1,1671.1967661010765,100.0
C005535,0.0,0,1140.1104630495527,100.0
C005536,0.0,0,999.0,100.0
C005537,1.0,1,1012.2600760226084,100.0
C005538,0.0,0,1115.345573836955,100.0
C005539,0.0,0,999.0,100.0
C005540,0.0,0,2097.3597738350236,100.0
C005541,1.0,1,2266.665234655573,100.0
C005542,1.0,1,1746.1980263604582,100.0
C005543,1.0,1,2847.885964912281,100.0
C005544,1.0,1,1170.9987546645896,100.0
C005545,1.0,1,194.99392496288343,100.0
C005546,1.0,1,999.0,100.0
C005547,1.0,1,206.93812366864668,100.0
C005548,1.0,1,199.85110178562442,100.0
C005549,0.0,0,1912.762643253438,100.0
C005550,0.01,0,224.7261004010718,100.0
C005551,1.0,1,400.8656575180658,100.0
C005552,0.0,0,1164.6567044016037,100.0
C005553,0.0,0,999.0,100.0
C005554,0.0,0,1979.8733088076667,100.0
C005555,0.0,0,448.66366883214823,100.0
C005556,1.0,1,2279.6067280008638,100.0
C005557,0.0,0,196.5472404352779,100.0
C005558,0.0,0,0.0,11.712499024926023
C005559,0.0,0,1005.7104223696156,100.0
C005560,1.0,1,1276.477858777337,100.0
C005561,1.0,1,1500.6939540389676,100.0
C005562,0.0,0,548.9632492988101,100.0
C005563,0.0,0,1210.0598766230985,100.0
C005564,0.0,0,0.0,10.637508260160278
C005565,1.0,1,363.10120994181017,100.0
C005566,0.0,0,0.0,9.386115824353535
C005567,1.0,1,1142.2662269947502,100.0
C005568,1.0,1,1710.0459806229817,100.0
C005569,0.0,0,731.3445470126795,100.0
C005570,1.0,1,1154.1793274767772,100.0
C005571,0.0,0,0.0,9.714291891953431
C005572,1.0,1,317.02094320999424,100.0
C005573,0.0,0,1075.8886348846995,100.0
C005574,1.0,1,1117.8145254826698,100.0
C005575,1.0,1,534.460100849174,100.0
C005576,0.0,0,1724.8645882687476,100.0
C005577,1.0,1,722.4684912194477,100.0
C005578,0.0,0,941.0094683796032,100.0
C005579,0.0,0,1168.873655796868,100.0
C005580,0.0,0,1266.442889469675,100.0
C005581,1.0,1,1122.0365921538194,100.0
C005582,0.0,0,307.3305847452173,100.0
C005583,0.0,0,376.37280182780944,100.0
C005584,0.0,0,418.4573950058893,100.0
C005585,1.0,1,370.7396547676286,100.0
C005586,1.0,1,744.4644212389915,100.0
C005587,0.0,0,480.3137943011042,100.0
C005588,0.0,0,208.22367619023782,100.0
C005589,0.0,0,180.2665841391871,100.0
C005590,0.0,0,0.0,12.702111626056244
C005591,0.01,0,3021.0,100.0
C005592,1.0,1,0.0,11.54204580065359
C005593,0.0,0,391.20626642138706,100.0
C005594,0.0,0,1117.6774267397632,100.0
C005595,1.0,1,1753.2294909833086,100.0
C005596,0.0,0,1217.0547288930802,100.0
C005597,1.0,1,1492.7491738961312,100.0
C005598,0.0,0,1065.3455002896908,100.0
C005599,0.0,0,1086.4889023782014,100.0
C005600,0.0,0,821.5165965003289,100.0
C005601,0.0,0,0.0,9.907745182813983
C005602,0.0,0,125.97966211047229,100.0
C005603,0.0,0,1320.5202801838273,100.0
C005604,1.0,1,364.5881122145828,100.0
C005605,1.0,1,770.3532058768334,100.0
C005606,1.0,1,0.0,10.298380599577984
C005607,1.0,1,2711.0,100.0
C005608,0.0,0,1335.478115605372,100.0
C005609,0.0,0,1349.7681862058243,100.0
C005610,0.0,0,999.0,100.0
C005611,0.0,0,265.7452286906522,100.0
C005612,1.0,1,148.3959569211363,100.0
C005613,0.0,0,503.7260519214826,100.0
C005614,1.0,1,962.0635651430181,100.0
C005615,0.0,0,1845.7243697937477,100.0
C005616,0.0,0,395.38468561761954,100.0
C005617,1.0,1,0.0,12.800284528332433
C005618,1.0,1,1451.181639524016,100.0
C005619,0.0,0,322.23893525615426,100.0
C005620,1.0,1,0.0,12.539365385718085
C005621,1.0,1,1170.7661275418013,100.0
C005622,0.0,0,217.40847596222585,100.0
C005623,1.0,1,898.1222943722944,100.0
C005624,0.0,0,812.0,100.0
C005625,0.0,0,2793.666666666666,100.0
C005626,0.0,0,1147.425139768436,100.0
C005627,1.0,1,373.6217985240689,100.0
C005628,0.0,0,329.7450980392157,100.0
C005629,1.0,1,1144.8595879119257,100.0
C005630,0.0,0,0.0,11.347879827034246
C005631,0.0,0,945.0517596200123,100.0
C005632,1.0,1,999.0,100.0
C005633,0.0,0,419.98246192897926,100.0
C005634,0.0,0,0.0,12.305060939976679
C005635,0.0,0,1206.4355300120885,100.0
C005636,0.0,0,0.0,9.886820766924233
C005637,0.0,0,344.52614333077383,100.0
C005638,0.0,0,1915.4050318985564,100.0
C005639,1.0,1,1081.8457542928418,100.0
C005640,0.0,0,1248.9479551429572,100.0
C005641,0.0,0,0.0,15.503813661616181
C005642,0.0,0,792.014543611481,100.0
C005643,0.0,0,158.11981848560796,100.0
C005644,1.0,1,469.50342371368737,100.0
C005645,0.0,0,0.0,12.340054934562616
C005646,1.0,1,2020.6002957176252,100.0
C005647,0.0,0,709.2763628481746,100.0
C005648,1.0,1,210.21193663724108,100.0
C005649,0.0,0,350.10377740045084,100.0
C005650,1.0,1,340.6573739660624,100.0
C005651,1.0,1,2152.2631408004386,100.0
C005652,1.0,1,1846.9569251105052,100.0
C005653,0.0,0,329.5853236269414,100.0
C005654,0.0,0,2997.0,100.0
C005655,0.0,0,0.0,11.593061045497953
C005656,0.0,0,346.6006568792002,100.0
C005657,0.0,0,1201.0570594155201,100.0
C005658,0.0,0,333.89524700460186,100.0
C005659,0.0,0,519.0731200565817,100.0
C005660,0.0,0,1827.0383335691458,100.0
C005661,0.0,0,2735.8868831168825,100.0
C005662,1.0,1,1734.9511620182484,100.0
C005663,0.0,0,341.5460749348474,100.0
C005664,1.0,1,0.0,9.795454226831442
C005665,0.0,0,853.6899809811094,100.0
C005666,1.0,1,353.90109679612965,100.0
C005667,0.0,0,397.86550976489895,100.0
C005668,0.0,0,767.0799847250595,100.0
C005669,1.0,1,544.4987310739737,100.0
C005670,1.0,1,1018.9679560066382,100.0
C005671,1.0,1,1116.6092654152476,100.0
C005672,0.0,0,1945.4949334436374,100.0
C005673,1.0,1,1243.3742553411353,100.0
C005674,0.0,0,0.0,11.151525757575763
C005675,0.0,0,2204.7972159912274,100.0
C005676,0.0,0,1175.1061312975485,100.0
C005677,0.0,0,300.5819834021963,100.0
C005678,1.0,1,840.8063113423215,100.0
C005679,1.0,1,1059.4690741594857,100.0
C005680,1.0,1,1156.3429411559134,100.0
C005681,0.0,0,1154.6342120652712,100.0
C005682,1.0,1,333.521931247658,100.0
C005683,0.0,0,876.4639045956376,100.0
C005684,1.0,1,2371.8256339322165,100.0
C005685,1.0,1,1427.7054468865658,100.0
C005686,1.0,1,1109.3360818605072,100.0
C005687,1.0,1,999.0,100.0
C005688,1.0,1,199.45664777917216,100.0
C005689,1.0,1,0.0,14.101516229248173
C005690,0.0,0,373.71553731620827,100.0
C005691,1.0,1,2252.1696133876326,100.0
C005692,1.0,1,268.2202734202417,100.0
C005693,0.0,0,272.25718367169515,100.0
C005694,0.0,0,415.1095845160599,100.0
C005695,0.0,0,374.29546222429485,100.0
C005696,0.0,0,0.0,10.731045760453329
C005697,0.0,0,1714.6958380686556,100.0
C005698,1.0,1,711.0337864716466,100.0
C005699,1.0,1,2072.1815387720226,100.0
C005700,1.0,1,0.0,12.180699395243625
C005701,1.0,1,330.0011464789329,100.0
C005702,0.0,0,0.0,9.001153046685392
C005703,0.0,0,2833.3233333333333,100.0
C005704,1.0,1,1049.0749680151146,100.0
C005705,1.0,1,1102.3830584687933,100.0
C005706,0.0,0,894.0405217465033,100.0
C005707,0.0,0,1998.0,100.0
C005708,0.0,0,473.6613159375271,100.0
C005709,0.0,0,0.0,12.114594581932849
C005710,1.0,1,2286.3301399788165,100.0
C005711,0.0,0,374.88438661185666,100.0
C005712,0.99,1,981.3160502552839,100.0
C005713,0.0,0,0.0,11.397380259103652
C005714,1.0,1,0.0,9.227796497902515
C005715,0.0,0,2819.8194545454544,100.0
C005716,0.0,0,182.7804070765492,100.0
C005717,1.0,1,341.6375477823334,100.0
C005718,0.0,0,595.4325916053749,100.0
C005719,0.0,0,1214.7900509990643,100.0
C005720,0.0,0,1246.87106621076,100.0
C005721,0.0,0,0.0,10.570858334681716
C005722,1.0,1,2358.128212360491,100.0
C005723,1.0,1,0.0,13.745471031503637
C005724,1.0,1,141.97141731803148,100.0
C005725,1.0,1,678.5561008307724,100.0
C005726,0.0,0,1699.748156255162,100.0
C005727,0.0,0,999.0,100.0
C005728,1.0,1,0.0,11.285629744816536
C005729,0.0,0,220.99278018664114,100.0
C005730,0.0,0,1182.325126686712,100.0
C005731,0.0,0,168.27070398298926,100.0
C005732,0.0,0,202.5688021035097,100.0
C005733,1.0,1,1738.0833066299194,100.0
C005734,1.0,1,1912.0028615153126,100.0
C005735,0.0,0,1012.3358429760567,100.0
C005736,1.0,1,167.24966172121978,100.0
C005737,1.0,1,472.7283372229088,100.0
C005738,1.0,1,0.0,10.483849120759412
C005739,0.0,0,336.3861135316558,100.0
C005740,1.0,1,677.5225221300899,100.0
C005741,0.0,0,202.94293387727313,100.0
C005742,0.0,0,444.3241004060728,100.0
C005743,0.0,0,0.0,13.31755376365989
C005744,0.0,0,194.99392496288343,100.0
C005745,0.0,0,1144.6598363346484,100.0
C005746,1.0,1,2242.5725268327697,100.0
C005747,0.0,0,207.35266227017513,100.0
C005748,0.0,0,0.0,11.997055174896452
C005749,0.0,0,339.27472007121344,100.0
C005750,1.0,1,347.36996458772177,100.0
C005751,0.0,0,407.412656846949,100.0
C005752,1.0,1,1369.0545188045717,100.0
C005753,0.0,0,248.98141858351366,100.0
C005754,1.0,1,500.4601733279425,100.0
C005755,0.0,0,334.06953642778274,100.0
C005756,1.0,1,0.0,13.14439878545304
C005757,1.0,1,999.0,100.0
C005758,1.0,1,0.0,9.075432203943407
C005759,0.0,0,0.0,13.320251778737315
C005760,0.0,0,1189.89852817227,100.0
C005761,0.0,0,1040.3342888199113,100.0
C005762,0.0,0,365.4202376533904,100.0
C005763,0.0,0,999.0,100.0
C005764,1.0,1,0.0,11.10567260922078
C005765,0.0,0,260.793100821156,100.0
C005766,0.0,0,0.0,11.166701103748586
C005767,0.0,0,2697.0,100.0
C005768,0.0,0,209.9006817369093,100.0
C005769,0.0,0,701.6302359778829,100.0
C005770,1.0,1,977.6317211713341,100.0
C005771,0.0,0,155.48930581306746,100.0
C005772,0.0,0,500.6382850305338,100.0
C005773,0.0,0,548.9817328188689,100.0
C005774,1.0,1,430.37961440188104,100.0
C005775,1.0,1,1953.0,100.0
C005776,0.0,0,1006.565743927952,100.0
C005777,0.0,0,807.1568756002023,100.0
C005778,0.0,0,1141.2324269835592,100.0
C005779,0.0,0,1410.4630362533383,100.0
C005780,1.0,1,999.0,100.0
C005781,0.0,0,1310.1765590034156,100.0
C005782,0.0,0,328.1957175708303,100.0
C005783,1.0,1,515.0194701746291,100.0
C005784,0.0,0,1881.4282333280908,100.0
C005785,1.0,1,447.9667499478591,100.0
C005786,0.0,0,1915.9824276161182,100.0
C005787,0.0,0,0.0,9.562988558560313
C005788,1.0,1,1333.491325522304,100.0
C005789,0.0,0,1486.594760327659,100.0
C005790,1.0,1,999.0,100.0
C005791,0.0,0,1817.8979954522022,100.0
C005792,0.0,0,1676.490796162197,100.0
C005793,0.0,0,322.0052373467751,100.0
C005794,0.0,0,1096.2031670786862,100.0
C005795,1.0,1,1064.3137455623394,100.0
C005796,0.0,0,0.0,11.702829455588684
C005797,0.0,0,652.9790055063013,100.0
C005798,0.0,0,1287.8175953269297,100.0
C005799,0.0,0,458.757714485993,100.0
C005800,0.0,0,0.0,8.908303086618496
C005801,0.0,0,1156.4562199846391,100.0
C005802,0.0,0,1077.3890457249524,100.0
C005803,0.0,0,999.0,100.0
C005804,1.0,1,1113.618332795913,100.0
C005805,0.0,0,334.2762215156817,100.0
C005806,0.0,0,699.4282588331538,100.0
C005807,1.0,1,498.74512580142624,100.0
C005808,0.0,0,339.4449067503032,100.0
C005809,0.0,0,1148.4662402771892,100.0
C005810,1.0,1,1998.0,100.0
C005811,1.0,1,649.387757513271,100.0
C005812,1.0,1,849.0412990025368,100.0
C005813,1.0,1,475.348369642552,100.0
C005814,0.0,0,249.54491447301575,100.0
C005815,0.0,0,2228.178571428571,100.0
C005816,1.0,1,325.6771431728845,100.0
C005817,0.0,0,0.0,12.001340161504261
C005818,0.0,0,1929.953188451031,100.0
C005819,1.0,1,1263.833696989932,100.0
C005820,1.0,1,1096.4761249685998,100.0
C005821,1.0,1,2303.5046311566857,100.0
C005822,0.0,0,951.2806970298049,100.0
C005823,0.0,0,295.0705710379875,100.0
C005824,1.0,1,0.0,13.600090692393051
C005825,0.0,0,1213.3940453551957,100.0
C005826,0.0,0,215.79112554112555,100.0
C005827,0.0,0,999.0,100.0
C005828,0.0,0,1232.4728799510294,100.0
C005829,0.0,0,0.0,11.646005226422368
C005830,0.0,0,2275.1889870023897,100.0
C005831,1.0,1,1326.1553968253968,100.0
C005832,0.0,0,783.1430202528485,100.0
C005833,0.0,0,0.0,8.458893595051237
C005834,0.0,0,1130.098046888721,100.0
C005835,0.0,0,1053.5074499230204,100.0
C005836,1.0,1,1088.4089290060847,100.0
C005837,0.0,0,513.9553684054989,100.0
C005838,0.0,0,2261.048745934211,100.0
C005839,0.0,0,0.0,13.325137554430327
C005840,1.0,1,0.0,8.913750305603939
C005841,0.0,0,932.5573196241531,100.0
C005842,0.0,0,1199.6169332593915,100.0
C005843,0.0,0,1116.6821946897012,100.0
C005844,0.0,0,343.3247389634887,100.0
C005845,0.0,0,999.0,100.0
C005846,0.0,0,1791.491637458265,100.0
C005847,1.0,1,0.0,15.75288993055556
C005848,0.0,0,1058.085321829298,100.0
C005849,1.0,1,474.03941471823106,100.0
C005850,0.0,0,1998.0,100.0
C005851,1.0,1,1889.617275660847,100.0
C005852,0.0,0,330.55538283632995,100.0
C005853,1.0,1,211.21969696969697,100.0
C005854,0.0,0,402.2522446684409,100.0
C005855,1.0,1,1188.920174775327,100.0
C005856,1.0,1,1928.2156253512571,100.0
C005857,0.0,0,0.0,9.506892485987049
C005858,1.0,1,1812.188299135721,100.0
C005859,0.0,0,237.96649620713143,100.0
C005860,0.0,0,314.0735909905989,100.0
C005861,1.0,1,999.0,100.0
C005862,1.0,1,2101.9706298098254,100.0
C005863,0.0,0,0.0,10.72941362242073
C005864,0.01,0,1123.12326007326,100.0
C005865,0.0,0,159.71361419466697,100.0
C005866,0.003076923076923077,0,0.0,12.825116707803417
C005867,0.0,0,425.79430634298956,100.0
C005868,1.0,1,1216.8592853523835,100.0
C005869,1.0,1,1110.5281689670398,100.0
C005870,0.0,0,1289.980847801798,100.0
C005871,0.0,0,1102.194489874601,100.0
C005872,0.0,0,285.41065138028983,100.0
C005873,0.0,0,2270.7661865245664,100.0
C005874,1.0,1,999.0,100.0
C005875,1.0,1,2997.0,100.0
C005876,0.0,0,999.0,100.0
C005877,0.99,1,314.02388223413055,100.0
C005878,0.0,0,324.2920769653394,100.0
C005879,0.0,0,2916.0,100.0
C005880,0.0,0,350.72898845048235,100.0
C005881,0.0,0,0.0,10.421062386323849
C005882,0.0,0,1998.0,100.0
C005883,0.0,0,1913.685237992923,100.0
C005884,0.0,0,500.13878298064526,100.0
C005885,0.0,0,999.0,100.0
C005886,0.0,0,173.04852824187077,100.0
C005887,1.0,1,999.0,100.0
C005888,1.0,1,353.57715861338164,100.0
C005889,1.0,1,0.0,13.6540395097683
C005890,0.0,0,1949.7636475997258,100.0
C005891,0.0,0,2029.3627853406301,100.0
C005892,0.0,0,1015.767196067821,100.0
C005893,0.0,0,282.8372974065342,100.0
C005894,0.0,0,313.2191605613368,100.0
C005895,0.0,0,650.8886539816773,100.0
C005896,0.0,0,1088.6775997433513,100.0
C005897,0.0,0,1199.3054170074472,100.0
C005898,0.0,0,529.8923245992211,100.0
C005899,0.0,0,2133.876332922779,100.0
C005900,1.0,1,912.9471038474625,100.0
C005901,0.0,0,532.9238100017897,100.0
C005902,1.0,1,2004.7821946223924,100.0
C005903,0.0,0,0.0,9.288446576244917
C005904,1.0,1,931.5674668733865,100.0
C005905,0.0,0,1075.6097821080718,100.0
C005906,0.0,0,676.85561044879,100.0
C005907,0.0,0,1112.7843811208722,100.0
C005908,0.0,0,321.40322207639133,100.0
C005909,0.0,0,2596.0,100.0
C005910,0.99,1,2721.0,100.0
C005911,1.0,1,284.98089191527237,100.0
C005912,1.0,1,217.20180339981343,100.0
C005913,0.0,0,968.7617024768359,100.0
C005914,1.0,1,1032.3112620886154,100.0
C005915,1.0,1,2041.3108591391426,100.0
C005916,1.0,1,0.0,14.492593382433443
C005917,1.0,1,115.61285309493846,100.0
C005918,1.0,1,1995.3445679528918,100.0
C005919,0.0,0,0.0,12.649584577274204
C005920,0.0,0,727.2295204651663,100.0
C005921,1.0,1,1030.1597903552743,100.0
C005922,1.0,1,155.06645594022226,100.0
C005923,1.0,1,745.5795968339534,100.0
C005924,0.0,0,2014.9725123349135,100.0
C005925,1.0,1,1465.8405552146444,100.0
C005926,1.0,1,223.098197382255,100.0
C005927,0.0,0,396.15833494080806,100.0
C005928,1.0,1,196.56542942937745,100.0
C005929,1.0,1,340.4250773062993,100.0
C005930,1.0,1,559.3695870567607,100.0
C005931,0.0,0,468.4938774806005,100.0
C005932,1.0,1,1274.4912252566164,100.0
C005933,0.0,0,1149.682924416758,100.0
C005934,0.0,0,1236.8047749177515,100.0
C005935,1.0,1,0.0,10.810533945015548
C005936,0.0,0,0.0,9.638618011439517
C005937,1.0,1,1224.5604320863586,100.0
C005938,1.0,1,902.849825299355,100.0
C005939,0.0,0,0.0,11.437709637369267
C005940,1.0,1,0.0,10.830639823232307
C005941,0.0,0,1241.5610556376282,100.0
C005942,0.0,0,2205.570922895614,100.0
C005943,1.0,1,320.6586012644162,100.0
C005944,0.0,0,414.8716938575568,100.0
C005945,0.0,0,1846.375234958033,100.0
C005946,1.0,1,1204.698756971096,100.0
C005947,1.0,1,550.959996928072,100.0
C005948,1.0,1,1040.2133832309435,100.0
C005949,0.0,0,747.3338518572815,100.0
C005950,0.0,0,1176.5757585685028,100.0
C005951,0.0,0,1136.0814813468162,100.0
C005952,0.0,0,0.0,10.071222314282808
C005953,1.0,1,1262.4158245140932,100.0
C005954,0.0,0,1917.0029273542373,100.0
C005955,1.0,1,1359.4387174651254,100.0
C005956,1.0,1,1272.3436132791403,100.0
C005957,1.0,1,0.0,9.693818127273278
C005958,0.0,0,2129.5136484568884,100.0
C005959,0.0,0,1934.2268337201501,100.0
C005960,0.0,0,1867.2033641776902,100.0
C005961,0.0,0,517.8579797983801,100.0
C005962,0.0,0,409.985297312769,100.0
C005963,0.0,0,1104.894433912891,100.0
C005964,0.0,0,184.20635906337282,100.0
C005965,1.0,1,1998.0,100.0
C005966,0.0,0,999.0,100.0
C005967,0.0,0,1077.4858313538957,100.0
C005968,1.0,1,133.43333517109488,100.0
C005969,0.0,0,1075.1586494955236,100.0
C005970,1.0,1,0.0,11.606317865079369
C005971,0.0,0,0.0,12.927931302521008
C005972,1.0,1,189.77550146657347,100.0
C005973,1.0,1,2152.7351269841274,100.0
C005974,0.0,0,1985.651781796903,100.0
C005975,0.0,0,1105.410441453532,100.0
C005976,0.0,0,1037.1829259541225,100.0
C005977,0.0,0,2194.255480967736,100.0
C005978,1.0,1,0.0,10.558962076535657
C005979,1.0,1,0.0,11.219258262293051
C005980,0.0,0,474.3595507320606,100.0
C005981,1.0,1,173.8795130646604,100.0
C005982,1.0,1,310.4812732211973,100.0
C005983,1.0,1,1083.6773063876453,100.0
C005984,1.0,1,0.0,12.112290250305243
C005985,0.0,0,860.8227173359264,100.0
C005986,0.0,0,1040.3342888199113,100.0
C005987,1.0,1,1335.1363295313217,100.0
C005988,0.01,0,496.3767604669821,100.0
C005989,1.0,1,1108.422725775833,100.0
C005990,1.0,1,993.662908935238,100.0
C005991,0.0,0,0.0,9.860553018494473
C005992,1.0,1,1079.209588252716,100.0
C005993,1.0,1,0.0,9.226721003734822
C005994,0.0,0,1143.707027932552,100.0
C005995,0.0,0,1288.8009668338595,100.0
C005996,1.0,1,2313.805,100.0
C005997,0.0,0,378.10217165588256,100.0
C005998,1.0,1,1108.7989083130876,100.0
C005999,0.0,0,0.0,9.782294044307859
C006000,0.0,0,685.4487000474204,100.0
C006001,0.0,0,2051.967604727337,100.0
C006002,0.0,0,1103.888888888889,100.0
C006003,1.0,1,1911.912992915702,100.0
C006004,0.0,0,2595.95,100.0
C006005,0.0,0,2850.583333333334,100.0
C006006,0.0,0,2316.8327029379,100.0
C006007,1.0,1,220.1713533569495,100.0
C006008,0.0,0,2308.312987012987,100.0
C006009,1.0,1,350.86980726518567,100.0
C006010,1.0,1,1543.105524842571,100.0
C006011,1.0,1,911.8472630441819,100.0
C006012,1.0,1,2130.7486156398045,100.0
C006013,0.0,0,165.02943394926714,100.0
C006014,0.0,0,318.44250404189575,100.0
C006015,1.0,1,173.02433516636304,100.0
C006016,1.0,1,999.0,100.0
C006017,0.0,0,1998.0,100.0
C006018,0.0,0,837.0,100.0
C006019,0.0,0,0.0,14.193786269145944
C006020,1.0,1,0.0,13.299953415669293
C006021,0.0,0,492.00765711663183,100.0
C006022,0.0,0,2059.7478728741435,100.0
C006023,1.0,1,197.72484896215855,100.0
C006024,1.0,1,320.40395023399645,100.0
C006025,1.0,1,1151.3981916096257,100.0
C006026,1.0,1,560.5889355581584,100.0
C006027,0.0,0,2091.5480716848174,100.0
C006028,1.0,1,0.0,13.57282433333334
C006029,0.0,0,1881.6276043302569,100.0
C006030,1.0,1,1005.7104223696156,100.0
C006031,0.0,0,2032.1333333333332,100.0
C006032,0.0,0,0.0,9.048641465102158
C006033,0.0,0,1116.6092654152476,100.0
C006034,0.0,0,731.2192509875963,100.0
C006035,0.0,0,283.50996159649344,100.0
C006036,0.0,0,771.8945036800584,100.0
C006037,1.0,1,1019.5078309554162,100.0
C006038,1.0,1,1180.0,100.0
C006039,1.0,1,1416.1458032341561,100.0
C006040,1.0,1,230.0700635272184,100.0
C006041,0.0,0,866.4761737596261,100.0
C006042,0.0,0,2195.6529962540935,100.0
C006043,0.0,0,289.85695666340825,100.0
C006044,1.0,1,881.9390825603055,100.0
C006045,0.0,0,2831.892311688311,100.0
C006046,0.0,0,1079.1936511086042,100.0
C006047,0.0,0,579.6807974907058,100.0
C006048,0.0,0,971.0557498081824,100.0
C006049,0.0,0,2016.8895517296844,100.0
C006050,0.0,0,425.287382415574,100.0
C006051,0.0,0,0.0,14.252062032467538
C006052,0.0,0,1228.1772188452558,100.0
C006053,1.0,1,1027.8995831438413,100.0
C006054,0.0,0,488.28054342053,100.0
C006055,1.0,1,2910.583333333334,100.0
C006056,1.0,1,890.7169295198005,100.0
C006057,1.0,1,1134.4863487844027,100.0
C006058,1.0,1,1086.6808826823112,100.0
C006059,0.0,0,1997.506062526572,100.0
C006060,0.0,0,272.5642763096998,100.0
C006061,1.0,1,1033.2484405716623,100.0
C006062,1.0,1,384.3783397813862,100.0
C006063,0.0,0,330.16222933302015,100.0
C006064,1.0,1,1165.2286056998557,100.0
C006065,1.0,1,1701.4627771253693,100.0
C006066,1.0,1,999.0,100.0
C006067,1.0,1,327.6402896427926,100.0
C006068,0.0,0,0.0,10.945173371958056
C006069,0.0,0,357.18710683878425,100.0
C006070,0.0,0,2786.8,100.0
C006071,0.0,0,1107.074181209977,100.0
C006072,1.0,1,0.0,13.183192045454543
C006073,1.0,1,1998.0,100.0
C006074,0.0,0,2997.0,100.0
C006075,1.0,1,1098.0170327667436,100.0
C006076,1.0,1,1109.8961566008986,100.0
C006077,0.0,0,148.90519650553085,100.0
C006078,1.0,1,999.0,100.0
C006079,1.0,1,2140.433041373832,100.0
C006080,0.0,0,0.0,9.356641857234719
C006081,0.0,0,1387.0147009693274,100.0
C006082,0.0,0,2608.7192982456136,100.0
C006083,1.0,1,198.40099049226737,100.0
C006084,0.0,0,1068.415628644533,100.0
C006085,0.0,0,0.0,11.600590966374046
C006086,1.0,1,340.9603099489458,100.0
C006087,0.0,0,941.6093110793701,100.0
C006088,0.0,0,489.7615712951847,100.0
C006089,1.0,1,1063.8083415199822,100.0
C006090,0.0,0,999.0,100.0
C006091,1.0,1,496.86379121692846,100.0
C006092,0.0,0,2151.88678016428,100.0
C006093,1.0,1,0.0,15.80610169944789
C006094,0.0,0,200.53477116725793,100.0
C006095,1.0,1,1024.4293943344235,100.0
C006096,1.0,1,275.5614235121903,100.0
C006097,1.0,1,0.0,16.20009999999999
C006098,0.99,1,204.58680415278107,100.0
C006099,1.0,1,1998.0,100.0
C006100,1.0,1,932.2705953825325,100.0
C006101,0.0,0,370.1102420950138,100.0
C006102,1.0,1,349.7400396397281,100.0
C006103,0.0,0,1834.0077951098062,100.0
C006104,0.0,0,0.0,11.126786829836815
C006105,0.0,0,2214.181302257745,100.0
C006106,0.0,0,2157.907470443565,100.0
C006107,1.0,1,441.32160182684595,100.0
C006108,0.0,0,0.0,10.42524818833547
C006109,0.0,0,999.0,100.0
C006110,0.0,0,0.0,10.867686585636596
C006111,1.0,1,0.0,9.973944612470866
C006112,0.0,0,1998.0,100.0
C006113,0.0,0,196.86878585244457,100.0
C006114,0.0,0,416.338309756521,100.0
C006115,0.0,0,0.0,11.392053250377073
C006116,0.0,0,999.0,100.0
C006117,1.0,1,433.5140131968251,100.0
C006118,1.0,1,2055.568824059209,100.0
C006119,0.0,0,453.33667716457677,100.0
C006120,0.0,0,2680.473333333334,100.0
C006121,0.0,0,295.29985799356996,100.0
C006122,0.0,0,429.30512156002084,100.0
C006123,0.0,0,999.0,100.0
C006124,0.0,0,1467.6906777564482,100.0
C006125,0.0,0,195.7975454850234,100.0
C006126,1.0,1,1947.934658496649,100.0
C006127,1.0,1,1061.0533061754963,100.0
C006128,1.0,1,2398.3999889222628,100.0
C006129,0.0,0,0.0,9.677038560393859
C006130,0.0,0,465.71359980274633,100.0
C006131,0.0,0,492.3817219041757,100.0
C006132,0.0,0,1225.617614637608,100.0
C006133,0.0,0,1057.1940861436244,100.0
C006134,0.0,0,1866.2321595667893,100.0
C006135,0.0,0,0.0,12.010855077335032
C006136,1.0,1,854.3005098325328,100.0
C006137,0.0,0,0.0,9.950680649100086
C006138,1.0,1,999.0,100.0
C006139,0.0,0,2721.0,100.0
C006140,1.0,1,0.0,11.129734938005015
C006141,0.0,0,0.0,8.600789999999991
C006142,0.0,0,467.96303667665904,100.0
C006143,0.0,0,2038.967065687935,100.0
C006144,0.0,0,616.2251575440499,100.0
C006145,0.0,0,0.0,14.58798091929029
C006146,1.0,1,0.0,10.16013174913737
C006147,1.0,1,1116.809265477751,100.0
C006148,1.0,1,906.8713487518286,100.0
C006149,1.0,1,1094.7611369490278,100.0
C006150,0.0,0,218.12435331312773,100.0
C006151,0.0,0,2011.8898140367182,100.0
C006152,0.0,0,1149.0901057256697,100.0
C006153,0.0,0,1199.8618808526053,100.0
C006154,0.0,0,999.0,100.0
C006155,0.0,0,1226.16634385657,100.0
C006156,1.0,1,0.0,16.576209999999993
C006157,0.0,0,999.0,100.0
C006158,0.0,0,1018.7011205830831,100.0
C006159,1.0,1,147.4775976174598,100.0
C006160,1.0,1,190.70502604339188,100.0
C006161,0.0,0,171.07114357612036,100.0
C006162,0.0,0,1998.0,100.0
C006163,0.0,0,417.44672544948844,100.0
C006164,1.0,1,340.80290017258795,100.0
C006165,0.0,0,1725.4806562460956,100.0
C006166,1.0,1,0.0,11.49713256457771
C006167,1.0,1,341.0827674005416,100.0
C006168,1.0,1,999.0,100.0
C006169,0.0,0,351.99393905701027,100.0
C006170,0.0,0,439.73589473289474,100.0
C006171,0.0,0,905.1050059018163,100.0
C006172,1.0,1,1029.5652209379116,100.0
C006173,0.0,0,1135.7514895267363,100.0
C006174,0.0,0,1950.7709389963438,100.0
C006175,0.0,0,1402.2064054486314,100.0
C006176,1.0,1,999.0,100.0
C006177,0.0,0,999.0,100.0
C006178,0.0,0,456.4258580725844,100.0
C006179,0.0,0,1749.4909911113198,100.0
C006180,0.0,0,178.72436258655972,100.0
C006181,1.0,1,1760.3173493173495,100.0
C006182,0.0,0,0.0,13.883439462317087
C006183,1.0,1,1998.0,100.0
C006184,1.0,1,1081.8490249116842,100.0
C006185,0.0,0,1169.2748703031657,100.0
C006186,1.0,1,157.4121045516694,100.0
C006187,0.0,0,0.0,10.169595339105335
C006188,0.0,0,2184.0129436233833,100.0
C006189,0.0,0,0.0,9.982474326980821
C006190,0.0,0,0.0,9.09855494709456
C006191,1.0,1,122.3103560795222,100.0
C006192,0.0,0,2640.583333333334,100.0
C006193,0.0,0,142.45930133349063,100.0
C006194,0.0,0,274.06051792449915,100.0
C006195,0.0,0,834.6664579088084,100.0
C006196,0.0,0,1356.4633015003535,100.0
C006197,0.0,0,0.0,10.96070314709987
C006198,0.0,0,1263.3330461088833,100.0
C006199,0.0,0,178.36528131758817,100.0
C006200,0.01,0,1225.9008964646466,100.0
C006201,0.0,0,0.0,8.245115476190476
C006202,0.0,0,321.9612998399967,100.0
C006203,0.0,0,0.0,10.171332638603225
C006204,0.0,0,344.26678783579405,100.0
C006205,0.0,0,439.5396537783887,100.0
C006206,0.0,0,2093.99,100.0
C006207,0.0,0,1229.0906622914217,100.0
C006208,1.0,1,1377.0768581390935,100.0
C006209,0.0,0,0.0,12.787309771888197
C006210,0.0,0,204.58594900670167,100.0
C006211,0.0,0,1120.1730459139699,100.0
C006212,0.0,0,1233.137539018674,100.0
C006213,1.0,1,2072.5501422827497,100.0
C006214,1.0,1,162.6155844155844,100.0
C006215,1.0,1,1036.3564698933217,100.0
C006216,0.0,0,213.54523383678784,100.0
C006217,0.0,0,160.2325193180858,100.0
C006218,0.0,0,441.2955865881003,100.0
C006219,0.0,0,737.2358380255931,100.0
C006220,0.0,0,2118.968846126289,100.0
C006221,0.0,0,394.01419977659725,100.0
C006222,1.0,1,0.0,15.9605
C006223,0.0,0,598.6464542063603,100.0
C006224,0.0,0,1123.4343238548554,100.0
C006225,1.0,1,383.0057201205787,100.0
C006226,1.0,1,195.0227102582793,100.0
C006227,0.0,0,0.0,14.082500853997633
C006228,0.0,0,294.6751897617003,100.0
C006229,1.0,1,548.6227623269288,100.0
C006230,0.0,0,2153.366112135629,100.0
C006231,0.0,0,2106.4070745805693,100.0
C006232,0.0,0,1102.931407611767,100.0
C006233,0.0,0,665.9110847944593,100.0
C006234,0.0,0,1998.0,100.0
C006235,0.0,0,999.0,100.0
C006236,1.0,1,412.5658792664759,100.0
C006237,0.0,0,978.7561387851059,100.0
C006238,1.0,1,2661.0,100.0
C006239,0.0,0,456.55706646294885,100.0
C006240,0.0,0,1140.565064018065,100.0
C006241,0.0,0,895.9534924793807,100.0
C006242,0.0,0,1778.321590909091,100.0
C006243,1.0,1,170.56017395190952,100.0
C006244,0.0,0,345.13907928366496,100.0
C006245,0.0,0,1901.4882499130474,100.0
C006246,0.0,0,2192.8190142129115,100.0
C006247,1.0,1,0.0,11.193852713495653
C006248,0.99,1,0.0,7.643799999999992
C006249,1.0,1,2044.9212810724557,100.0
C006250,0.0,0,999.0,100.0
C006251,1.0,1,0.0,11.847642505822218
C006252,1.0,1,199.86564023137012,100.0
C006253,1.0,1,288.08646001179704,100.0
C006254,1.0,1,399.79584619027344,100.0
C006255,0.0,0,1519.7469922336575,100.0
C006256,1.0,1,1138.0724448194574,100.0
C006257,1.0,1,352.5542969677661,100.0
C006258,0.0,0,2088.3294235356316,100.0
C006259,0.0,0,324.1132495255392,100.0
C006260,0.0,0,923.3112454353101,100.0
C006261,1.0,1,1998.0,100.0
C006262,0.0,0,2200.7625513375515,100.0
C006263,0.0,0,335.575746535317,100.0
C006264,0.0,0,1116.4092508501935,100.0
C006265,1.0,1,2713.0,100.0
C006266,0.0,0,386.0549120619426,100.0
C006267,0.0,0,422.9776572013297,100.0
C006268,0.0,0,999.0,100.0
C006269,1.0,1,2051.9005713326173,100.0
C006270,0.0,0,252.0,100.0
C006271,0.0,0,0.0,11.706918813555722
C006272,0.0,0,2626.0,100.0
C006273,1.0,1,2670.583333333334,100.0
C006274,1.0,1,0.0,12.913398467023178
C006275,0.0,0,0.0,9.542894875671179
C006276,0.0,0,438.0385785355894,100.0
C006277,1.0,1,1414.1142021784522,100.0
C006278,0.0,0,0.0,9.331888819305076
C006279,0.0,0,1936.5528677591753,100.0
C006280,0.003076923076923077,0,0.0,13.143226969039466
C006281,0.0,0,0.0,10.028320532689328
C006282,0.0,0,2727.190216450216,100.0
C006283,0.0,0,2292.935623684308,100.0
C006284,0.0,0,2721.0,100.0
C006285,1.0,1,0.0,10.683967781941005
C006286,0.0,0,434.1695457465119,100.0
C006287,0.0,0,411.3925362824638,100.0
C006288,0.0,0,599.2420765985228,100.0
C006289,1.0,1,285.33124161235827,100.0
C006290,0.0,0,1787.1680076324142,100.0
C006291,0.0,0,999.0,100.0
C006292,1.0,1,1107.0454232418226,100.0
C006293,1.0,1,1036.3033577462747,100.0
C006294,0.0,0,454.3452287534368,100.0
C006295,1.0,1,835.2707392872854,100.0
C006296,0.0,0,1144.2816158078429,100.0
C006297,1.0,1,1187.6092830690977,100.0
C006298,0.0,0,524.4273914123675,100.0
C006299,0.0,0,169.46559715610928,100.0
C006300,0.0,0,1019.9917311814092,100.0
C006301,0.0,0,999.0,100.0
C006302,0.0,0,0.0,10.184025911514649
C006303,0.0,0,0.0,13.817420872118078
C006304,0.0,0,0.0,12.882342820512815
C006305,1.0,1,999.0,100.0
C006306,1.0,1,466.55555555555554,100.0
C006307,0.0,0,342.77982526483726,100.0
C006308,0.0,0,195.0843952701841,100.0
C006309,1.0,1,2813.3233333333333,100.0
C006310,1.0,1,999.0,100.0
C006311,1.0,1,266.1,100.0
C006312,0.0,0,137.90150975941316,100.0
C006313,0.0,0,1891.2769643730614,100.0
C006314,0.0,0,1785.0574430226634,100.0
C006315,0.0,0,0.0,8.77782743710005
C006316,0.0,0,320.74752740473855,100.0
C006317,0.0,0,412.4929303100252,100.0
C006318,0.0,0,1152.2719661182643,100.0
C006319,0.0,0,1943.073043638785,100.0
C006320,0.0,0,1998.0,100.0
C006321,0.0,0,608.4917405125412,100.0
C006322,1.0,1,0.0,14.254635780224142
C006323,0.0,0,1311.0350270837196,100.0
C006324,0.0,0,0.0,13.101647507033782
C006325,0.0,0,1290.7071332674327,100.0
C006326,0.0,0,454.8037955438586,100.0
C006327,0.0,0,1351.7797702742728,100.0
C006328,1.0,1,218.50520646517728,100.0
C006329,1.0,1,424.03937906038203,100.0
C006330,0.0,0,985.4836885949677,100.0
C006331,0.003076923076923077,0,0.0,12.45488367074922
C006332,0.0,0,1873.2054299952767,100.0
C006333,0.0,0,1223.2471345954225,100.0
C006334,0.0,0,887.584972914615,100.0
C006335,0.0,0,1047.6294622949122,100.0
C006336,1.0,1,447.8092519135631,100.0
C006337,0.0,0,177.5816894327028,100.0
C006338,1.0,1,0.0,12.11378935078412
C006339,0.0,0,2060.055436547352,100.0
C006340,1.0,1,1217.5438833146202,100.0
C006341,0.0,0,668.0914420239069,100.0
C006342,1.0,1,365.9062662554337,100.0
C006343,0.0,0,0.0,13.906045782218868
C006344,1.0,1,331.6889011560013,100.0
C006345,0.0,0,1683.295450057425,100.0
C006346,1.0,1,1108.8840372070508,100.0
C006347,0.0,0,1429.8150638490724,100.0
C006348,0.0,0,961.5763722589396,100.0
C006349,0.0,0,2038.6640144849475,100.0
C006350,0.0,0,1021.0142450149175,100.0
C006351,1.0,1,1930.9995346320345,100.0
C006352,1.0,1,2108.6632286233576,100.0
C006353,0.0,0,1158.3475594420481,100.0
C006354,0.0,0,931.3450427625675,100.0
C006355,0.0,0,961.2131149227562,100.0
C006356,0.0,0,1984.4750245261273,100.0
C006357,0.0,0,0.0,10.593499365079365
C006358,1.0,1,522.7902942068913,100.0
C006359,1.0,1,2051.699861111111,100.0
C006360,1.0,1,0.0,15.883723445378141
C006361,0.0,0,0.0,9.495574892764253
C006362,0.0,0,1100.2754112554112,100.0
C006363,0.0,0,1179.6539868780876,100.0
C006364,0.0,0,1229.773598029148,100.0
C006365,0.0,0,715.7446696017655,100.0
C006366,1.0,1,0.0,12.837717838384142
C006367,0.0,0,0.0,9.77323314732513
C006368,0.0,0,0.0,7.318619166666671
C006369,1.0,1,1848.9677781950452,100.0
C006370,0.0,0,0.0,10.236007875505976
C006371,1.0,1,1255.2141284096185,100.0
C006372,0.0,0,1998.0,100.0
C006373,1.0,1,475.32655728958247,100.0
C006374,0.0,0,999.9148447189403,100.0
C006375,1.0,1,405.6677461534211,100.0
C006376,0.0,0,0.0,10.018744657499353
C006377,1.0,1,894.2959809003188,100.0
C006378,1.0,1,746.7441053842832,100.0
C006379,1.0,1,999.0,100.0
C006380,0.0,0,0.0,10.746484643412153
C006381,0.0,0,1117.3144326264007,100.0
C006382,0.0,0,420.0847728503645,100.0
C006383,0.0,0,999.0,100.0
C006384,1.0,1,2180.359732923501,100.0
C006385,1.0,1,1075.1780201375423,100.0
C006386,0.0,0,333.3713285964955,100.0
C006387,0.0,0,1041.5776117243386,100.0
C006388,0.0,0,1058.9095229375725,100.0
C006389,0.0,0,178.08918782476144,100.0
C006390,1.0,1,1294.9673947104125,100.0
C006391,0.0,0,1131.3175434588534,100.0
C006392,0.0,0,946.9992691260425,100.0
C006393,0.0,0,2089.2031096283163,100.0
C006394,0.0,0,278.78948181452614,100.0
C006395,0.0,0,348.3159697419146,100.0
C006396,0.0,0,343.6535073548257,100.0
C006397,0.0,0,914.80482385194,100.0
C006398,0.0,0,518.7648151269892,100.0
C006399,0.0,0,0.0,13.904965981446077
C006400,0.0,0,1998.0,100.0
C006401,0.0,0,1133.5301989140205,100.0
C006402,0.0,0,1998.0,100.0
C006403,0.0,0,2946.416666666667,100.0
C006404,1.0,1,2224.5810661499017,100.0
C006405,0.0,0,1146.2441584674432,100.0
C006406,1.0,1,1117.3144326264007,100.0
C006407,1.0,1,999.0,100.0
C006408,0.0,0,999.0,100.0
C006409,0.0,0,952.9326210584617,100.0
C006410,0.0,0,2849.666666666666,100.0
C006411,1.0,1,325.3885290837679,100.0
C006412,1.0,1,2870.5240000000003,100.0
C006413,1.0,1,0.0,9.924305075757573
C006414,1.0,1,573.2493923449722,100.0
C006415,0.0,0,146.61321962089696,100.0
C006416,0.0,0,376.2193660993673,100.0
C006417,1.0,1,317.0191118485138,100.0
C006418,1.0,1,214.14926259464903,100.0
C006419,1.0,1,383.75319951398905,100.0
C006420,0.0,0,1234.8939054889709,100.0
C006421,1.0,1,147.631779251779,100.0
C006422,1.0,1,966.0910850816377,100.0
C006423,0.0,0,1998.0,100.0
C006424,0.01,0,2187.1696133876326,100.0
C006425,0.0,0,1138.2105145024316,100.0
C006426,1.0,1,2028.9344528652337,100.0
C006427,0.0,0,1066.5268855048332,100.0
C006428,1.0,1,961.8043610698779,100.0
C006429,0.0,0,1038.9389906461404,100.0
C006430,1.0,1,486.2590669329701,100.0
C006431,1.0,1,727.4725608531845,100.0
C006432,0.0,0,137.14351471024162,100.0
C006433,0.0,0,2997.0,100.0
C006434,0.0,0,2335.5603350840192,100.0
C006435,0.0,0,1045.2456519602756,100.0
C006436,0.0,0,0.0,11.824172623601735
C006437,1.0,1,1090.6704297002839,100.0
C006438,0.0,0,1150.6334193223329,100.0
C006439,1.0,1,1403.0557553592982,100.0
C006440,1.0,1,1618.1066708825297,100.0
C006441,0.0,0,176.20474381677363,100.0
C006442,0.0,0,1048.4474968591794,100.0
C006443,0.0,0,2109.693807747332,100.0
C006444,0.0,0,1228.1772188452558,100.0
C006445,1.0,1,1525.8195185591198,100.0
C006446,0.0,0,1083.385579302498,100.0
C006447,0.0,0,1033.5582136098826,100.0
C006448,1.0,1,701.9983808109781,100.0
C006449,0.0,0,298.67878508932637,100.0
C006450,0.0,0,2227.908700461522,100.0
C006451,1.0,1,999.0,100.0
C006452,1.0,1,1284.4219570762916,100.0
C006453,0.0,0,374.57933619590943,100.0
C006454,1.0,1,996.7967939998437,100.0
C006455,0.0,0,533.9869272240486,100.0
C006456,0.99,1,1974.8333333333335,100.0
C006457,1.0,1,378.78840926280515,100.0
C006458,0.0,0,148.77955398586246,100.0
C006459,0.0,0,159.94828305237414,100.0
C006460,1.0,1,1284.5859352656726,100.0
C006461,1.0,1,1844.842782094404,100.0
C006462,0.0,0,1079.5928690451385,100.0
C006463,1.0,1,1147.3390232524519,100.0
C006464,0.0,0,143.12944789752288,100.0
C006465,1.0,1,0.0,15.816839285714295
C006466,0.0,0,1076.4160654250331,100.0
C006467,0.0,0,134.1253815916589,100.0
C006468,1.0,1,2733.0,100.0
C006469,0.0,0,1109.2721851788672,100.0
C006470,0.0,0,971.9638803984816,100.0
C006471,0.0,0,0.0,15.366607142857132
C006472,0.0,0,1979.715246096893,100.0
C006473,1.0,1,0.0,12.162504911808561
C006474,0.0,0,1998.0,100.0
C006475,0.0,0,1155.9690093053644,100.0
C006476,0.0,0,1191.013098209278,100.0
C006477,0.0,0,0.0,10.292240060123623
C006478,0.0,0,1484.9362954726093,100.0
C006479,0.0,0,1792.7246189679884,100.0
C006480,0.0,0,1222.6691971041503,100.0
C006481,0.0,0,0.0,9.184502498027376
C006482,0.0,0,1256.0,100.0
C006483,0.0,0,811.8724822783454,100.0
C006484,0.0,0,0.0,10.902739110807937
C006485,0.0,0,1318.8155189321724,100.0
C006486,0.0,0,387.1932788446231,100.0
C006487,0.0,0,1939.6371844309278,100.0
C006488,0.0,0,383.2813595868026,100.0
C006489,0.99,1,717.2109212366958,100.0
C006490,0.0,0,2971.98,100.0
C006491,1.0,1,618.8337186288201,100.0
C006492,0.0,0,1185.5731542011815,100.0
C006493,0.0,0,431.36869710542015,100.0
C006494,1.0,1,1201.8133308343604,100.0
C006495,0.0,0,2109.998233821734,100.0
C006496,0.0,0,1056.7470061416886,100.0
C006497,0.99,1,478.4643614699624,100.0
C006498,1.0,1,1127.410016436157,100.0
C006499,0.0,0,1127.4666777437963,100.0
C006500,0.0,0,1266.323265017487,100.0
C006501,1.0,1,0.0,16.075415751879685
C006502,0.0,0,558.8476541233107,100.0
C006503,0.0,0,273.60490687711075,100.0
C006504,1.0,1,235.5956306502721,100.0
C006505,0.0,0,1922.2656898656899,100.0
C006506,1.0,1,415.99083296482945,100.0
C006507,0.0,0,2245.295575977018,100.0
C006508,0.0,0,1345.6594593967593,100.0
C006509,1.0,1,769.2891697772012,100.0
C006510,0.01,0,2776.0,100.0
C006511,0.0,0,738.6705162530005,100.0
C006512,0.0,0,999.0,100.0
C006513,1.0,1,1039.858388422288,100.0
C006514,0.0,0,806.2390659921813,100.0
C006515,0.0,0,993.2792120479352,100.0
C006516,0.0,0,1998.0,100.0
C006517,0.0,0,302.281642967559,100.0
C006518,0.0,0,492.9747298766942,100.0
C006519,1.0,1,162.89513412875772,100.0
C006520,0.0,0,1135.1245097709768,100.0
C006521,0.0,0,1998.0,100.0
C006522,0.0,0,524.4422482052547,100.0
C006523,0.0,0,452.4532333507566,100.0
C006524,0.0,0,0.0,11.131124347391644
C006525,1.0,1,999.0,100.0
C006526,0.0,0,1998.0,100.0
C006527,1.0,1,1130.8084635080686,100.0
C006528,0.0,0,1278.0513785837231,100.0
C006529,0.0,0,1111.7905249582689,100.0
C006530,1.0,1,999.0,100.0
C006531,1.0,1,780.1571089143333,100.0
C006532,1.0,1,1027.9375158081875,100.0
C006533,1.0,1,0.0,10.758022702945928
C006534,0.0,0,0.0,10.736252319055204
C006535,0.0,0,208.75982073451542,100.0
C006536,0.0,0,1072.902229832259,100.0
C006537,0.0,0,1515.1618432817183,100.0
C006538,0.0,0,228.86190085708023,100.0
C006539,1.0,1,384.3743449510563,100.0
C006540,0.0,0,2713.0,100.0
C006541,1.0,1,192.04170064830737,100.0
C006542,0.0,0,999.0,100.0
C006543,0.01,0,2131.251666666667,100.0
C006544,0.0,0,0.0,10.476105082764086
C006545,0.0,0,0.0,11.800718763250632
C006546,0.0,0,1172.7511413182658,100.0
C006547,0.0,0,392.9715174451472,100.0
C006548,0.0,0,1868.7537484588256,100.0
C006549,0.0,0,2723.0,100.0
C006550,0.0,0,0.0,10.309276499077319
C006551,1.0,1,448.13629234631503,100.0
C006552,0.0,0,1253.3998389355145,100.0
C006553,0.0,0,1998.0,100.0
C006554,0.0,0,2062.537489959401,100.0
C006555,1.0,1,1197.0426847549058,100.0
C006556,1.0,1,1998.0,100.0
C006557,0.0,0,479.63482774493457,100.0
C006558,0.0,0,719.9055838864643,100.0
C006559,0.0,0,340.7590139194139,100.0
C006560,0.0,0,1128.2698868651246,100.0
C006561,1.0,1,733.1818986409779,100.0
C006562,0.0,0,370.8997112411149,100.0
C006563,0.0,0,311.1053677091327,100.0
C006564,1.0,1,369.02548596144766,100.0
C006565,1.0,1,482.55555555555554,100.0
C006566,0.0,0,1305.0658958074528,100.0
C006567,0.0,0,1085.6524968291073,100.0
C006568,1.0,1,688.8665406752865,100.0
C006569,1.0,1,0.0,10.555681030286436
C006570,0.0,0,201.56884921829857,100.0
C006571,1.0,1,237.3023088023088,100.0
C006572,0.0,0,365.388667968839,100.0
C006573,0.0,0,323.91137032090205,100.0
C006574,1.0,1,263.5273356841767,100.0
C006575,0.0,0,1872.5623443140748,100.0
C006576,1.0,1,1029.3429367397982,100.0
C006577,1.0,1,1928.2633042568891,100.0
C006578,0.0,0,354.1627350457384,100.0
C006579,1.0,1,479.42324781061757,100.0
C006580,0.0,0,302.5275941865068,100.0
C006581,0.0,0,490.00387205387204,100.0
C006582,0.0,0,1293.1853265618965,100.0
C006583,1.0,1,2083.863230812369,100.0
C006584,0.0,0,2650.8761904761905,100.0
C006585,0.0,0,325.9905320674377,100.0
C006586,0.0,0,401.5799065827721,100.0
C006587,1.0,1,2611.0,100.0
C006588,1.0,1,1998.0,100.0
C006589,0.0,0,0.0,9.436296420034209
C006590,1.0,1,2021.7295390180343,100.0
C006591,1.0,1,1216.9046651785388,100.0
C006592,0.0,0,1216.1670377960986,100.0
C006593,0.0,0,262.78719237586176,100.0
C006594,1.0,1,787.8522868142095,100.0
C006595,1.0,1,831.1669469428274,100.0
C006596,0.0,0,1118.8558009156316,100.0
C006597,1.0,1,287.06319145559706,100.0
C006598,0.0,0,1998.0,100.0
C006599,0.0,0,0.0,13.850175790069915
C006600,1.0,1,2163.9536449086268,100.0
C006601,0.0,0,0.0,10.157854480552505
C006602,0.0,0,0.0,11.243191196466748
C006603,0.0,0,1198.7809517008002,100.0
C006604,0.0,0,202.40558335059436,100.0
C006605,0.0,0,2335.698448773449,100.0
C006606,0.0,0,1657.6138611111112,100.0
C006607,1.0,1,999.0,100.0
C006608,1.0,1,0.0,10.872862748938525
C006609,1.0,1,298.8091842868708,100.0
C006610,0.0,0,1851.8414357227741,100.0
C006611,1.0,1,133.02933105945945,100.0
C006612,0.0,0,885.6959690036548,100.0
C006613,1.0,1,467.1303662908456,100.0
C006614,1.0,1,378.10217165588256,100.0
C006615,1.0,1,492.8986453823845,100.0
C006616,0.0,0,179.76332404156858,100.0
C006617,0.0,0,1505.5836813757455,100.0
C006618,0.0,0,1394.6178635090398,100.0
C006619,0.0,0,325.2797585524839,100.0
C006620,0.0,0,205.13269690354784,100.0
C006621,0.0,0,133.0,100.0
C006622,1.0,1,218.08163989471643,100.0
C006623,1.0,1,186.27029376227085,100.0
C006624,0.0,0,0.0,10.812980567567577
C006625,1.0,1,0.0,10.55877659752146
C006626,0.0,0,1081.469925705506,100.0
C006627,0.0,0,192.13728577758377,100.0
C006628,1.0,1,0.0,8.292996428571431
C006629,0.0,0,0.0,13.930176424151648
C006630,1.0,1,1130.8620101380013,100.0
C006631,0.0,0,1230.6845174221476,100.0
C006632,1.0,1,2623.7192982456136,100.0
C006633,0.0,0,463.5158582823207,100.0
C006634,0.0,0,154.3235109307277,100.0
C006635,1.0,1,0.0,11.708570884135927
C006636,0.0,0,0.0,12.282664619791083
C006637,0.0,0,1216.013673814227,100.0
C006638,1.0,1,2753.916666666667,100.0
C006639,0.0,0,0.0,13.62608627868962
C006640,1.0,1,999.0,100.0
C006641,0.0,0,1282.2940870541909,100.0
C006642,0.0,0,1140.0956200453827,100.0
C006643,0.0,0,0.0,10.994353595451148
C006644,0.0,0,210.89345543888922,100.0
C006645,1.0,1,553.9264817135435,100.0
C006646,0.0,0,407.9644470315495,100.0
C006647,1.0,1,2840.200883116883,100.0
C006648,0.0,0,1034.0232201856707,100.0
C006649,1.0,1,148.86946187375383,100.0
C006650,0.0,0,420.0614035087719,100.0
C006651,1.0,1,0.0,15.15877500000001
C006652,0.0,0,2130.3186130653976,100.0
C006653,1.0,1,0.0,15.649877680833086
C006654,0.0,0,999.0,100.0
C006655,1.0,1,372.4235628922455,100.0
C006656,0.0,0,364.050790239892,100.0
C006657,1.0,1,0.0,9.17971747252746
C006658,0.0,0,1971.0753763964549,100.0
C006659,0.0,0,195.0843952701841,100.0
C006660,0.0,0,1004.9880114994247,100.0
C006661,0.0,0,0.0,9.73239616186699
C006662,0.0,0,0.0,11.760607855488113
C006663,0.0,0,214.70324937352035,100.0
C006664,0.0,0,2004.5680516113339,100.0
C006665,1.0,1,1034.8305116139206,100.0
C006666,0.0,0,2656.0,100.0
C006667,0.0,0,2785.8,100.0
C006668,0.0,0,415.0702174278917,100.0
C006669,1.0,1,2996.0,100.0
C006670,0.0,0,0.0,11.078199060689101
C006671,1.0,1,0.0,8.785901290322577
C006672,0.0,0,327.300985378845,100.0
C006673,0.0,0,416.89831801091015,100.0
C006674,0.0,0,2149.883719199183,100.0
C006675,1.0,1,2113.892313924267,100.0
C006676,0.0,0,0.0,11.154640282021813
C006677,0.0,0,155.51282536900212,100.0
C006678,0.0,0,1189.8373346469684,100.0
C006679,0.0,0,1998.0,100.0
C006680,1.0,1,437.25450147667993,100.0
C006681,0.01,0,511.0932448738373,100.0
C006682,0.0,0,2047.458174786543,100.0
C006683,0.0,0,396.20713867249543,100.0
C006684,0.0,0,361.9632783479841,100.0
C006685,1.0,1,862.3957190262558,100.0
C006686,0.0,0,2113.975668216342,100.0
C006687,0.0,0,2092.1761747627697,100.0
C006688,0.0,0,445.65630768097935,100.0
C006689,1.0,1,174.76836580894766,100.0
C006690,1.0,1,217.40847596222585,100.0
C006691,1.0,1,1010.7650792754456,100.0
C006692,0.0,0,331.5756407500562,100.0
C006693,0.0,0,1031.5490759940542,100.0
C006694,1.0,1,990.3362411911523,100.0
C006695,1.0,1,846.0265717301394,100.0
C006696,1.0,1,181.42957453354757,100.0
C006697,0.0,0,2596.0,100.0
C006698,0.0,0,1056.5357928561054,100.0
C006699,1.0,1,1904.38,100.0
C006700,1.0,1,154.11056465224087,100.0
C006701,0.0,0,1998.0,100.0
C006702,0.0,0,369.17016031745766,100.0
C006703,1.0,1,1998.0,100.0
C006704,0.0,0,0.0,10.646510998445992
C006705,0.0,0,244.82558396654704,100.0
C006706,1.0,1,932.8000329990632,100.0
C006707,1.0,1,0.0,9.34011021108031
C006708,0.0,0,201.276411777736,100.0
C006709,0.0,0,1133.694381146949,100.0
C006710,1.0,1,1089.2729014176366,100.0
C006711,0.0,0,0.0,11.71944247794118
C006712,0.0,0,1063.0420288398707,100.0
C006713,1.0,1,1135.1607628649724,100.0
C006714,0.0,0,999.0,100.0
C006715,0.0,0,0.0,12.469674507740216
C006716,0.0,0,951.3008418511506,100.0
C006717,1.0,1,0.0,11.791516864135867
C006718,0.0,0,207.2616027538059,100.0
C006719,0.01,0,3001.0,100.0
C006720,0.0,0,0.0,14.194696492596309
C006721,1.0,1,624.0849146714886,100.0
C006722,1.0,1,310.31479373719617,100.0
C006723,1.0,1,0.0,13.781655489908765
C006724,1.0,1,216.05337902302898,100.0
C006725,0.0,0,0.0,11.735745860032932
C006726,0.0,0,0.0,14.16474903698641
C006727,1.0,1,1223.0375417099142,100.0
C006728,0.0,0,0.0,12.935207016726283
C006729,0.0,0,263.56904498238305,100.0
C006730,0.0,0,2152.3746599314113,100.0
C006731,0.0,0,2760.78,100.0
C006732,1.0,1,218.60540886968218,100.0
C006733,0.0,0,1264.5535578075624,100.0
C006734,1.0,1,388.17835059185114,100.0
C006735,0.0,0,2819.666666666666,100.0
C006736,0.0,0,483.78357924995925,100.0
C006737,0.0,0,1418.609091089703,100.0
C006738,0.0,0,932.5586259730558,100.0
C006739,0.0,0,1129.0509723278944,100.0
C006740,0.0,0,202.00723074149428,100.0
C006741,0.0,0,437.639669727369,100.0
C006742,0.0,0,999.0,100.0
C006743,0.0,0,1071.9031963254413,100.0
C006744,0.0,0,301.9565815560717,100.0
C006745,0.0,0,1016.8939941769579,100.0
C006746,1.0,1,648.0530787751231,100.0
C006747,1.0,1,1943.6349081343837,100.0
C006748,0.0,0,1906.508559796527,100.0
C006749,0.99,1,0.0,8.253192429792424
C006750,1.0,1,1920.3876226309922,100.0
C006751,1.0,1,190.70502604339188,100.0
C006752,1.0,1,2050.4907664902707,100.0
C006753,0.0,0,359.2448001035037,100.0
C006754,1.0,1,1427.2102783466535,100.0
C006755,1.0,1,159.94828305237414,100.0
C006756,0.0,0,1370.0635793321248,100.0
C006757,1.0,1,820.905666086975,100.0
C006758,0.0,0,2036.8342239908432,100.0
C006759,0.0,0,439.759280645527,100.0
C006760,0.0,0,886.566568567692,100.0
C006761,0.0,0,1108.0409384247273,100.0
C006762,1.0,1,0.0,12.555859248917189
C006763,1.0,1,1526.1114066302096,100.0
C006764,0.0,0,232.58620689655174,100.0
C006765,0.0,0,192.29554481092623,100.0
C006766,0.0,0,177.0057394023841,100.0
C006767,0.0,0,0.0,9.623903429280057
C006768,0.0,0,1413.8432538457578,100.0
C006769,1.0,1,761.9772185101527,100.0
C006770,1.0,1,326.2892231584794,100.0
C006771,0.0,0,0.0,12.190162839685861
C006772,1.0,1,852.4507853159944,100.0
C006773,1.0,1,917.0499089131848,100.0
C006774,0.0,0,2013.372939925571,100.0
C006775,0.0,0,0.0,12.795722745836462
C006776,0.0,0,556.4880800132348,100.0
C006777,0.0,0,0.0,14.083780950482737
C006778,1.0,1,1055.2692099490332,100.0
C006779,0.0,0,1191.013098209278,100.0
C006780,0.0,0,333.3557745582735,100.0
C006781,1.0,1,2596.0,100.0
C006782,1.0,1,0.0,10.33143983608953
C006783,0.0,0,879.4190831446464,100.0
C006784,1.0,1,433.20991126115695,100.0
C006785,1.0,1,362.37957700299506,100.0
C006786,0.0,0,1095.2670633460107,100.0
C006787,1.0,1,999.0,100.0
C006788,0.0,0,141.23605973741212,100.0
C006789,1.0,1,1699.1664113337642,100.0
C006790,0.0,0,632.7975365423245,100.0
C006791,0.0,0,2079.8861027670773,100.0
C006792,1.0,1,1116.2990015225794,100.0
C006793,0.0,0,1870.4838894637696,100.0
C006794,0.0,0,799.4182587024261,100.0
C006795,1.0,1,230.66196361032468,100.0
C006796,0.0,0,999.0,100.0
C006797,1.0,1,1917.6776216958065,100.0
C006798,1.0,1,340.28227198692696,100.0
C006799,0.0,0,1584.1544137381313,100.0
C006800,1.0,1,999.0,100.0
C006801,0.0,0,496.52791116446576,100.0
C006802,1.0,1,536.4718019821798,100.0
C006803,1.0,1,0.0,11.372201132756139
C006804,1.0,1,454.6984415099573,100.0
C006805,0.0,0,315.30479668702486,100.0
C006806,0.0,0,679.0373141841764,100.0
C006807,0.0,0,0.0,12.754382230947849
C006808,0.0,0,154.0,100.0
C006809,0.0,0,1810.9828558288325,100.0
C006810,0.0,0,402.4143510466157,100.0
C006811,1.0,1,2097.498526914102,100.0
C006812,0.0,0,1499.5795505705134,100.0
C006813,0.0,0,170.56017395190952,100.0
C006814,0.0,0,0.0,9.634758290589605
C006815,1.0,1,1998.0,100.0
C006816,0.0,0,1045.4327290047806,100.0
C006817,1.0,1,1036.0,100.0
C006818,0.0,0,2081.682224670786,100.0
C006819,0.0,0,1513.5741675685422,100.0
C006820,0.0,0,999.0,100.0
C006821,0.0,0,1212.2925265280896,100.0
C006822,0.0,0,439.53657588238246,100.0
C006823,0.0,0,159.8387582401189,100.0
C006824,0.99,1,0.0,12.230388802462716
C006825,0.0,0,148.86946187375383,100.0
C006826,0.0,0,1140.9244142686277,100.0
C006827,0.0,0,1215.5002625546385,100.0
C006828,0.0,0,2486.058188339465,100.0
C006829,0.0,0,1058.3271104781506,100.0
C006830,1.0,1,2003.5480960433893,100.0
C006831,1.0,1,1138.1767096517,100.0
C006832,0.0,0,1123.5937873842972,100.0
C006833,0.0,0,476.7421968787515,100.0
C006834,0.0,0,503.95051613152003,100.0
C006835,1.0,1,2366.01,100.0
C006836,1.0,1,0.0,10.217883809523823
C006837,0.0,0,0.0,11.268533596416795
C006838,0.0,0,327.0760845881236,100.0
C006839,1.0,1,1086.3594469903942,100.0
C006840,1.0,1,999.0,100.0
C006841,0.0,0,999.0,100.0
C006842,0.0,0,212.47615465130968,100.0
C006843,0.0,0,334.01985721842925,100.0
C006844,0.0,0,2854.3761904761905,100.0
C006845,1.0,1,1497.7941770804337,100.0
C006846,1.0,1,327.4719098588984,100.0
C006847,0.0,0,834.8160983256952,100.0
C006848,1.0,1,0.0,9.257626305130593
C006849,0.0,0,2655.13,100.0
C006850,0.0,0,2270.749987649988,100.0
C006851,1.0,1,999.0,100.0
C006852,0.0,0,471.9966320987842,100.0
C006853,0.0,0,340.5974833482535,100.0
C006854,0.0,0,1131.499641929963,100.0
C006855,0.0,0,551.423812777385,100.0
C006856,1.0,1,0.0,14.317069205794201
C006857,0.0,0,478.53930513930516,100.0
C006858,1.0,1,685.6633333333334,100.0
C006859,0.0,0,1168.0,100.0
C006860,0.0,0,510.5218702185606,100.0
C006861,0.0,0,194.26486519158323,100.0
C006862,1.0,1,0.0,11.225089993098686
C006863,0.0,0,935.614749487527,100.0
C006864,1.0,1,327.25172265040004,100.0
C006865,0.99,1,2872.83,100.0
C006866,0.0,0,1106.0279201333242,100.0
C006867,0.0,0,2806.0,100.0
C006868,1.0,1,685.8263643204439,100.0
C006869,0.01,0,1318.8370477239323,100.0
C006870,0.0,0,1316.2785411218388,100.0
C006871,0.0,0,511.76367004075684,100.0
C006872,0.0,0,1631.8516264349396,100.0
C006873,0.0,0,232.57534547793173,100.0
C006874,1.0,1,0.0,11.353893746604193
C006875,1.0,1,241.85204044094738,100.0
C006876,0.0,0,804.0981116213995,100.0
C006877,0.0,0,1088.3797081963012,100.0
C006878,0.0,0,455.12071639073235,100.0
C006879,0.0,0,426.504903733823,100.0
C006880,0.0,0,0.0,10.040188747453707
C006881,0.0,0,881.104039482472,100.0
C006882,1.0,1,1720.21,100.0
C006883,0.0,0,1036.2326377148158,100.0
C006884,1.0,1,387.8798739266129,100.0
C006885,0.0,0,346.77314607658803,100.0
C006886,1.0,1,2741.0,100.0
C006887,0.0,0,863.041848179445,100.0
C006888,0.0,0,0.0,8.122932832702453
C006889,0.0,0,402.02190118691163,100.0
C006890,1.0,1,389.40424377181176,100.0
C006891,0.0,0,269.9648165319139,100.0
C006892,0.0,0,1998.0,100.0
C006893,1.0,1,1848.3733333333334,100.0
C006894,1.0,1,2057.9382050908957,100.0
C006895,0.0,0,1932.5233667671105,100.0
C006896,0.0,0,999.0,100.0
C006897,1.0,1,1181.4794476585719,100.0
C006898,0.0,0,1401.9437541009765,100.0
C006899,1.0,1,848.9693231185778,100.0
C006900,0.0,0,0.0,11.103437563743448
C006901,1.0,1,1097.8169328419326,100.0
C006902,0.0,0,2087.3978156716275,100.0
C006903,0.0,0,2080.965858770668,100.0
C006904,1.0,1,1318.1373036952725,100.0
C006905,0.0,0,774.241024684695,100.0
C006906,0.0,0,0.0,14.734654264757468
C006907,0.0,0,1243.037511614253,100.0
C006908,0.0,0,343.83139999256315,100.0
C006909,1.0,1,2059.3710034552337,100.0
C006910,0.0,0,333.3375963632446,100.0
C006911,0.0,0,991.2346420288856,100.0
C006912,1.0,1,1448.1149325903475,100.0
C006913,1.0,1,631.1978916602282,100.0
C006914,0.0,0,1268.0634125672916,100.0
C006915,1.0,1,328.2110158781784,100.0
C006916,1.0,1,2085.565082583201,100.0
C006917,0.0,0,999.0,100.0
C006918,0.0,0,188.11563194512374,100.0
C006919,0.0,0,1607.2491990915144,100.0
C006920,1.0,1,262.07361774563714,100.0
C006921,1.0,1,1092.3211391236232,100.0
C006922,1.0,1,1998.0,100.0
C006923,0.0,0,0.0,11.31425487092307
C006924,1.0,1,334.4346665033973,100.0
C006925,1.0,1,748.7063381085028,100.0
C006926,1.0,1,566.6602516070703,100.0
C006927,0.0,0,2107.4444444444443,100.0
C006928,0.0,0,138.83219341074772,100.0
C006929,1.0,1,1225.9386203711697,100.0
C006930,1.0,1,0.0,12.038993148752303
C006931,0.003076923076923077,0,0.0,13.231651742081453
C006932,0.0,0,525.865,100.0
C006933,0.0,0,454.37144695199856,100.0
C006934,0.99,1,0.0,11.255871428571432
C006935,1.0,1,873.9338685617683,100.0
C006936,0.0,0,1582.0762351492117,100.0
C006937,0.0,0,368.5563999278938,100.0
C006938,0.0,0,959.6945335746879,100.0
C006939,0.0,0,774.0800284667691,100.0
C006940,0.0,0,1101.4998205708969,100.0
C006941,0.0,0,990.7515147461473,100.0
C006942,0.0,0,2478.774025974026,100.0
C006943,1.0,1,374.7653930001857,100.0
C006944,1.0,1,0.0,11.596796140163407
C006945,1.0,1,718.7226778041,100.0
C006946,0.0,0,2109.092578995079,100.0
C006947,0.0,0,319.40395763656636,100.0
C006948,0.0,0,0.0,11.074385901011711
C006949,0.0,0,0.0,11.187535114839397
C006950,0.0,0,907.9753908616669,100.0
C006951,0.0,0,983.0771938279015,100.0
C006952,0.0,0,2031.8012755572088,100.0
C006953,0.99,1,317.93169843910005,100.0
C006954,0.0,0,207.07203159576054,100.0
C006955,1.0,1,1728.2375488747018,100.0
C006956,1.0,1,419.9869241340555,100.0
C006957,0.0,0,519.0179160709654,100.0
C006958,0.0,0,406.01902080551304,100.0
C006959,1.0,1,1164.9019132576207,100.0
C006960,0.0,0,476.09358074472215,100.0
C006961,0.0,0,402.144019764836,100.0
C006962,1.0,1,0.0,11.253332869352864
C006963,0.0,0,999.0,100.0
C006964,0.0,0,389.3942365544294,100.0
C006965,0.0,0,387.1448948076484,100.0
C006966,0.0,0,876.1350058579437,100.0
C006967,1.0,1,1026.1239993872086,100.0
C006968,0.0,0,175.9372748662472,100.0
C006969,0.0,0,1277.1213643739252,100.0
C006970,1.0,1,510.1052256632513,100.0
C006971,1.0,1,1676.5458965257078,100.0
C006972,0.0,0,1195.3564662466479,100.0
C006973,1.0,1,0.0,12.121627726032136
C006974,1.0,1,387.37359500111415,100.0
C006975,0.0,0,0.0,10.110920785293096
C006976,0.0,0,1105.3158027711872,100.0
C006977,0.9930769230769231,1,0.0,12.206227387553987
C006978,0.0,0,993.2792120479352,100.0
C006979,0.0,0,1169.027116253665,100.0
C006980,0.0,0,1040.8122635371576,100.0
C006981,0.0,0,797.6331255285595,100.0
C006982,1.0,1,399.4156055458362,100.0
C006983,0.01,0,0.0,7.991674554029145
C006984,1.0,1,881.031071411982,100.0
C006985,1.0,1,187.35260505259438,100.0
C006986,0.0,0,336.3375462535671,100.0
C006987,0.0,0,0.0,14.522612100399595
C006988,0.0,0,427.50040646271606,100.0
C006989,0.0,0,1100.743645963659,100.0
C006990,0.0,0,142.45930133349063,100.0
C006991,0.0,0,0.0,10.828354855764092
C006992,0.0,0,332.7643767088112,100.0
C006993,0.0,0,1171.7991936571066,100.0
C006994,0.0,0,348.64503913111804,100.0
C006995,1.0,1,0.0,9.915540000000002
C006996,0.0,0,2326.4242424242425,100.0
C006997,1.0,1,999.0,100.0
C006998,0.0,0,2034.0425176164933,100.0
C006999,1.0,1,1222.9477450405066,100.0
C007000,1.0,1,251.03145851259146,100.0
C007001,0.0,0,234.45584552692173,100.0
C007002,0.0,0,2819.1268831168827,100.0
C007003,1.0,1,888.2739689901317,100.0
C007004,0.0,0,1183.9776287675775,100.0
C007005,1.0,1,1998.0,100.0
C007006,0.0,0,907.5507963535115,100.0
C007007,1.0,1,1979.17601487662,100.0
C007008,1.0,1,1072.6658382982132,100.0
C007009,1.0,1,338.5542348656009,100.0
C007010,1.0,1,161.89589394183798,100.0
C007011,1.0,1,357.14496211820153,100.0
C007012,0.0,0,0.0,10.865101196857674
C007013,1.0,1,181.48258715598328,100.0
C007014,0.0,0,908.8973022349361,100.0
C007015,1.0,1,1887.7435893665292,100.0
C007016,0.0,0,230.78182642721092,100.0
C007017,0.0,0,960.5803488095695,100.0
C007018,0.0,0,2186.581074062103,100.0
C007019,0.0,0,376.8290169915776,100.0
C007020,0.99,1,1536.2710031013444,100.0
C007021,1.0,1,995.893293247364,100.0
C007022,1.0,1,1998.0,100.0
C007023,0.0,0,1820.5012955707216,100.0
C007024,0.0,0,2062.982959329147,100.0
C007025,1.0,1,194.2221909633918,100.0
C007026,1.0,1,177.56901950817203,100.0
C007027,1.0,1,321.53171391557777,100.0
C007028,0.0,0,193.2443941298205,100.0
C007029,0.0,0,2134.3666754413834,100.0
C007030,1.0,1,2014.2279605327699,100.0
C007031,1.0,1,1384.12,100.0
C007032,1.0,1,1143.292973836941,100.0
C007033,1.0,1,1542.315625849178,100.0
C007034,0.0,0,197.26116461438073,100.0
C007035,0.0,0,471.16991009077697,100.0
C007036,0.0,0,404.61078438684024,100.0
C007037,0.0,0,399.86832046267693,100.0
C007038,0.0,0,1229.4071277266708,100.0
C007039,0.0,0,1046.36531661217,100.0
C007040,1.0,1,0.0,10.257831261866782
C007041,0.0,0,486.7761262254148,100.0
C007042,0.0,0,137.74630777899773,100.0
C007043,0.0,0,159.7157905457937,100.0
C007044,0.0,0,147.37075462580856,100.0
C007045,0.0,0,152.1304222164296,100.0
C007046,0.0,0,167.5267651916175,100.0
C007047,1.0,1,464.1863086580456,100.0
C007048,0.0,0,424.9962303814133,100.0
C007049,1.0,1,480.5387191944802,100.0
C007050,1.0,1,1546.2613582336705,100.0
C007051,1.0,1,2080.103586821848,100.0
C007052,0.0,0,1494.0757168353957,100.0
C007053,1.0,1,484.77791116446576,100.0
C007054,0.0,0,1872.7969244602116,100.0
C007055,0.0,0,0.0,12.45268966574979
C007056,1.0,1,2777.666666666666,100.0
C007057,0.0,0,0.0,9.751170458152963
C007058,0.0,0,446.68094917996564,100.0
C007059,1.0,1,2040.3735306001765,100.0
C007060,1.0,1,0.0,13.506320597825566
C007061,1.0,1,0.0,10.99384793544135
C007062,0.0,0,1998.0,100.0
C007063,1.0,1,245.45008816658708,100.0
C007064,1.0,1,337.96941418140045,100.0
C007065,0.0,0,1094.043859360387,100.0
C007066,0.0,0,1849.777626957949,100.0
C007067,0.0,0,794.0451298944394,100.0
C007068,1.0,1,0.0,9.032231507381494
C007069,1.0,1,1059.591373776402,100.0
C007070,0.0,0,718.3294790616618,100.0
C007071,1.0,1,1070.1853265343927,100.0
C007072,1.0,1,1586.0629566651476,100.0
C007073,0.0,0,2108.615445906645,100.0
C007074,0.0,0,999.0,100.0
C007075,1.0,1,559.8228697924542,100.0
C007076,0.0,0,999.0,100.0
C007077,0.0,0,0.0,11.686481693525034
C007078,0.0,0,0.0,12.393571564363885
C007079,0.0,0,900.4097063872713,100.0
C007080,1.0,1,2083.3731372530183,100.0
C007081,1.0,1,715.3344377962305,100.0
C007082,1.0,1,2106.354674556422,100.0
C007083,1.0,1,2158.591294894407,100.0
C007084,0.0,0,2137.004462394006,100.0
C007085,1.0,1,200.64170424328915,100.0
C007086,1.0,1,0.0,10.606166777605788
C007087,0.0,0,866.8268846853629,100.0
C007088,0.0,0,930.7337694378402,100.0
C007089,1.0,1,0.0,7.403734322510815
C007090,0.0,0,1385.931719306618,100.0
C007091,1.0,1,0.0,11.031228551343748
C007092,0.0,0,412.5279449973348,100.0
C007093,0.0,0,1998.0,100.0
C007094,0.0,0,1798.401895464173,100.0
C007095,0.0,0,1007.5357106678885,100.0
C007096,1.0,1,169.21837373284347,100.0
C007097,1.0,1,0.0,13.622137878620226
C007098,1.0,1,375.144999223432,100.0
C007099,0.0,0,1998.0,100.0
C007100,1.0,1,432.41908218490136,100.0
C007101,0.0,0,889.7165097148741,100.0
C007102,0.0,0,0.0,13.481652372261905
C007103,0.0,0,0.0,8.018137809523818
C007104,0.0,0,2831.666666666666,100.0
C007105,0.0,0,239.96621286228114,100.0
C007106,0.0,0,2567.935,100.0
C007107,0.0,0,437.14678295168613,100.0
C007108,1.0,1,787.5939560391836,100.0
C007109,1.0,1,1998.0,100.0
C007110,0.0,0,321.1580411313801,100.0
C007111,1.0,1,332.2292737242632,100.0
C007112,1.0,1,1197.3152489947067,100.0
C007113,0.0,0,2718.99,100.0
C007114,0.0,0,1224.1086043042503,100.0
C007115,0.0,0,223.47549931170957,100.0
C007116,1.0,1,373.2053372503826,100.0
C007117,1.0,1,0.0,12.079974569286733
C007118,1.0,1,350.86980726518567,100.0
C007119,1.0,1,301.5954513327408,100.0
C007120,0.99,1,0.0,12.177851722750937
C007121,1.0,1,0.0,13.025687896708462
C007122,1.0,1,318.08362992775625,100.0
C007123,0.0,0,244.4205589495354,100.0
C007124,0.0,0,832.0,100.0
C007125,1.0,1,1492.043891447476,100.0
C007126,0.0,0,195.7975454850234,100.0
C007127,1.0,1,196.80963704429908,100.0
C007128,1.0,1,0.0,9.759466294365824
C007129,0.0,0,364.2254363283775,100.0
C007130,0.0,0,999.0,100.0
C007131,0.0,0,478.68235667220534,100.0
C007132,0.0,0,1984.5575546326713,100.0
C007133,0.0,0,1860.388803995403,100.0
C007134,0.0,0,432.4354662995746,100.0
C007135,0.0,0,1348.9956657270588,100.0
C007136,1.0,1,1117.3144326264007,100.0
C007137,0.0,0,319.2410097001867,100.0
C007138,0.0,0,2193.1381199834914,100.0
C007139,1.0,1,1428.5177960293026,100.0
C007140,0.0,0,1072.145118223135,100.0
C007141,0.0,0,999.0,100.0
C007142,1.0,1,2966.0,100.0
C007143,0.0,0,1209.3325958393914,100.0
C007144,1.0,1,471.66320832311163,100.0
C007145,1.0,1,0.0,9.600693145744248
C007146,0.0,0,999.0,100.0
C007147,0.0,0,2163.4841168510275,100.0
C007148,0.0,0,385.2718009980452,100.0
C007149,0.0,0,926.6743346766904,100.0
C007150,0.0,0,705.694794857523,100.0
C007151,0.99,1,1270.625129048781,100.0
C007152,1.0,1,317.66998865671724,100.0
C007153,0.0,0,1972.4866585082202,100.0
C007154,0.0,0,0.0,11.8106897779105
C007155,0.0,0,1161.8123407426774,100.0
C007156,0.0,0,1103.6696585857178,100.0
C007157,0.0,0,351.261954259533,100.0
C007158,1.0,1,747.2228414875074,100.0
C007159,0.0,0,1998.0,100.0
C007160,0.0,0,206.04478254706547,100.0
C007161,1.0,1,999.0,100.0
C007162,1.0,1,0.0,12.043896545533789
C007163,0.0,0,1177.5206371702168,100.0
C007164,0.0,0,1096.7148978409032,100.0
C007165,1.0,1,349.8042034847595,100.0
C007166,0.0,0,1769.740003583373,100.0
C007167,1.0,1,1177.0044417842028,100.0
C007168,1.0,1,2892.15,100.0
C007169,0.0,0,648.5236872356797,100.0
C007170,0.0,0,2043.015006673882,100.0
C007171,1.0,1,2169.5116052652943,100.0
C007172,0.0,0,1090.0655763289367,100.0
C007173,0.0,0,1543.6787238455988,100.0
C007174,0.0,0,3030.583333333334,100.0
C007175,0.0,0,0.0,11.732808009273578
C007176,1.0,1,1182.8621003944613,100.0
C007177,1.0,1,0.0,10.47870360559912
C007178,0.0,0,598.6605004811411,100.0
C007179,0.0,0,0.0,8.831521440401712
C007180,0.0,0,2126.757512748689,100.0
C007181,0.0,0,842.9659445684847,100.0
C007182,0.0,0,520.9160978936089,100.0
C007183,0.0,0,1220.4303934163527,100.0
C007184,0.0,0,334.026079934299,100.0
C007185,0.0,0,373.2053372503826,100.0
C007186,0.0,0,1139.9946603968228,100.0
C007187,1.0,1,327.1527663778451,100.0
C007188,0.0,0,1495.9390221859392,100.0
C007189,1.0,1,2819.99,100.0
C007190,0.0,0,322.8009262058862,100.0
C007191,1.0,1,369.5040735288727,100.0
C007192,1.0,1,778.9200980392156,100.0
C007193,0.0,0,194.36248283468157,100.0
C007194,0.0,0,0.0,11.91130147870805
C007195,1.0,1,1212.5460619127211,100.0
C007196,0.0,0,1805.5485916306689,100.0
C007197,0.0,0,1100.4197869329964,100.0
C007198,1.0,1,1337.2171462688382,100.0
C007199,0.0,0,460.10035517863366,100.0
C007200,0.0,0,1289.5003508660086,100.0
C007201,0.0,0,999.0,100.0
C007202,1.0,1,375.8322909641873,100.0
C007203,1.0,1,1998.0,100.0
C007204,1.0,1,382.29892245348594,100.0
C007205,0.0,0,1065.0861218334674,100.0
C007206,0.0,0,290.2866081023656,100.0
C007207,0.0,0,424.68055527388856,100.0
C007208,0.0,0,0.0,11.771047532914938
C007209,0.0,0,1181.3533158667776,100.0
C007210,1.0,1,1250.400203675775,100.0
C007211,1.0,1,334.9986340571858,100.0
C007212,1.0,1,1161.173371921954,100.0
C007213,0.0,0,999.0,100.0
C007214,0.0,0,0.0,9.942221493854861
C007215,0.0,0,374.5563999278938,100.0
C007216,0.0,0,1040.3342888199113,100.0
C007217,0.0,0,0.0,10.578579520999659
C007218,0.0,0,1241.5971936690119,100.0
C007219,1.0,1,1998.0,100.0
C007220,0.0,0,2265.4269515745696,100.0
C007221,0.0,0,828.6130816170863,100.0
C007222,0.0,0,951.3674400315731,100.0
C007223,0.0,0,1265.7987883598842,100.0
C007224,1.0,1,188.06865926734656,100.0
C007225,0.0,0,1752.157515102069,100.0
C007226,1.0,1,203.22514097244718,100.0
C007227,0.0,0,368.9557597932918,100.0
C007228,0.0,0,563.2499699676251,100.0
C007229,0.0,0,1003.2978832334497,100.0
C007230,0.0,0,348.515265885938,100.0
C007231,0.0,0,850.5192319491646,100.0
C007232,0.0,0,1981.1333333333332,100.0
C007233,1.0,1,285.3819871884388,100.0
C007234,0.0,0,0.0,8.682064732747362
C007235,1.0,1,841.4595317231222,100.0
C007236,0.0,0,1632.9823077784686,100.0
C007237,1.0,1,1472.090827031872,100.0
C007238,0.0,0,2626.0,100.0
C007239,0.0,0,0.0,14.025961488095229
C007240,0.0,0,234.49696969696964,100.0
C007241,0.0,0,148.77955398586246,100.0
C007242,0.0,0,1335.8343056880403,100.0
C007243,0.0,0,1507.16,100.0
C007244,0.0,0,1274.0795651058506,100.0
C007245,0.0,0,1998.0,100.0
C007246,0.0,0,374.72513153920744,100.0
C007247,0.0,0,0.0,12.015501923076902
C007248,0.0,0,0.0,13.982672920404768
C007249,0.0,0,179.6563145848894,100.0
C007250,0.0,0,0.0,9.406044777607102
C007251,0.0,0,999.0,100.0
C007252,0.0,0,363.8644446045923,100.0
C007253,0.0,0,143.92559873157379,100.0
C007254,1.0,1,1340.570411385698,100.0
C007255,1.0,1,268.4527594287947,100.0
C007256,0.0,0,1889.9784948317601,100.0
C007257,0.0,0,1009.4474612554311,100.0
C007258,1.0,1,267.4052732543808,100.0
C007259,1.0,1,1229.1007049775305,100.0
C007260,0.0,0,209.40593828627883,100.0
C007261,0.0,0,913.0304856721402,100.0
C007262,0.0,0,0.0,11.406091879457108
C007263,1.0,1,255.11276370510103,100.0
C007264,0.0,0,0.0,12.624030334436805
C007265,0.04,0,875.9019397906202,100.0
C007266,0.0,0,1053.6920746123078,100.0
C007267,1.0,1,0.0,14.515708035714288
C007268,1.0,1,0.0,12.495161746031748
C007269,0.0,0,0.0,13.070470882693677
C007270,1.0,1,2024.1253460464027,100.0
C007271,1.0,1,2135.4452247510867,100.0
C007272,0.0,0,195.3449672266174,100.0
C007273,1.0,1,1092.6169694684763,100.0
C007274,0.0,0,999.0,100.0
C007275,1.0,1,499.5096491048857,100.0
C007276,1.0,1,173.2567069362776,100.0
C007277,0.0,0,999.0,100.0
C007278,1.0,1,1178.6545219560824,100.0
C007279,1.0,1,1948.2558567323024,100.0
C007280,0.0,0,391.07066021726695,100.0
C007281,0.0,0,1259.2472562555997,100.0
C007282,1.0,1,2195.957328060384,100.0
C007283,0.0,0,494.97,100.0
C007284,0.0,0,923.299221957209,100.0
C007285,1.0,1,959.3310037793964,100.0
C007286,1.0,1,1313.5786054421053,100.0
C007287,1.0,1,1102.3830584687933,100.0
C007288,1.0,1,934.7933787904199,100.0
C007289,1.0,1,452.1855727580789,100.0
C007290,0.0,0,314.310685400036,100.0
C007291,1.0,1,790.6287765932178,100.0
C007292,0.0,0,2879.74,100.0
C007293,0.0,0,1696.687205882353,100.0
C007294,1.0,1,372.5879268010108,100.0
C007295,1.0,1,0.0,14.091831578947376
C007296,1.0,1,999.0,100.0
C007297,0.0,0,169.58797015166084,100.0
C007298,0.0,0,456.04045068738714,100.0
C007299,0.0,0,1998.0,100.0
C007300,0.0,0,1939.6223014729899,100.0
C007301,1.0,1,2187.2342635261994,100.0
C007302,1.0,1,999.0,100.0
C007303,1.0,1,255.24751404360322,100.0
C007304,0.0,0,526.7140671971256,100.0
C007305,0.0,0,464.7777777777778,100.0
C007306,1.0,1,1574.5322961660702,100.0
C007307,0.0,0,371.36365476341393,100.0
C007308,0.0,0,541.2535782137658,100.0
C007309,0.0,0,317.9958164500306,100.0
C007310,1.0,1,1130.6595924570308,100.0
C007311,0.0,0,1998.0,100.0
C007312,1.0,1,338.75472567451595,100.0
C007313,1.0,1,477.27453312567457,100.0
C007314,1.0,1,2134.939359194341,100.0
C007315,1.0,1,2045.5305044903298,100.0
C007316,1.0,1,2997.0,100.0
C007317,0.0,0,334.026079934299,100.0
C007318,1.0,1,1206.4785046422808,100.0
C007319,0.0,0,0.0,8.540998427349432
C007320,0.0,0,2106.2167705240663,100.0
C007321,1.0,1,1525.1161193979246,100.0
C007322,0.0,0,1820.3641163210557,100.0
C007323,1.0,1,999.0,100.0
C007324,0.0,0,2748.0,100.0
C007325,0.0,0,1096.7577704963019,100.0
C007326,0.0,0,999.0,100.0
C007327,0.0,0,228.00574192462736,100.0
C007328,1.0,1,219.0787353662251,100.0
C007329,1.0,1,819.5730104782451,100.0
C007330,1.0,1,932.596615608677,100.0
C007331,1.0,1,1616.4632540044438,100.0
C007332,0.0,0,1749.3557252967566,100.0
C007333,1.0,1,0.0,12.557768629887327
C007334,1.0,1,0.0,13.336405815295814
C007335,0.0,0,0.0,11.21209074541005
C007336,0.0,0,1100.9406331711557,100.0
C007337,0.0,0,492.61124449779913,100.0
C007338,1.0,1,1066.2770838591352,100.0
C007339,0.0,0,367.92760149658193,100.0
C007340,0.0,0,2083.537754194064,100.0
C007341,1.0,1,987.2239498925561,100.0
C007342,1.0,1,747.0798188783223,100.0
C007343,0.0,0,1274.116377455147,100.0
C007344,1.0,1,160.84155327380356,100.0
C007345,1.0,1,1198.9009835141926,100.0
C007346,0.0,0,1033.212688897866,100.0
C007347,1.0,1,2997.0,100.0
C007348,0.0,0,699.8941402801128,100.0
C007349,0.0,0,0.0,11.930984163606785
C007350,1.0,1,458.6441857835773,100.0
C007351,1.0,1,1975.2955141545112,100.0
C007352,0.0,0,1150.2507902738716,100.0
C007353,0.0,0,157.33451443483392,100.0
C007354,0.0,0,253.93649764703778,100.0
C007355,1.0,1,1468.9483798064678,100.0
C007356,0.0,0,1081.8106477447743,100.0
C007357,1.0,1,1152.5389746497165,100.0
C007358,0.0,0,211.60562969569713,100.0
C007359,0.0,0,0.0,14.00193917127558
C007360,0.0,0,1037.9747485228959,100.0
C007361,0.0,0,371.2310464462644,100.0
C007362,0.0,0,320.4405241745788,100.0
C007363,0.0,0,411.2379874361048,100.0
C007364,1.0,1,375.47139845920555,100.0
C007365,1.0,1,1913.613245343796,100.0
C007366,1.0,1,2816.0,100.0
C007367,0.0,0,1099.7135973522907,100.0
C007368,1.0,1,917.6533447147954,100.0
C007369,1.0,1,195.71007814333797,100.0
C007370,0.0,0,188.06865926734656,100.0
C007371,1.0,1,1167.6582451406089,100.0
C007372,0.0,0,2997.0,100.0
C007373,0.0,0,771.3791464539119,100.0
C007374,0.0,0,999.0,100.0
C007375,1.0,1,0.0,10.65817348605407
C007376,0.0,0,405.31297685342537,100.0
C007377,0.0,0,631.2640734957313,100.0
C007378,0.0,0,0.0,11.580581744777403
C007379,0.0,0,831.9259587271706,100.0
C007380,0.0,0,1252.9848766172624,100.0
C007381,0.0,0,1110.344872164453,100.0
C007382,1.0,1,672.7994037284725,100.0
C007383,0.0,0,173.57588337403328,100.0
C007384,1.0,1,755.7582236961975,100.0
C007385,0.0,0,186.05465081501697,100.0
C007386,1.0,1,1978.1275378371545,100.0
C007387,1.0,1,2154.698828856329,100.0
C007388,0.0,0,1871.354377523101,100.0
C007389,0.0,0,372.7286825145496,100.0
C007390,1.0,1,466.22178934479996,100.0
C007391,0.0,0,1810.2189070484374,100.0
C007392,1.0,1,178.36528131758817,100.0
C007393,0.0,0,1703.1748672347896,100.0
C007394,0.0,0,291.8892684441229,100.0
C007395,0.0,0,2124.64727994228,100.0
C007396,0.0,0,466.23815493803596,100.0
C007397,0.0,0,1280.8904722906573,100.0
C007398,0.99,1,2997.0,100.0
C007399,1.0,1,474.73779843179705,100.0
C007400,0.0,0,951.5841231413515,100.0
C007401,0.0,0,326.2100762879359,100.0
C007402,1.0,1,1170.1100053378589,100.0
C007403,0.0,0,1256.5739745442565,100.0
C007404,1.0,1,394.7595069064562,100.0
C007405,0.0,0,589.3992446845853,100.0
C007406,0.0,0,1081.522482275171,100.0
C007407,0.0,0,2943.916666666667,100.0
C007408,0.0,0,0.0,12.679524938892625
C007409,1.0,1,274.2435740024902,100.0
C007410,0.0,0,429.8109948718948,100.0
C007411,0.0,0,1175.8136818879477,100.0
C007412,0.0,0,652.0327283259211,100.0
C007413,1.0,1,2253.86,100.0
C007414,0.0,0,1998.0,100.0
C007415,0.0,0,1897.352723904566,100.0
C007416,1.0,1,954.3087161007164,100.0
C007417,0.0,0,1042.4487106640313,100.0
C007418,0.0,0,696.8707363334289,100.0
C007419,1.0,1,1883.5549888179792,100.0
C007420,0.0,0,1208.3594768266967,100.0
C007421,0.0,0,1293.048868587073,100.0
C007422,0.0,0,1081.989227642992,100.0
C007423,0.0,0,2711.0,100.0
C007424,0.0,0,1256.9113202937888,100.0
C007425,1.0,1,2882.4840000000004,100.0
C007426,0.0,0,328.896921613817,100.0
C007427,0.0,0,1271.6647304132175,100.0
C007428,0.0,0,0.0,12.577745607654782
C007429,1.0,1,1174.6475974152281,100.0
C007430,0.0,0,1039.1810625115709,100.0
C007431,0.0,0,1267.9804826628024,100.0
C007432,0.0,0,344.82945754758316,100.0
C007433,1.0,1,1962.5293749893563,100.0
C007434,1.0,1,1615.0437950269654,100.0
C007435,0.0,0,397.4354731459309,100.0
C007436,0.0,0,987.4227005744225,100.0
C007437,0.0,0,1002.3423519023312,100.0
C007438,0.0,0,262.39230991861535,100.0
C007439,0.0,0,219.47816119149687,100.0
C007440,1.0,1,0.0,11.30706105946342
C007441,0.0,0,227.8391175188538,100.0
C007442,1.0,1,1111.5488688309574,100.0
C007443,0.0,0,0.0,15.150408889345256
C007444,0.0,0,162.89513412875772,100.0
C007445,1.0,1,1080.6905240494045,100.0
C007446,0.0,0,1912.5,100.0
C007447,1.0,1,1097.1315302908379,100.0
C007448,1.0,1,2028.9951209674168,100.0
C007449,1.0,1,0.0,13.489694034950192
C007450,0.01,0,1081.8613847919523,100.0
C007451,1.0,1,362.37957700299506,100.0
C007452,0.0,0,433.0,100.0
C007453,0.0,0,2966.0,100.0
C007454,0.0,0,1091.5401136363635,100.0
C007455,0.0,0,512.7163308577256,100.0
C007456,0.0,0,1325.7367803434888,100.0
C007457,1.0,1,1332.5324741661723,100.0
C007458,0.0,0,188.42362611190683,100.0
C007459,0.0,0,475.73811594202897,100.0
C007460,0.0,0,957.0868650977519,100.0
C007461,1.0,1,1035.9352958821103,100.0
C007462,0.0,0,2288.3301399788165,100.0
C007463,0.0,0,1625.2458200300803,100.0
C007464,0.0,0,1743.133063097732,100.0
C007465,1.0,1,345.35325803526956,100.0
C007466,1.0,1,0.0,11.466727744477744
C007467,0.0,0,2015.6683432248346,100.0
C007468,0.0,0,1144.3561234072183,100.0
C007469,0.0,0,2651.0,100.0
C007470,0.0,0,0.0,12.109046894668875
C007471,0.0,0,2348.855555555556,100.0
C007472,0.0,0,1009.4696516780406,100.0
C007473,1.0,1,403.8505276165529,100.0
C007474,0.0,0,1295.8458088874938,100.0
C007475,1.0,1,1186.6845570888358,100.0
C007476,0.0,0,267.87464372905504,100.0
C007477,0.0,0,999.0,100.0
C007478,0.0,0,0.0,12.35776066325446
C007479,0.0,0,327.7195930480037,100.0
C007480,1.0,1,953.3049439070109,100.0
C007481,1.0,1,513.3646689087041,100.0
C007482,0.0,0,999.0,100.0
C007483,1.0,1,221.72850615365115,100.0
C007484,1.0,1,200.16749812468996,100.0
C007485,0.0,0,2122.638034992786,100.0
C007486,0.0,0,0.0,10.915716706468764
C007487,1.0,1,983.1185185185185,100.0
C007488,0.0,0,1176.2803338936912,100.0
C007489,1.0,1,1025.382574264356,100.0
C007490,0.0,0,1229.9566311427482,100.0
C007491,0.0,0,1017.5097487592457,100.0
C007492,0.0,0,999.0,100.0
C007493,0.0,0,188.42362611190683,100.0
C007494,0.0,0,1166.338342790671,100.0
C007495,0.0,0,1114.3921523386114,100.0
C007496,0.0,0,215.6824346337802,100.0
C007497,1.0,1,2997.0,100.0
C007498,0.0,0,1955.0577597402596,100.0
C007499,0.0,0,846.2472144990206,100.0
C007500,0.0,0,1367.4775125322892,100.0
C007501,1.0,1,0.0,11.728593333333336
C007502,0.0,0,1167.8886304660216,100.0
C007503,0.98,1,1688.5891941391942,100.0
C007504,1.0,1,1869.4924119523928,100.0
C007505,1.0,1,761.9590965992717,100.0
C007506,0.0,0,1014.8792289391303,100.0
C007507,0.0,0,416.1649887776545,100.0
C007508,0.0,0,1998.0,100.0
C007509,0.0,0,1259.3472273552443,100.0
C007510,0.0,0,747.8483870691858,100.0
C007511,0.0,0,2089.034716981132,100.0
C007512,1.0,1,1116.9670660822676,100.0
C007513,0.0,0,169.46559715610928,100.0
C007514,0.0,0,142.11016830436068,100.0
C007515,0.0,0,595.2436904404385,100.0
C007516,0.0,0,365.46752477261253,100.0
C007517,1.0,1,343.32333333333327,100.0
C007518,0.0,0,241.530766502235,100.0
C007519,0.0,0,1286.2347550818047,100.0
C007520,1.0,1,1998.0,100.0
C007521,0.0,0,0.0,11.098337484469845
C007522,1.0,1,0.0,11.079442150432278
C007523,0.0,0,1070.5681451887276,100.0
C007524,0.0,0,362.18828955977915,100.0
C007525,0.0,0,2184.012631772178,100.0
C007526,1.0,1,2078.6238059118245,100.0
C007527,0.0,0,999.0,100.0
C007528,0.0,0,693.6359133309934,100.0
C007529,0.0,0,1093.227157548334,100.0
C007530,1.0,1,1274.3461245077935,100.0
C007531,0.0,0,339.21768817636615,100.0
C007532,1.0,1,928.0,100.0
C007533,0.0,0,486.1147758894468,100.0
C007534,1.0,1,396.1401063694104,100.0
C007535,1.0,1,2168.5491437072833,100.0
C007536,1.0,1,1126.7567151845194,100.0
C007537,1.0,1,178.08918782476144,100.0
C007538,0.0,0,1083.7673821510036,100.0
C007539,0.0,0,2002.9573016827947,100.0
C007540,0.0,0,0.0,10.600321905433352
C007541,1.0,1,0.0,8.10909583333334
C007542,0.0,0,0.0,8.90608495865186
C007543,1.0,1,463.89989814538296,100.0
C007544,0.0,0,1421.7610998367736,100.0
C007545,1.0,1,433.2117067218424,100.0
C007546,0.0,0,1189.8963883493736,100.0
C007547,0.0,0,2997.0,100.0
C007548,0.0,0,1146.0892913380303,100.0
C007549,1.0,1,1000.1427416631773,100.0
C007550,0.0,0,1092.4712149568595,100.0
C007551,0.0,0,442.1016362813958,100.0
C007552,1.0,1,1241.5587279611375,100.0
C007553,1.0,1,1026.899252540336,100.0
C007554,1.0,1,415.0931937836168,100.0
C007555,0.0,0,444.55555555555554,100.0
C007556,0.0,0,534.0958740367901,100.0
C007557,0.0,0,2996.0,100.0
C007558,0.99,1,999.0,100.0
C007559,0.0,0,0.0,12.375192771178195
C007560,1.0,1,1998.0,100.0
C007561,0.0,0,2043.2635085453753,100.0
C007562,1.0,1,0.0,12.907217063492071
C007563,0.0,0,327.300985378845,100.0
C007564,1.0,1,1621.1271694677873,100.0
C007565,1.0,1,2082.7724798327226,100.0
C007566,1.0,1,1110.27644649129,100.0
C007567,1.0,1,1259.1765590034156,100.0
C007568,1.0,1,0.0,9.954278328898061
C007569,1.0,1,316.7394879551681,100.0
C007570,0.0,0,143.18526190952795,100.0
C007571,0.0,0,1780.7938237157393,100.0
C007572,0.0,0,0.0,13.070697275480857
C007573,0.0,0,1181.5738558335788,100.0
C007574,0.0,0,979.6010561547291,100.0
C007575,1.0,1,179.77304836972965,100.0
C007576,1.0,1,541.6924006060111,100.0
C007577,1.0,1,440.18157736287475,100.0
C007578,1.0,1,0.0,10.997251977225666
C007579,0.0,0,496.45289091251334,100.0
C007580,0.0,0,524.9752879678651,100.0
C007581,1.0,1,392.4356782535306,100.0
C007582,1.0,1,866.7825025147996,100.0
C007583,0.0,0,2193.439182264231,100.0
C007584,0.0,0,0.0,12.443271277418578
C007585,0.0,0,420.783275251835,100.0
C007586,1.0,1,988.8555406406526,100.0
C007587,0.0,0,964.9288577247994,100.0
C007588,1.0,1,536.1406770861159,100.0
C007589,1.0,1,316.8641886297203,100.0
C007590,0.0,0,1367.774319864301,100.0
C007591,0.0,0,225.54742257221767,100.0
C007592,1.0,1,1892.955884059125,100.0
C007593,1.0,1,1017.6277092381916,100.0
C007594,1.0,1,146.0940164425653,100.0
C007595,0.0,0,498.5612803810377,100.0
C007596,0.0,0,0.0,15.70646428571429
C007597,0.0,0,216.3075097885076,100.0
C007598,0.0,0,1284.452380952381,100.0
C007599,1.0,1,1140.8152165786348,100.0
C007600,0.0,0,1843.420505610948,100.0
C007601,0.0,0,1454.783343468476,100.0
C007602,1.0,1,339.5646438320702,100.0
C007603,0.0,0,169.58797015166084,100.0
C007604,0.0,0,407.2307708682417,100.0
C007605,0.0,0,1034.9065741088277,100.0
C007606,0.0,0,2686.15,100.0
C007607,0.0,0,1050.1561217780804,100.0
C007608,1.0,1,956.0688156990623,100.0
C007609,1.0,1,1075.4399776612277,100.0
C007610,0.0,0,0.0,13.22079389302294
C007611,0.0,0,971.9822428332238,100.0
C007612,0.0,0,0.0,12.647880869941282
C007613,0.0,0,1221.0,100.0
C007614,0.0,0,1059.3405209944444,100.0
C007615,0.0,0,0.0,10.02582771395645
C007616,0.0,0,470.50758908718393,100.0
C007617,0.0,0,1177.6236506328794,100.0
C007618,1.0,1,1872.4359361766546,100.0
C007619,0.0,0,1730.2116533189037,100.0
C007620,0.0,0,1318.7122715576909,100.0
C007621,1.0,1,324.3476701554531,100.0
C007622,0.0,0,0.0,12.31307664602962
C007623,1.0,1,494.24872997501865,100.0
C007624,1.0,1,190.067101588585,100.0
C007625,1.0,1,204.88627380649035,100.0
C007626,0.0,0,1898.7080723905724,100.0
C007627,0.0,0,323.43424502032195,100.0
C007628,1.0,1,830.7491777922827,100.0
C007629,1.0,1,186.27029376227085,100.0
C007630,0.0,0,1121.4693611032278,100.0
C007631,1.0,1,1016.6620864236246,100.0
C007632,1.0,1,1134.609942660984,100.0
C007633,0.0,0,1154.6742583732057,100.0
C007634,1.0,1,546.2275863496542,100.0
C007635,0.0,0,1084.7726643763317,100.0
C007636,1.0,1,2606.0,100.0
C007637,0.0,0,950.1751740586841,100.0
C007638,0.0,0,0.0,14.556146928486164
C007639,0.0,0,205.5759488699015,100.0
C007640,0.01,0,885.4906371158648,100.0
C007641,0.0,0,1736.7960345471522,100.0
C007642,0.0,0,999.0,100.0
C007643,0.0,0,326.2228251301734,100.0
C007644,0.0,0,1169.364264445737,100.0
C007645,0.0,0,2227.908700461522,100.0
C007646,0.0,0,1271.8499606713315,100.0
C007647,1.0,1,852.0921909146258,100.0
C007648,0.0,0,146.61321962089696,100.0
C007649,1.0,1,460.3103997059059,100.0
C007650,1.0,1,772.5220990494374,100.0
C007651,0.0,0,0.0,12.399932895160395
C007652,1.0,1,828.1763378189671,100.0
C007653,0.0,0,1156.517522794829,100.0
C007654,0.98,1,318.4420877423125,100.0
C007655,0.0,0,491.81182924228074,100.0
C007656,1.0,1,1147.1776105493016,100.0
C007657,1.0,1,1914.351471146025,100.0
C007658,1.0,1,1619.4705105156654,100.0
C007659,0.0,0,1009.4474612554311,100.0
C007660,0.0,0,421.55312184496955,100.0
C007661,0.0,0,1375.4282720565761,100.0
C007662,1.0,1,1687.4913656393433,100.0
C007663,0.0,0,2064.64,100.0
C007664,0.0,0,954.3982586726383,100.0
C007665,0.0,0,1885.1770288579894,100.0
C007666,0.0,0,0.0,10.589165641025653
C007667,1.0,1,2134.9093812558385,100.0
C007668,0.0,0,0.0,15.89028715747702
C007669,0.0,0,2340.155607713088,100.0
C007670,0.0,0,0.0,10.868915807868008
C007671,0.0,0,1170.275591163332,100.0
C007672,1.0,1,0.0,12.076048144668546
C007673,0.0,0,293.28065928819507,100.0
C007674,0.0,0,396.7690921747515,100.0
C007675,1.0,1,460.77116328523914,100.0
C007676,0.0,0,1954.3015778277124,100.0
C007677,0.0,0,162.88831579656966,100.0
C007678,0.0,0,472.23886715572945,100.0
C007679,0.0,0,1196.242753638869,100.0
C007680,1.0,1,955.4498293694419,100.0
C007681,0.0,0,896.4943256813239,100.0
C007682,0.0,0,995.0534100033824,100.0
C007683,0.0,0,333.0889329129316,100.0
C007684,1.0,1,2134.106702771402,100.0
C007685,1.0,1,501.7175479436524,100.0
C007686,1.0,1,1988.8740536313646,100.0
C007687,1.0,1,1060.6804975345644,100.0
C007688,0.0,0,174.76836580894766,100.0
C007689,1.0,1,149.2014652014652,100.0
C007690,0.0,0,0.0,11.102836893997535
C007691,1.0,1,0.0,12.166531713075745
C007692,0.0,0,0.0,11.957539976190478
C007693,0.0,0,999.0,100.0
C007694,1.0,1,0.0,15.792238392857117
C007695,1.0,1,2050.680879002295,100.0
C007696,1.0,1,1037.3174059806151,100.0
C007697,0.0,0,999.0,100.0
C007698,0.0075,0,355.2109914863646,100.0
C007699,1.0,1,0.0,9.840406950982528
C007700,1.0,1,0.0,11.012749790993318
C007701,1.0,1,924.1812269547383,100.0
C007702,1.0,1,0.0,12.373638481256195
C007703,1.0,1,0.0,11.367573170995659
C007704,1.0,1,1048.6755074056937,100.0
C007705,1.0,1,1124.7608172134312,100.0
C007706,1.0,1,999.0,100.0
C007707,0.0,0,532.6167924657308,100.0
C007708,0.0,0,999.0,100.0
C007709,1.0,1,878.9648028436817,100.0
C007710,1.0,1,1120.2027521162927,100.0
C007711,1.0,1,206.79431804150238,100.0
C007712,0.0,0,1079.3336165654969,100.0
C007713,0.0,0,225.8768955943061,100.0
C007714,0.0,0,511.92645511532464,100.0
C007715,1.0,1,2744.99,100.0
C007716,0.0,0,0.0,9.903622755019656
C007717,1.0,1,1145.8946189390945,100.0
C007718,0.0,0,474.67251461988303,100.0
C007719,0.0,0,2076.2821374973737,100.0
C007720,1.0,1,0.0,14.647635714285714
C007721,1.0,1,1053.5149338961094,100.0
C007722,1.0,1,0.0,13.934610555555567
C007723,0.0,0,1135.44039712956,100.0
C007724,1.0,1,485.9262078847041,100.0
C007725,0.0,0,1998.0,100.0
C007726,1.0,1,1136.6073872165073,100.0
C007727,0.0,0,1829.3668360562954,100.0
C007728,1.0,1,827.3931733214573,100.0
C007729,0.0,0,471.7626366340147,100.0
C007730,0.0,0,1297.807066383054,100.0
C007731,1.0,1,581.6234487781271,100.0
C007732,0.0,0,2001.4007518838082,100.0
C007733,0.0,0,486.8229591638569,100.0
C007734,0.0,0,1807.4913076760165,100.0
C007735,0.0,0,0.0,12.196349097744365
C007736,0.0,0,1162.3621167870288,100.0
C007737,1.0,1,726.0041749436234,100.0
C007738,1.0,1,1100.5332565657382,100.0
C007739,0.0,0,1252.5038967660955,100.0
C007740,1.0,1,2313.805,100.0
C007741,1.0,1,2997.0,100.0
C007742,0.0,0,1176.9458366718552,100.0
C007743,0.0,0,457.3165850211054,100.0
C007744,1.0,1,472.3249895445042,100.0
C007745,0.0,0,1771.1485458170305,100.0
C007746,1.0,1,1864.1000568889817,100.0
C007747,0.0,0,0.0,11.954402927019698
C007748,1.0,1,454.9453008762109,100.0
C007749,0.0,0,222.6581946086983,100.0
C007750,0.0,0,2278.269506633134,100.0
C007751,0.0,0,1118.8558009156316,100.0
C007752,0.0,0,470.9975028329975,100.0
C007753,0.0,0,289.85695666340825,100.0
C007754,0.0,0,1881.6720715438266,100.0
C007755,1.0,1,2676.0,100.0
C007756,0.0,0,210.17871048653654,100.0
C007757,1.0,1,0.0,13.106994760073258
C007758,1.0,1,0.0,11.224067804442283
C007759,1.0,1,404.06040215925253,100.0
C007760,0.0,0,0.0,11.451664372874305
C007761,0.0,0,697.5880432978454,100.0
C007762,0.0,0,2621.0,100.0
C007763,0.0,0,1139.9080020496249,100.0
C007764,1.0,1,182.7804070765492,100.0
C007765,1.0,1,0.0,10.64606012150945
C007766,1.0,1,129.5,100.0
C007767,0.0,0,999.0,100.0
C007768,0.0,0,703.7737457118925,100.0
C007769,1.0,1,197.13731178911067,100.0
C007770,0.0,0,1790.8882826833972,100.0
C007771,0.0,0,794.5428722345598,100.0
C007772,1.0,1,307.22908063953275,100.0
C007773,0.0,0,1220.358544292482,100.0
C007774,0.0,0,2661.0,100.0
C007775,0.0,0,2793.666666666666,100.0
C007776,0.99,1,1934.1103049946353,100.0
C007777,0.0,0,2078.095827239769,100.0
C007778,1.0,1,1104.351681516846,100.0
C007779,0.0,0,800.265515030724,100.0
C007780,1.0,1,546.6982400400566,100.0
C007781,0.0,0,842.59546678097,100.0
C007782,0.0,0,1079.9655555555555,100.0
C007783,0.0,0,0.0,8.742437925770318
C007784,1.0,1,490.5624128364,100.0
C007785,0.0,0,2052.599945765374,100.0
C007786,1.0,1,929.8161081619927,100.0
C007787,0.0,0,2397.148115079365,100.0
C007788,0.0,0,377.5120897504646,100.0
C007789,0.0,0,2867.052631578947,100.0
C007790,0.0,0,1104.7060987833297,100.0
C007791,1.0,1,442.2845323909901,100.0
C007792,0.0,0,1232.0135889507783,100.0
C007793,1.0,1,0.0,12.551212873376626
C007794,0.0,0,1996.4317115013919,100.0
C007795,1.0,1,435.55555555555554,100.0
C007796,0.0,0,2662.617063492064,100.0
C007797,0.0,0,160.70693388718914,100.0
C007798,1.0,1,3016.0,100.0
C007799,1.0,1,340.9077638694936,100.0
C007800,0.0,0,174.7496413172785,100.0
C007801,0.0,0,0.0,13.453447629191912
C007802,0.0,0,821.062461799996,100.0
C007803,1.0,1,0.0,11.785566460206457
C007804,0.0,0,447.06035610354513,100.0
C007805,0.0,0,1040.3342888199113,100.0
C007806,0.0,0,1187.4455437540405,100.0
C007807,0.0,0,0.0,12.464196750269391
C007808,0.0,0,530.4311005405783,100.0
C007809,0.99,1,588.1834074894199,100.0
C007810,1.0,1,0.0,11.915575588235289
C007811,1.0,1,0.0,12.42381152777777
C007812,0.0,0,274.2435740024902,100.0
C007813,1.0,1,1219.6977726554137,100.0
C007814,1.0,1,1659.6233833372673,100.0
C007815,0.0,0,216.45907066506606,100.0
C007816,0.0,0,241.9761343067538,100.0
C007817,0.0,0,861.006899779069,100.0
C007818,0.0,0,1853.7476733471383,100.0
C007819,1.0,1,1957.1058791661176,100.0
C007820,1.0,1,141.56367368425202,100.0
C007821,1.0,1,1867.5002702040872,100.0
C007822,0.0,0,415.36100899197595,100.0
C007823,1.0,1,2722.052631578947,100.0
C007824,0.0,0,186.05465081501697,100.0
C007825,0.0,0,1998.0,100.0
C007826,0.0,0,634.0387982756275,100.0
C007827,0.99,1,1764.3924337683577,100.0
C007828,0.0,0,475.08699811166895,100.0
C007829,0.0,0,2857.419695071011,100.0
C007830,0.0,0,990.0071481057546,100.0
C007831,0.0,0,306.0,100.0
C007832,0.0,0,410.03348289009983,100.0
C007833,0.0,0,492.028530385031,100.0
C007834,0.0,0,915.4811701532078,100.0
C007835,1.0,1,1033.9746002978782,100.0
C007836,1.0,1,417.60710093891447,100.0
C007837,0.0,0,1939.6826375343892,100.0
C007838,0.0,0,2112.6370759467686,100.0
C007839,0.0,0,0.0,13.223631082901234
C007840,0.0,0,231.88824961748466,100.0
C007841,0.0,0,370.9274212715389,100.0
C007842,0.0,0,1130.1591562788335,100.0
C007843,0.0,0,1583.3753871502083,100.0
C007844,1.0,1,160.9121458323875,100.0
C007845,0.0,0,179.7608142907664,100.0
C007846,1.0,1,1323.8929577438864,100.0
C007847,1.0,1,336.0289970524662,100.0
C007848,0.0,0,1009.1420180129985,100.0
C007849,0.0,0,0.0,13.449576560211014
C007850,0.0,0,1158.041165939416,100.0
C007851,0.0,0,1106.1598594495551,100.0
C007852,1.0,1,1020.6149399530169,100.0
C007853,0.0,0,304.71562957755987,100.0
C007854,0.0,0,1212.9352181322852,100.0
C007855,1.0,1,1011.0,100.0
C007856,0.0,0,2375.4810256410256,100.0
C007857,0.0,0,0.0,12.975672703539153
C007858,1.0,1,292.33945287191347,100.0
C007859,0.0,0,1773.8587223362454,100.0
C007860,1.0,1,1064.1536182482216,100.0
C007861,0.0,0,738.3942843899974,100.0
C007862,0.0,0,1998.0,100.0
C007863,1.0,1,0.0,12.030864232923939
C007864,0.0,0,347.49081830101716,100.0
C007865,0.0,0,617.2730355378244,100.0
C007866,0.0,0,981.1097498242156,100.0
C007867,0.98,1,953.7848610640985,100.0
C007868,1.0,1,1223.9212187760343,100.0
C007869,1.0,1,874.494241297616,100.0
C007870,1.0,1,2214.526078734861,100.0
C007871,0.0,0,332.13224788805144,100.0
C007872,1.0,1,0.0,10.203959328708333
C007873,1.0,1,475.42713992965247,100.0
C007874,1.0,1,1377.2870083366638,100.0
C007875,0.0,0,262.31347962382443,100.0
C007876,0.0,0,1111.7905249582689,100.0
C007877,1.0,1,1816.503874543281,100.0
C007878,1.0,1,1885.2089848418223,100.0
C007879,1.0,1,0.0,9.969312877046931
C007880,0.0,0,2012.487731872506,100.0
C007881,1.0,1,999.0,100.0
C007882,0.0,0,479.8902660737775,100.0
C007883,1.0,1,2161.44721030368,100.0
C007884,0.0,0,1788.0861487462403,100.0
C007885,0.0,0,376.868347663394,100.0
C007886,1.0,1,462.7348425940908,100.0
C007887,0.0,0,1035.6861752186378,100.0
C007888,0.0,0,0.0,13.159388252740998
C007889,1.0,1,1037.5764584657595,100.0
C007890,0.0,0,1998.0,100.0
C007891,0.0,0,1243.1544788043827,100.0
C007892,0.0,0,0.0,11.319193117452715
C007893,0.0,0,0.0,13.439866321883235
C007894,0.0,0,1185.5731542011815,100.0
C007895,0.0,0,1211.5316330368619,100.0
C007896,0.0,0,0.0,11.521575642820325
C007897,1.0,1,387.8798739266129,100.0
C007898,1.0,1,1922.4042220529739,100.0
C007899,1.0,1,1998.0,100.0
C007900,1.0,1,1210.2650970507852,100.0
C007901,1.0,1,2721.4168831168827,100.0
C007902,0.0,0,785.5670454192718,100.0
C007903,1.0,1,999.0,100.0
C007904,1.0,1,478.548233082787,100.0
C007905,1.0,1,1136.2210222311994,100.0
C007906,1.0,1,206.79431804150238,100.0
C007907,1.0,1,999.0,100.0
C007908,1.0,1,1613.263272541909,100.0
C007909,1.0,1,326.43117409908695,100.0
C007910,0.0,0,1098.3778371271565,100.0
C007911,0.0,0,0.0,11.099552258945565
C007912,1.0,1,0.0,11.737162275698159
C007913,0.0,0,0.0,12.743681961750983
C007914,0.0,0,0.0,13.815743333333328
C007915,1.0,1,1159.8787987286312,100.0
C007916,0.0,0,0.0,8.431119032356534
C007917,0.0,0,2098.076463689375,100.0
C007918,1.0,1,192.1119903628183,100.0
C007919,0.0,0,0.0,10.519694855945396
C007920,0.0,0,679.6123381378678,100.0
C007921,1.0,1,946.4315124107098,100.0
C007922,0.0,0,1900.7241631411357,100.0
C007923,1.0,1,1265.5975409220607,100.0
C007924,1.0,1,2418.702777777778,100.0
C007925,0.0,0,322.0177854599452,100.0
C007926,1.0,1,936.1002443473507,100.0
C007927,0.0,0,1507.4002075991689,100.0
C007928,0.0,0,1998.0,100.0
C007929,0.0,0,338.2034711829705,100.0
C007930,0.0,0,391.6999818810932,100.0
C007931,1.0,1,1043.8064802276763,100.0
C007932,0.0,0,429.992290805382,100.0
C007933,0.0,0,430.7601953587709,100.0
C007934,0.0,0,335.44920471762896,100.0
C007935,1.0,1,1751.6023127464778,100.0
C007936,1.0,1,0.0,12.686420600575886
C007937,0.0,0,1033.1590533304995,100.0
C007938,0.0,0,608.7842585774513,100.0
C007939,0.0,0,1965.8303418768712,100.0
C007940,1.0,1,786.8243927005301,100.0
C007941,0.0,0,470.5175937041482,100.0
C007942,0.0,0,999.0,100.0
C007943,1.0,1,0.0,12.024965018037516
C007944,0.0,0,323.669311297015,100.0
C007945,1.0,1,0.0,9.007536666666674
C007946,0.0,0,1116.4092508501935,100.0
C007947,0.0,0,522.4309607194973,100.0
C007948,0.0,0,1998.0,100.0
C007949,0.0,0,1208.8087562053288,100.0
C007950,0.0,0,236.19102518761719,100.0
C007951,0.0,0,338.92597912597455,100.0
C007952,0.0,0,1153.970575030097,100.0
C007953,0.0,0,1625.903627975561,100.0
C007954,0.0,0,938.8008037697416,100.0
C007955,0.0,0,359.7927642617054,100.0
C007956,1.0,1,174.2940658804641,100.0
C007957,1.0,1,496.67022316317286,100.0
C007958,0.0,0,735.657439188173,100.0
C007959,0.0,0,754.3345541692861,100.0
C007960,0.0,0,317.2841264109279,100.0
C007961,1.0,1,301.39643741896174,100.0
C007962,0.0,0,1307.8456103039116,100.0
C007963,1.0,1,430.2424133474457,100.0
C007964,0.0,0,228.6143029192452,100.0
C007965,0.0,0,752.046594633698,100.0
C007966,0.0,0,2843.0,100.0
C007967,1.0,1,2801.898025974026,100.0
C007968,1.0,1,473.44454545454545,100.0
C007969,0.0,0,999.0,100.0
C007970,0.0,0,185.97115734149023,100.0
C007971,0.99,1,1054.1147634831048,100.0
C007972,0.0,0,990.6181659108896,100.0
C007973,1.0,1,203.22514097244718,100.0
C007974,0.0,0,715.7018381803307,100.0
C007975,0.0,0,0.0,12.642673862049993
C007976,0.0,0,1248.119906280716,100.0
C007977,0.0,0,1306.8339551944546,100.0
C007978,0.0,0,195.3904153002235,100.0
C007979,0.01,0,1072.350044051685,100.0
C007980,0.0,0,1066.2883298323911,100.0
C007981,0.0,0,338.78355251117296,100.0
C007982,0.0,0,649.7594531866857,100.0
C007983,0.0,0,768.9091224992754,100.0
C007984,1.0,1,2933.0052164502163,100.0
C007985,1.0,1,157.4121045516694,100.0
C007986,0.0,0,2997.0,100.0
C007987,1.0,1,451.91570993764196,100.0
C007988,0.0,0,2108.528402300764,100.0
C007989,1.0,1,0.0,10.850511636300233
C007990,1.0,1,1002.543527262463,100.0
C007991,0.0,0,2115.289648396267,100.0
C007992,0.0,0,181.42957453354757,100.0
C007993,0.0,0,807.4340439892138,100.0
C007994,0.0,0,1056.1091321378976,100.0
C007995,1.0,1,0.0,11.397783120768127
C007996,0.0,0,1071.2936400528902,100.0
C007997,1.0,1,521.9696271718607,100.0
C007998,1.0,1,909.5574592959651,100.0
C007999,0.0,0,154.9688368926032,100.0
C008000,0.0,0,393.19212714246993,100.0
C008001,1.0,1,1054.1587247988223,100.0
C008002,0.0,0,2060.433096037178,100.0
C008003,1.0,1,2023.424599698043,100.0
C008004,0.0,0,199.07312888079298,100.0
C008005,0.0,0,1049.4278899654907,100.0
C008006,0.0,0,999.0,100.0
C008007,1.0,1,370.1055426924522,100.0
C008008,0.0,0,142.11016830436068,100.0
C008009,1.0,1,1040.9270466155183,100.0
C008010,1.0,1,421.62714321409,100.0
C008011,0.0,0,1495.184984848485,100.0
C008012,1.0,1,1491.5765340097603,100.0
C008013,0.0,0,1953.9935333992125,100.0
C008014,0.0,0,1662.0499483777926,100.0
C008015,0.0,0,493.3228536750446,100.0
C008016,0.0,0,1017.6606069668961,100.0
C008017,1.0,1,1144.2626984126985,100.0
C008018,0.0,0,1099.8855176459783,100.0
C008019,0.0,0,196.55643929282266,100.0
C008020,1.0,1,1260.506348917146,100.0
C008021,1.0,1,1998.0,100.0
C008022,1.0,1,474.5252273427554,100.0
C008023,1.0,1,536.4835669549198,100.0
C008024,0.0,0,232.03406668679665,100.0
C008025,1.0,1,999.0,100.0
C008026,1.0,1,418.19078112937444,100.0
C008027,0.0,0,405.26755741266095,100.0
C008028,0.0,0,0.0,10.513351262616208
C008029,0.0,0,0.0,11.23864582594035
C008030,0.0,0,999.0,100.0
C008031,0.0,0,1029.4805525433383,100.0
C008032,1.0,1,0.0,12.605489942097766
C008033,0.0,0,1180.9601228025763,100.0
C008034,0.0,0,1768.7891941391943,100.0
C008035,1.0,1,2024.793575396825,100.0
C008036,0.0,0,174.3494833945262,100.0
C008037,1.0,1,1798.80637254902,100.0
C008038,1.0,1,411.23252649971687,100.0
C008039,0.0,0,515.4317864922696,100.0
C008040,0.0,0,479.6336821180835,100.0
C008041,0.0,0,2715.0,100.0
C008042,0.0,0,883.7719034766404,100.0
C008043,0.0,0,746.0060292793148,100.0
C008044,0.0,0,452.46968092019097,100.0
C008045,0.0,0,1468.6648207796095,100.0
C008046,0.0,0,474.73779843179705,100.0
C008047,1.0,1,0.0,11.930255184721375
C008048,0.0,0,1735.8145528088646,100.0
C008049,0.0,0,475.62592576812136,100.0
C008050,1.0,1,1420.1134154065255,100.0
C008051,0.0,0,357.6648451815646,100.0
C008052,0.0,0,450.5822071691722,100.0
C008053,0.0,0,0.0,8.68614573930606
C008054,0.0,0,0.0,11.35879424318044
C008055,0.0,0,1509.7033031190967,100.0
C008056,0.0,0,356.66718593129866,100.0
C008057,0.0,0,2794.2402164502164,100.0
C008058,0.0,0,378.3730501597732,100.0
C008059,1.0,1,653.6606848915103,100.0
C008060,0.0,0,1248.0373343141207,100.0
C008061,0.0,0,1033.4271022532046,100.0
C008062,0.0,0,233.18293854775428,100.0
C008063,0.0,0,2227.6784732436386,100.0
C008064,1.0,1,410.38020927210476,100.0
C008065,0.0,0,975.5452034293086,100.0
C008066,1.0,1,169.46559715610928,100.0
C008067,1.0,1,1255.1139628543963,100.0
C008068,0.0,0,999.0,100.0
C008069,0.0,0,151.17809075920982,100.0
C008070,0.0,0,339.3517717436095,100.0
C008071,1.0,1,2153.704865689865,100.0
C008072,0.0,0,2017.251846262943,100.0
C008073,1.0,1,2826.165883116883,100.0
C008074,0.0,0,1095.4935713152722,100.0
C008075,0.0,0,2698.7192982456136,100.0
C008076,0.0,0,341.46596812461246,100.0
C008077,0.0,0,176.20474381677363,100.0
C008078,0.0,0,1755.1226087071077,100.0
C008079,1.0,1,999.0,100.0
C008080,0.01,0,996.213524685866,100.0
C008081,1.0,1,1843.8192450641986,100.0
C008082,0.0,0,1015.7612237190342,100.0
C008083,0.0,0,158.78820911460383,100.0
C008084,0.0,0,469.16054414726716,100.0
C008085,1.0,1,1378.17,100.0
C008086,1.0,1,0.0,9.275651235299785
C008087,1.0,1,1040.8122635371576,100.0
C008088,1.0,1,1020.1954279586373,100.0
C008089,1.0,1,2296.3333333333335,100.0
C008090,0.0,0,2926.92,100.0
C008091,0.0,0,324.50571058152224,100.0
C008092,0.0,0,874.0792874845815,100.0
C008093,1.0,1,1901.4699718629647,100.0
C008094,0.0,0,1892.7604540023895,100.0
C008095,0.0,0,389.3979421478453,100.0
C008096,0.0,0,1071.4416185779128,100.0
C008097,0.0,0,987.7989831292465,100.0
C008098,1.0,1,1146.5879094988877,100.0
C008099,0.0,0,542.76665634119,100.0
C008100,0.0,0,2688.95,100.0
C008101,1.0,1,1783.4263189037538,100.0
C008102,0.0,0,1132.588425557948,100.0
C008103,0.0,0,1412.8102521252563,100.0
C008104,0.0,0,1998.0,100.0
C008105,0.0,0,1069.418148257522,100.0
C008106,1.0,1,2304.8107453416146,100.0
C008107,0.0,0,337.39097148744,100.0
C008108,1.0,1,235.5956306502721,100.0
C008109,0.0,0,2328.3,100.0
C008110,1.0,1,0.0,9.342099521823444
C008111,0.0,0,593.6650253241708,100.0
C008112,0.0,0,1446.6567742068999,100.0
C008113,1.0,1,3041.0,100.0
C008114,0.0,0,403.8167968658588,100.0
C008115,1.0,1,2997.0,100.0
C008116,0.0,0,374.40634544939866,100.0
C008117,1.0,1,0.0,13.870913607852556
C008118,0.0,0,1010.4504643267252,100.0
C008119,0.0,0,1119.268864981295,100.0
C008120,0.0,0,1998.0,100.0
C008121,0.0,0,999.0,100.0
C008122,0.0,0,0.0,9.23682566129979
C008123,0.0,0,2103.6718216981835,100.0
C008124,0.0,0,438.28960213692926,100.0
C008125,0.0,0,493.6544869748928,100.0
C008126,1.0,1,716.2019155176278,100.0
C008127,1.0,1,1993.2941241133917,100.0
C008128,1.0,1,0.0,12.813173814650254
C008129,0.0,0,1096.318215692515,100.0
C008130,0.0,0,295.84285974206085,100.0
C008131,1.0,1,154.0155683661036,100.0
C008132,1.0,1,2950.385964912281,100.0
C008133,1.0,1,0.0,12.788032605874404
C008134,1.0,1,2746.12,100.0
C008135,0.0,0,351.567946924755,100.0
C008136,0.0,0,0.0,9.36117264808396
C008137,1.0,1,1243.6709199879388,100.0
C008138,0.0,0,0.0,10.403389203462762
C008139,0.0,0,451.1889480519611,100.0
C008140,0.0,0,2997.0,100.0
C008141,0.0,0,1967.7151234497526,100.0
C008142,0.99,1,0.0,12.020421042409493
C008143,1.0,1,1803.5383125472408,100.0
C008144,0.0,0,327.727709475089,100.0
C008145,0.0,0,653.0163474044807,100.0
C008146,0.0,0,213.13973322093403,100.0
C008147,0.0,0,0.0,11.995284387830365
C008148,0.0,0,215.6227613861274,100.0
C008149,1.0,1,760.380118091996,100.0
C008150,1.0,1,628.5917334732126,100.0
C008151,0.0,0,915.0,100.0
C008152,0.0,0,1117.3144326264007,100.0
C008153,0.0,0,2709.0,100.0
C008154,1.0,1,323.78528366615205,100.0
C008155,0.0,0,338.60736190553894,100.0
C008156,0.0,0,1072.3169678275076,100.0
C008157,1.0,1,1171.1685128596894,100.0
C008158,0.0,0,0.0,12.664658353814646
C008159,0.0,0,1917.0039958482212,100.0
C008160,0.0,0,0.0,13.445726330505035
C008161,0.0,0,431.51530287325807,100.0
C008162,0.0,0,1213.0123154785006,100.0
C008163,0.99,1,1998.0,100.0
C008164,0.0,0,1998.0,100.0
C008165,1.0,1,905.6024864692854,100.0
C008166,0.0,0,185.3531984598098,100.0
C008167,1.0,1,1236.567302884212,100.0
C008168,0.0,0,1042.8146643118382,100.0
C008169,0.0,0,985.2516849783184,100.0
C008170,1.0,1,878.3891366002135,100.0
C008171,0.0,0,356.183588121544,100.0
C008172,1.0,1,1151.5763011007814,100.0
C008173,0.0,0,950.197559886453,100.0
C008174,1.0,1,189.88271024559552,100.0
C008175,0.0,0,454.1902533082765,100.0
C008176,0.0,0,416.88890884149157,100.0
C008177,0.0,0,1305.6269969847722,100.0
C008178,0.0,0,2040.8213827974303,100.0
C008179,0.0,0,0.0,13.862821140351304
C008180,0.0,0,999.0,100.0
C008181,1.0,1,300.85292758175785,100.0
C008182,1.0,1,955.0620393760261,100.0
C008183,0.0,0,1560.0166439409618,100.0
C008184,1.0,1,0.0,10.535367940685044
C008185,0.0,0,1998.0,100.0
C008186,0.0,0,1226.4062384176889,100.0
C008187,0.0,0,451.3400976748632,100.0
C008188,0.0,0,0.0,12.92529091515876
C008189,0.0,0,373.49671991803064,100.0
C008190,0.0,0,0.0,9.339736118033379
C008191,1.0,1,1382.339468766297,100.0
C008192,1.0,1,1360.507741730607,100.0
C008193,0.0,0,1063.6678787061317,100.0
C008194,0.0,0,2102.8479514667747,100.0
C008195,0.0,0,493.0022294349783,100.0
C008196,1.0,1,993.4363338137928,100.0
C008197,0.01,0,1950.7709389963438,100.0
C008198,1.0,1,1325.6194821883753,100.0
C008199,0.0,0,1583.6476780303028,100.0
C008200,0.0,0,361.28191525981475,100.0
C008201,1.0,1,190.067101588585,100.0
C008202,0.003076923076923077,0,0.0,9.875333965472004
C008203,1.0,1,0.0,13.052848559175985
C008204,1.0,1,325.3011928936764,100.0
C008205,1.0,1,2073.4115197857955,100.0
C008206,1.0,1,293.99716597822265,100.0
C008207,0.0,0,2177.1841015310415,100.0
C008208,0.99,1,2119.8696266136712,100.0
C008209,0.0,0,530.902901223302,100.0
C008210,0.0,0,0.0,10.451693915584428
C008211,0.0,0,2082.6872978886595,100.0
C008212,1.0,1,2177.5521400111998,100.0
C008213,1.0,1,346.41121715028777,100.0
C008214,1.0,1,0.0,14.708005545454554
C008215,0.0,0,295.6420675582776,100.0
C008216,0.0,0,438.5860740517587,100.0
C008217,0.0,0,365.8378890728384,100.0
C008218,0.0,0,2707.1,100.0
C008219,1.0,1,333.9103616116799,100.0
C008220,0.0,0,2766.0,100.0
C008221,0.0,0,512.1253616705618,100.0
C008222,1.0,1,1091.5998084274227,100.0
C008223,0.0,0,1485.5020720784125,100.0
C008224,1.0,1,1099.459126051279,100.0
C008225,0.0,0,750.7886928535005,100.0
C008226,1.0,1,1022.3492809897596,100.0
C008227,0.0,0,0.0,9.104438186154951
C008228,0.0,0,1255.451000512623,100.0
C008229,0.0,0,394.3790392929909,100.0
C008230,0.0,0,999.0,100.0
C008231,0.0,0,338.11770434690004,100.0
C008232,0.0,0,155.46196169237473,100.0
C008233,0.0,0,1252.5571642711961,100.0
C008234,0.0,0,0.0,14.797432103235531
C008235,1.0,1,1170.2124448280147,100.0
C008236,0.0,0,495.6,100.0
C008237,0.0,0,174.2940658804641,100.0
C008238,0.0,0,1545.3300208734968,100.0
C008239,0.0,0,656.5151784686647,100.0
C008240,0.0,0,436.2730678449493,100.0
C008241,0.0,0,2150.4137154604296,100.0
C008242,1.0,1,1998.0,100.0
C008243,0.0,0,1092.4712149568595,100.0
C008244,0.0,0,1260.2901289930983,100.0
C008245,0.0,0,1291.878585679481,100.0
C008246,0.0,0,1147.9673927196063,100.0
C008247,0.0,0,999.0,100.0
C008248,1.0,1,202.5688021035097,100.0
C008249,0.99,1,532.5746618359722,100.0
C008250,0.0,0,208.93720978601402,100.0
C008251,0.0,0,910.3858896901697,100.0
C008252,0.0,0,341.9231157323491,100.0
C008253,0.0,0,0.0,10.920970225150702
C008254,0.0,0,998.7131560397933,100.0
C008255,1.0,1,1079.5004586297246,100.0
C008256,0.0,0,1116.0141411637462,100.0
C008257,0.0,0,502.37962561754046,100.0
C008258,0.0,0,1113.6277645587368,100.0
C008259,1.0,1,0.0,8.276772222222228
C008260,0.0,0,0.0,14.672175962999402
C008261,0.0,0,959.6752280191073,100.0
C008262,1.0,1,999.0,100.0
C008263,1.0,1,2111.676492919066,100.0
C008264,1.0,1,342.9038198536754,100.0
C008265,0.0,0,1269.7512127385687,100.0
C008266,0.0,0,833.7952141362231,100.0
C008267,0.0,0,1105.800276140681,100.0
C008268,1.0,1,383.9714758138959,100.0
C008269,1.0,1,1684.3396953132726,100.0
C008270,0.0,0,1282.816302311518,100.0
C008271,0.0,0,1021.9860670484433,100.0
C008272,1.0,1,1084.1197089161992,100.0
C008273,0.0,0,1083.148411420015,100.0
C008274,1.0,1,1087.7961028131028,100.0
C008275,0.0,0,0.0,13.470332470603319
C008276,0.0,0,326.9330922966535,100.0
C008277,1.0,1,1814.5347714695592,100.0
C008278,0.0,0,207.6433264586045,100.0
C008279,1.0,1,333.1364077576884,100.0
C008280,1.0,1,2096.8621509584955,100.0
C008281,1.0,1,1858.2818143844459,100.0
C008282,1.0,1,2244.230367962125,100.0
C008283,1.0,1,1225.8425277220804,100.0
C008284,1.0,1,1113.073257932479,100.0
C008285,1.0,1,969.5660692345093,100.0
C008286,1.0,1,1701.0184843073596,100.0
C008287,0.0,0,431.0494727108628,100.0
C008288,0.01,0,330.4631654372711,100.0
C008289,0.0,0,372.72767186953416,100.0
C008290,0.0,0,1789.2787061374268,100.0
C008291,0.0,0,447.64321619463493,100.0
C008292,0.0,0,454.63896881865185,100.0
C008293,1.0,1,1853.6387033892627,100.0
C008294,0.0,0,0.0,14.98394137698413
C008295,0.0,0,1138.3501970918214,100.0
C008296,0.0,0,506.8631545347635,100.0
C008297,1.0,1,244.4205589495354,100.0
C008298,0.0,0,343.91193217865145,100.0
C008299,0.0,0,991.0195243781491,100.0
C008300,1.0,1,1113.8798855391087,100.0
C008301,1.0,1,265.2641988999466,100.0
C008302,0.0,0,0.0,14.726834315807933
C008303,0.0,0,999.0,100.0
C008304,1.0,1,0.0,9.939530167843868
C008305,1.0,1,0.0,10.604117506681485
C008306,1.0,1,324.34744136712845,100.0
C008307,1.0,1,1044.6681967591558,100.0
C008308,0.0,0,504.94251656178966,100.0
C008309,1.0,1,394.80936539409515,100.0
C008310,1.0,1,1881.6720715438266,100.0
C008311,0.0,0,2458.67,100.0
C008312,0.0,0,1998.0,100.0
C008313,0.0,0,0.0,11.331231447811447
C008314,0.0,0,2061.3142303018617,100.0
C008315,0.0,0,999.0,100.0
C008316,0.0,0,998.7673070949335,100.0
C008317,1.0,1,174.3494833945262,100.0
C008318,0.0,0,1093.6377023609903,100.0
C008319,1.0,1,761.025301460003,100.0
C008320,0.0,0,0.0,9.659190740808514
C008321,1.0,1,1018.4425368922253,100.0
C008322,0.0,0,2109.796314466217,100.0
C008323,1.0,1,0.0,9.933481388888879
C008324,0.0,0,0.0,12.682889224500723
C008325,1.0,1,0.0,11.495873860432642
C008326,1.0,1,999.0,100.0
C008327,1.0,1,1213.3187081184476,100.0
C008328,0.0,0,464.5260120601148,100.0
C008329,0.0,0,0.0,12.799487336927514
C008330,0.0,0,452.22162049496757,100.0
C008331,1.0,1,2850.385964912281,100.0
C008332,0.99,1,932.6078088048499,100.0
C008333,1.0,1,398.72272462695366,100.0
C008334,1.0,1,490.1007751937984,100.0
C008335,0.0,0,0.0,9.637471924567672
C008336,0.0,0,2339.42,100.0
C008337,1.0,1,135.9852884462811,100.0
C008338,1.0,1,434.23267595322585,100.0
C008339,0.0,0,1167.548470205519,100.0
C008340,1.0,1,963.597773861271,100.0
C008341,1.0,1,2197.6417936322587,100.0
C008342,0.0,0,888.9349684199478,100.0
C008343,1.0,1,0.0,11.35583674353375
C008344,1.0,1,722.0173047428199,100.0
C008345,1.0,1,656.8201919717621,100.0
C008346,0.0,0,988.4324351154595,100.0
C008347,1.0,1,1162.6905625814734,100.0
C008348,1.0,1,493.4383796287512,100.0
C008349,0.0,0,1857.8512876031818,100.0
C008350,0.0,0,203.3379762623035,100.0
C008351,1.0,1,873.3665175935748,100.0
C008352,0.0,0,3017.052631578947,100.0
C008353,1.0,1,735.3717449318846,100.0
C008354,0.0,0,2935.0387426900584,100.0
C008355,1.0,1,469.5277995874548,100.0
C008356,0.0,0,0.0,11.841457912087915
C008357,0.0,0,1095.0852384726395,100.0
C008358,1.0,1,228.00574192462736,100.0
C008359,0.0,0,368.2903335479679,100.0
C008360,0.0,0,2083.72942769341,100.0
C008361,1.0,1,999.0,100.0
C008362,0.0,0,1104.894433912891,100.0
C008363,0.0,0,477.0,100.0
C008364,0.0,0,0.0,15.071706225171898
C008365,0.0,0,2282.777777777778,100.0
C008366,1.0,1,351.5713901978358,100.0
C008367,1.0,1,213.99100485839278,100.0
C008368,1.0,1,218.57727360731135,100.0
C008369,1.0,1,214.13574514518768,100.0
C008370,0.0,0,1257.656570401914,100.0
C008371,1.0,1,413.49096942832637,100.0
C008372,1.0,1,1206.4355300120885,100.0
C008373,1.0,1,824.5455570549271,100.0
C008374,0.0,0,541.1238472000668,100.0
C008375,1.0,1,0.0,11.930936746031755
C008376,1.0,1,970.1436079917522,100.0
C008377,0.0,0,140.1,100.0
C008378,0.99,1,929.8739341528494,100.0
C008379,1.0,1,338.03488642127616,100.0
C008380,1.0,1,0.0,13.633134399930139
C008381,1.0,1,1272.1048724850586,100.0
C008382,0.0,0,1341.8842471822036,100.0
C008383,1.0,1,1084.9788941419545,100.0
C008384,0.0,0,452.0192975188537,100.0
C008385,1.0,1,0.0,11.453905009570972
C008386,1.0,1,1874.6332269306035,100.0
C008387,1.0,1,1173.2925955056444,100.0
C008388,0.0,0,999.0,100.0
C008389,0.0,0,272.5642763096998,100.0
C008390,1.0,1,0.0,13.914074682508897
C008391,1.0,1,175.5017799924054,100.0
C008392,1.0,1,914.5843276105713,100.0
C008393,1.0,1,0.0,10.400851898331133
C008394,1.0,1,1897.3586021505375,100.0
C008395,0.0,0,3038.916666666667,100.0
C008396,0.0,0,1224.1330265559677,100.0
C008397,0.0,0,2923.83,100.0
C008398,0.0,0,2099.779349992626,100.0
C008399,0.0,0,768.1175983436854,100.0
C008400,0.0,0,670.4615598265508,100.0
C008401,0.0,0,2823.6958831168827,100.0
C008402,0.0,0,1212.089317353542,100.0
C008403,0.0,0,223.58037635970325,100.0
C008404,0.0,0,999.0,100.0
C008405,0.0,0,1190.6670990599453,100.0
C008406,0.0,0,2221.056450859082,100.0
C008407,0.0,0,340.0422508051007,100.0
C008408,1.0,1,3048.916666666667,100.0
C008409,0.0,0,182.76222071411377,100.0
C008410,1.0,1,0.0,11.735910984837965
C008411,0.0,0,1425.211579264037,100.0
C008412,1.0,1,1802.9465315343423,100.0
C008413,0.0,0,1094.6752140212532,100.0
C008414,0.0,0,1582.4133470879062,100.0
C008415,0.0,0,147.80301927972744,100.0
C008416,0.0,0,894.6235732856105,100.0
C008417,0.0,0,276.29337329337324,100.0
C008418,0.0,0,518.5893787919947,100.0
C008419,0.0,0,1250.5739769852587,100.0
C008420,0.0,0,0.0,15.666389999999996
C008421,0.0,0,1102.649322402075,100.0
C008422,1.0,1,903.6088358413487,100.0
C008423,0.0,0,1249.7105500298906,100.0
C008424,1.0,1,1922.90307079402,100.0
C008425,1.0,1,0.0,11.236990072538886
C008426,0.0,0,214.07794206960273,100.0
C008427,1.0,1,0.0,12.035790699855708
C008428,0.0,0,1991.8135547769207,100.0
C008429,0.0,0,995.2025447236147,100.0
C008430,1.0,1,0.0,11.117930420522455
C008431,1.0,1,1165.6730155666255,100.0
C008432,1.0,1,883.8051252434004,100.0
C008433,1.0,1,2979.552631578947,100.0
C008434,0.0,0,321.74712202828056,100.0
C008435,0.0,0,0.0,10.146906186784163
C008436,0.0,0,1352.532972663775,100.0
C008437,0.0,0,490.81088051999757,100.0
C008438,0.0,0,1170.6539868780876,100.0
C008439,0.0,0,848.29315795906,100.0
C008440,0.0,0,395.0257585202853,100.0
C008441,0.0,0,999.0,100.0
C008442,0.0,0,1229.750083500567,100.0
C008443,1.0,1,424.81186779461234,100.0
C008444,0.0,0,1333.321694481306,100.0
C008445,1.0,1,0.0,16.01147108225107
C008446,0.0,0,0.0,8.673730785000942
C008447,1.0,1,999.0,100.0
C008448,0.0,0,513.4600905498385,100.0
C008449,1.0,1,974.599438958783,100.0
C008450,0.0,0,481.0549538283009,100.0
C008451,1.0,1,1017.2144257696445,100.0
C008452,0.0,0,737.2002451028625,100.0
C008453,0.0,0,635.2508070264536,100.0
C008454,0.0,0,650.339432589724,100.0
C008455,0.0,0,2727.99,100.0
C008456,1.0,1,437.0,100.0
C008457,0.0,0,2826.0,100.0
C008458,1.0,1,1067.2154332118566,100.0
C008459,0.0,0,195.0843952701841,100.0
C008460,1.0,1,1132.341978169037,100.0
C008461,0.0,0,1998.0,100.0
C008462,0.0,0,734.6824418664282,100.0
C008463,0.0,0,864.1631329050372,100.0
C008464,0.0,0,157.4121045516694,100.0
C008465,1.0,1,1476.1016471083929,100.0
C008466,0.0,0,0.0,10.461849793872789
C008467,1.0,1,2212.00009214761,100.0
C008468,0.0,0,0.0,8.760079936428507
C008469,1.0,1,445.6075938278733,100.0
C008470,0.0,0,999.0,100.0
C008471,1.0,1,1911.912992915702,100.0
C008472,1.0,1,1365.0630622701512,100.0
C008473,0.0,0,592.5601568931585,100.0
C008474,0.0,0,0.0,8.820576490231996
C008475,1.0,1,471.1190442666394,100.0
C008476,0.0,0,999.0,100.0
C008477,0.0,0,679.6908940172403,100.0
C008478,0.0,0,142.45930133349063,100.0
C008479,0.99,1,2695.0,100.0
C008480,0.0,0,459.0618141548374,100.0
C008481,1.0,1,926.7954135371662,100.0
C008482,1.0,1,375.45031353916715,100.0
C008483,0.0,0,303.9722651747837,100.0
C008484,1.0,1,0.0,13.685220513861685
C008485,0.98,1,1965.905842867548,100.0
C008486,0.0,0,379.26467442086636,100.0
C008487,1.0,1,999.0,100.0
C008488,0.0,0,627.3740292495015,100.0
C008489,0.0,0,999.0,100.0
C008490,1.0,1,0.0,13.61295134453781
C008491,0.0,0,2198.772782613587,100.0
C008492,1.0,1,890.0852128332251,100.0
C008493,1.0,1,1142.339878452604,100.0
C008494,0.0,0,1998.0,100.0
C008495,0.0,0,1494.9853979869652,100.0
C008496,1.0,1,664.0262004457285,100.0
C008497,1.0,1,1141.6566375823465,100.0
C008498,0.0,0,1252.5559914757864,100.0
C008499,1.0,1,1919.2647218549423,100.0
C008500,0.0,0,0.0,11.79789473362823
C008501,0.0,0,290.9755534087664,100.0
C008502,0.0,0,648.5518759160932,100.0
C008503,0.0,0,209.626727671812,100.0
C008504,0.0,0,1096.3094914971587,100.0
C008505,0.0,0,375.08142384558215,100.0
C008506,1.0,1,0.0,10.73533174201035
C008507,1.0,1,336.4083234196606,100.0
C008508,0.0,0,989.7950494173664,100.0
C008509,1.0,1,1725.7925736801658,100.0
C008510,0.0,0,1079.6476069523678,100.0
C008511,0.0,0,196.5472404352779,100.0
C008512,1.0,1,344.87020567124307,100.0
C008513,1.0,1,2725.0,100.0
C008514,0.0,0,1172.0137280060312,100.0
C008515,0.0,0,197.54668334416303,100.0
C008516,1.0,1,176.81828345106092,100.0
C008517,0.0,0,404.2428767123287,100.0
C008518,1.0,1,1847.2806222278732,100.0
C008519,1.0,1,900.6208592376605,100.0
C008520,1.0,1,1090.700354507705,100.0
C008521,1.0,1,221.72850615365115,100.0
C008522,1.0,1,2063.549596170893,100.0
C008523,0.0,0,1432.0204766853371,100.0
C008524,0.0,0,953.0322080545457,100.0
C008525,0.0,0,1721.7553311104605,100.0
C008526,0.0,0,341.49988433305026,100.0
C008527,1.0,1,376.99774963516427,100.0
C008528,1.0,1,900.0506172839506,100.0
C008529,0.0,0,1318.2185082242563,100.0
C008530,0.0,0,1985.061313131313,100.0
C008531,0.0,0,372.5572759964045,100.0
C008532,0.0,0,1096.4112098010196,100.0
C008533,0.0,0,1970.702587048867,100.0
C008534,0.0,0,1866.0227580412604,100.0
C008535,1.0,1,360.4500377616091,100.0
C008536,0.0,0,787.8271701120472,100.0
C008537,1.0,1,393.0041555695924,100.0
C008538,1.0,1,2288.917351046699,100.0
C008539,0.0,0,334.0200779706527,100.0
C008540,0.0,0,729.2737712937935,100.0
C008541,0.0,0,1288.4285578075624,100.0
C008542,0.0,0,201.29968978213543,100.0
C008543,0.0,0,841.82057488059,100.0
C008544,1.0,1,252.00773273732793,100.0
C008545,0.0,0,2125.0035284464775,100.0
C008546,0.0,0,175.5017799924054,100.0
C008547,0.0,0,0.0,12.356230769962563
C008548,1.0,1,1155.163075690789,100.0
C008549,0.0,0,2076.725220591719,100.0
C008550,0.0,0,449.1466616666441,100.0
C008551,1.0,1,1171.5360017820285,100.0
C008552,1.0,1,999.0,100.0
C008553,1.0,1,585.7445984664128,100.0
C008554,0.0,0,1122.9364569897373,100.0
C008555,1.0,1,0.0,10.382227247997102
C008556,1.0,1,0.0,10.633344131979392
C008557,0.0,0,288.08646001179704,100.0
C008558,1.0,1,1157.4372291256827,100.0
C008559,1.0,1,2773.39,100.0
C008560,0.0,0,1098.5319102937415,100.0
C008561,0.0,0,946.5457908035578,100.0
C008562,0.0,0,0.0,8.304860934215341
C008563,1.0,1,430.7424133474457,100.0
C008564,0.0,0,485.3134547115604,100.0
C008565,0.0,0,1241.5971936690119,100.0
C008566,0.0,0,2744.75,100.0
C008567,0.0,0,1965.2184081032601,100.0
C008568,1.0,1,1082.1007073107833,100.0
C008569,1.0,1,0.0,12.27344057007332
C008570,0.0,0,1998.0,100.0
C008571,1.0,1,706.8451238699447,100.0
C008572,0.0,0,691.0325655750738,100.0
C008573,0.0,0,900.4239187412351,100.0
C008574,0.0,0,1123.256088509333,100.0
C008575,0.0,0,889.6261732711732,100.0
C008576,0.0,0,725.520841618516,100.0
C008577,1.0,1,1168.5136304660216,100.0
C008578,0.0,0,158.4568245552495,100.0
C008579,0.0,0,308.0415733926616,100.0
C008580,0.0,0,1608.7631891050626,100.0
C008581,1.0,1,449.211044804945,100.0
C008582,0.0,0,1171.0628506883984,100.0
C008583,0.0,0,1998.0,100.0
C008584,0.01,0,962.1335213032584,100.0
C008585,0.0,0,0.0,11.952332745691102
C008586,0.0,0,961.6402429433311,100.0
C008587,1.0,1,0.0,10.480216434183898
C008588,0.0,0,1758.8301414729567,100.0
C008589,1.0,1,345.70867881802826,100.0
C008590,1.0,1,406.1941954377768,100.0
C008591,1.0,1,1092.531018931654,100.0
C008592,0.0,0,999.0,100.0
C008593,1.0,1,2041.6718997784164,100.0
C008594,1.0,1,1998.0,100.0
C008595,1.0,1,999.0,100.0
C008596,1.0,1,1400.0786207679557,100.0
C008597,0.0,0,213.98376474726493,100.0
C008598,0.0,0,1232.1801446285413,100.0
C008599,0.0,0,984.0622815889843,100.0
C008600,0.0,0,2266.3952180588453,100.0
C008601,0.0,0,999.0,100.0
C008602,0.0,0,2831.224454545454,100.0
C008603,1.0,1,482.76275734097004,100.0
C008604,0.0,0,333.0842082932309,100.0
C008605,0.0,0,1148.9215531636528,100.0
C008606,1.0,1,519.650149861034,100.0
C008607,0.0,0,552.7119634260931,100.0
C008608,0.0,0,368.279597677579,100.0
C008609,1.0,1,0.0,12.466426937441666
C008610,0.0,0,443.2357523156061,100.0
C008611,0.0,0,1286.3299708408774,100.0
C008612,1.0,1,999.0,100.0
C008613,1.0,1,143.09804558575286,100.0
C008614,0.0,0,1040.4327290047806,100.0
C008615,0.0,0,1076.279343136679,100.0
C008616,0.0,0,552.1519467271394,100.0
C008617,0.0,0,2152.3456012582833,100.0
C008618,0.0,0,192.3498790694239,100.0
C008619,1.0,1,2003.177259750409,100.0
C008620,0.0,0,144.34033225126439,100.0
C008621,0.0,0,267.2791788856305,100.0
C008622,0.0,0,388.43819623454567,100.0
C008623,1.0,1,1036.3489429970118,100.0
C008624,0.0,0,1126.1853397652128,100.0
C008625,0.0,0,0.0,11.15365885183457
C008626,1.0,1,442.2110947275209,100.0
C008627,0.0,0,1276.1862276534473,100.0
C008628,1.0,1,203.7785725276366,100.0
C008629,0.0,0,376.0393322894512,100.0
C008630,0.0,0,0.0,12.768188360613074
C008631,0.0,0,0.0,9.402204239048796
C008632,0.0,0,448.3931800307961,100.0
C008633,0.0,0,858.6666666666667,100.0
C008634,0.0,0,331.5756407500562,100.0
C008635,0.0,0,2044.9668715311682,100.0
C008636,0.0,0,1102.822237938303,100.0
C008637,1.0,1,498.6399214142865,100.0
C008638,0.0,0,1115.0258657160557,100.0
C008639,0.0,0,255.80822719532816,100.0
C008640,0.0,0,535.1116119942232,100.0
C008641,0.0,0,609.0702364961921,100.0
C008642,0.0,0,0.0,11.897830303962493
C008643,1.0,1,1287.698817893321,100.0
C008644,0.0,0,1129.6940656915574,100.0
C008645,0.0,0,1222.0933030285953,100.0
C008646,0.0,0,821.6753623188406,100.0
C008647,0.0,0,1187.8395764414279,100.0
C008648,1.0,1,0.0,12.612636542503937
C008649,1.0,1,1173.4708616501503,100.0
C008650,1.0,1,1323.8065927184268,100.0
C008651,0.0,0,1130.6389000596375,100.0
C008652,0.0,0,1030.6689434565765,100.0
C008653,1.0,1,0.0,13.121385079365087
C008654,0.0,0,0.0,11.898056825821252
C008655,1.0,1,1040.72501295308,100.0
C008656,0.0,0,329.07097538709786,100.0
C008657,1.0,1,1909.604048829409,100.0
C008658,1.0,1,974.8298730822453,100.0
C008659,1.0,1,1285.3197868094094,100.0
C008660,0.0,0,1102.3500555329313,100.0
C008661,0.0,0,1595.0480255478137,100.0
C008662,0.0,0,841.0417377565705,100.0
C008663,0.0,0,312.12863603491525,100.0
C008664,0.0,0,1837.4147151398256,100.0
C008665,0.0,0,536.9142127342985,100.0
C008666,1.0,1,1440.7498835594854,100.0
C008667,1.0,1,1045.8551923133184,100.0
C008668,0.0,0,360.65609627138457,100.0
C008669,1.0,1,175.51165541847905,100.0
C008670,1.0,1,819.8876281427653,100.0
C008671,0.0,0,984.4087541072284,100.0
C008672,0.0,0,2152.410161431501,100.0
C008673,0.0,0,395.43490044158716,100.0
C008674,1.0,1,957.7356599300999,100.0
C008675,1.0,1,240.27652186185227,100.0
C008676,0.0,0,665.5206914724835,100.0
C008677,0.0,0,182.1047813196239,100.0
C008678,1.0,1,404.57695932231184,100.0
C008679,0.0,0,1201.5243599752234,100.0
C008680,0.0,0,962.3306427134987,100.0
C008681,0.0,0,354.0408955534658,100.0
C008682,1.0,1,0.0,11.944882513252796
C008683,1.0,1,1108.7989083130876,100.0
C008684,0.0,0,0.0,13.085262826647035
C008685,0.0,0,471.3891325323741,100.0
C008686,1.0,1,391.6670692770886,100.0
C008687,1.0,1,0.0,9.762716265499199
C008688,0.0,0,406.7386286992076,100.0
C008689,0.0,0,1121.4588010665525,100.0
C008690,0.0,0,1998.0,100.0
C008691,0.0,0,1070.6592437039665,100.0
C008692,1.0,1,151.65248199859911,100.0
C008693,0.0,0,176.4057698096272,100.0
C008694,0.0,0,2811.0,100.0
C008695,1.0,1,271.64789277172895,100.0
C008696,0.0,0,1284.7403318459753,100.0
C008697,0.0,0,187.4783266746542,100.0
C008698,0.0,0,355.63027287092075,100.0
C008699,0.0,0,1998.0,100.0
C008700,0.0,0,231.88824961748466,100.0
C008701,0.0,0,1005.9975815623465,100.0
C008702,0.0,0,896.2117808510978,100.0
C008703,0.0,0,315.3455882239681,100.0
C008704,1.0,1,1004.8709909833336,100.0
C008705,1.0,1,1080.3483447768895,100.0
C008706,0.0,0,0.0,11.185917065332337
C008707,0.0,0,2823.253028404344,100.0
C008708,1.0,1,999.0,100.0
C008709,0.0,0,1210.853752094756,100.0
C008710,0.0,0,791.8921128541842,100.0
C008711,0.0,0,207.5017626922633,100.0
C008712,0.0,0,999.0,100.0
C008713,1.0,1,1546.7697282326894,100.0
C008714,0.0,0,326.5545043318516,100.0
C008715,0.0,0,1220.3846096445945,100.0
C008716,0.0,0,1862.07584196294,100.0
C008717,0.0,0,2200.81638081424,100.0
C008718,1.0,1,1228.1772188452558,100.0
C008719,1.0,1,180.2665841391871,100.0
C008720,0.0,0,0.0,11.513557769748747
C008721,1.0,1,174.3494833945262,100.0
C008722,0.0,0,0.0,10.262462464465782
C008723,0.0,0,206.84509210240884,100.0
C008724,0.0,0,1936.2475264651407,100.0
C008725,1.0,1,1425.5131931158353,100.0
C008726,0.0,0,259.57968718330596,100.0
C008727,0.0,0,1107.6111215526048,100.0
C008728,1.0,1,1993.8769812341395,100.0
C008729,0.0,0,999.0,100.0
C008730,0.0,0,905.0030895088187,100.0
C008731,1.0,1,949.2532194015121,100.0
C008732,1.0,1,1845.6810096322495,100.0
C008733,0.0,0,0.0,12.585763704295376
C008734,1.0,1,672.2868281469201,100.0
C008735,1.0,1,859.596869106284,100.0
C008736,1.0,1,2083.7446864976387,100.0
C008737,0.0,0,0.0,8.487274373191251
C008738,0.0,0,1843.6636414502668,100.0
C008739,1.0,1,378.5776361843133,100.0
C008740,0.0,0,1998.0,100.0
C008741,0.0,0,385.3971056487896,100.0
C008742,1.0,1,0.0,9.600335275689211
C008743,1.0,1,415.6819109741017,100.0
C008744,0.003076923076923077,0,0.0,10.964172823305958
C008745,0.0,0,1293.0728555316286,100.0
C008746,0.0,0,317.2841264109279,100.0
C008747,0.0,0,0.0,14.166450634628518
C008748,0.0,0,168.0025031635202,100.0
C008749,0.0,0,1020.6149399530169,100.0
C008750,0.01,0,617.5943153593513,100.0
C008751,0.0,0,2961.0,100.0
C008752,0.0,0,365.13758849136156,100.0
C008753,0.0,0,1246.863337885941,100.0
C008754,0.0,0,486.5784148936124,100.0
C008755,1.0,1,1695.6530514066126,100.0
C008756,1.0,1,2292.010148055754,100.0
C008757,0.0,0,201.38435899902314,100.0
C008758,1.0,1,704.949265602222,100.0
C008759,0.0,0,466.67429955387104,100.0
C008760,1.0,1,1255.6401883808737,100.0
C008761,0.0,0,384.10033013015413,100.0
C008762,1.0,1,1918.7703303107703,100.0
C008763,0.0,0,484.7870103752456,100.0
C008764,0.0,0,998.5460497488235,100.0
C008765,0.0,0,233.35487308821186,100.0
C008766,1.0,1,832.0473797607391,100.0
C008767,0.9930769230769231,1,0.0,12.453023392258778
C008768,1.0,1,487.5289089635501,100.0
C008769,0.0,0,2723.74,100.0
C008770,0.0,0,2135.7623992171893,100.0
C008771,0.0,0,792.7411059124465,100.0
C008772,0.0,0,999.0,100.0
C008773,0.0,0,972.5112680959587,100.0
C008774,0.0,0,176.4057698096272,100.0
C008775,1.0,1,0.0,12.160130880579992
C008776,0.0,0,999.0,100.0
C008777,0.0,0,362.19886994510307,100.0
C008778,0.9930769230769231,1,0.0,12.114710789999815
C008779,0.0,0,1193.6738657086592,100.0
C008780,1.0,1,1254.1172996138782,100.0
C008781,0.0,0,0.0,13.085058772168685
C008782,1.0,1,193.5493241156606,100.0
C008783,0.0,0,0.0,9.865920262534274
C008784,1.0,1,999.0,100.0
C008785,0.0,0,1105.5681320243964,100.0
C008786,1.0,1,1852.9,100.0
C008787,0.0,0,1328.958511850832,100.0
C008788,1.0,1,483.1139463793381,100.0
C008789,0.0,0,398.94135853791835,100.0
C008790,1.0,1,249.4725873819963,100.0
C008791,1.0,1,991.2299065637959,100.0
C008792,0.0,0,363.19386352274205,100.0
C008793,0.0,0,2751.0,100.0
C008794,0.0,0,0.0,12.386986388744344
C008795,1.0,1,1039.183031842566,100.0
C008796,1.0,1,1112.9304170287069,100.0
C008797,0.0,0,999.0,100.0
C008798,1.0,1,1099.459126051279,100.0
C008799,1.0,1,1116.0141411637462,100.0
C008800,0.0,0,1054.2852322234364,100.0
C008801,0.0,0,154.11056465224087,100.0
C008802,0.0,0,417.08456604650206,100.0
C008803,0.0,0,315.266744073516,100.0
C008804,1.0,1,999.0,100.0
C008805,0.0,0,1222.976478852188,100.0
C008806,0.0,0,1915.7718867122283,100.0
C008807,0.0,0,0.0,11.76110676952908
C008808,1.0,1,1067.2477866117652,100.0
C008809,1.0,1,1038.0464000110173,100.0
C008810,0.0,0,1313.097724464066,100.0
C008811,1.0,1,0.0,14.509019532134543
C008812,0.0,0,0.0,12.426545355437657
C008813,1.0,1,2723.0,100.0
C008814,0.03,0,1570.91136489899,100.0
C008815,1.0,1,462.15405568429924,100.0
C008816,0.0,0,999.0,100.0
C008817,0.0,0,392.8377715248023,100.0
C008818,1.0,1,2034.2198991870923,100.0
C008819,0.0,0,321.05312563206576,100.0
C008820,0.0,0,2126.22517117346,100.0
C008821,0.0,0,1136.3186606996046,100.0
C008822,0.0,0,601.4091284621953,100.0
C008823,1.0,1,1195.176512197391,100.0
C008824,1.0,1,919.5880004162527,100.0
C008825,1.0,1,2048.2295972600878,100.0
C008826,0.0,0,919.6878291588652,100.0
C008827,1.0,1,1130.1591562788335,100.0
C008828,1.0,1,1048.139858383825,100.0
C008829,0.0,0,0.0,12.834028146469652
C008830,0.0,0,1191.034987656642,100.0
C008831,1.0,1,1081.4722527472527,100.0
C008832,0.0,0,999.0,100.0
C008833,0.0,0,2182.2394298082377,100.0
C008834,0.0,0,2077.324479562391,100.0
C008835,1.0,1,1047.1906905964863,100.0
C008836,0.0,0,137.14351471024162,100.0
C008837,0.0,0,223.12874417028263,100.0
C008838,0.0,0,1761.5757575757575,100.0
C008839,1.0,1,2235.6176841767415,100.0
C008840,0.0,0,1010.9066336477989,100.0
C008841,1.0,1,174.97756096685532,100.0
C008842,0.0,0,999.0,100.0
C008843,1.0,1,991.2969699744108,100.0
C008844,1.0,1,1925.1765224303124,100.0
C008845,1.0,1,389.63064591792113,100.0
C008846,0.0,0,0.0,9.64366075652421
C008847,1.0,1,477.02159139392626,100.0
C008848,1.0,1,0.0,12.303152903356121
C008849,0.0,0,1998.0,100.0
C008850,0.0,0,1870.5994744499105,100.0
C008851,0.0,0,393.45983423020783,100.0
C008852,1.0,1,378.3978563573448,100.0
C008853,0.0,0,1659.0407388774909,100.0
C008854,1.0,1,300.352719528316,100.0
C008855,0.0,0,0.0,8.353087218338489
C008856,1.0,1,544.7948166511866,100.0
C008857,0.0,0,999.0,100.0
C008858,0.0,0,421.71871207966103,100.0
C008859,0.003076923076923077,0,0.0,10.480404905025758
C008860,0.0,0,454.36120091872306,100.0
C008861,1.0,1,2176.146061194062,100.0
C008862,1.0,1,1315.7857142857142,100.0
C008863,0.0,0,335.8908427175268,100.0
C008864,1.0,1,1173.9085426817155,100.0
C008865,1.0,1,1034.4306857434715,100.0
C008866,0.0,0,1069.3425526426613,100.0
C008867,0.0,0,288.47249485486685,100.0
C008868,1.0,1,1080.13658531207,100.0
C008869,0.99,1,0.0,10.99301162261054
C008870,0.0,0,244.4205589495354,100.0
C008871,1.0,1,2094.9963529397214,100.0
C008872,1.0,1,2139.43189093913,100.0
C008873,1.0,1,557.3213213249219,100.0
C008874,1.0,1,464.30487549756094,100.0
C008875,0.0,0,0.0,14.871564754614786
C008876,0.0,0,1293.241810270897,100.0
C008877,0.0,0,494.12350310461443,100.0
C008878,1.0,1,0.0,14.427576095141585
C008879,1.0,1,995.2190476190477,100.0
C008880,0.0,0,999.0,100.0
C008881,1.0,1,352.4000569521736,100.0
C008882,0.0,0,423.6213428811111,100.0
C008883,0.0,0,0.0,14.775802457656011
C008884,0.0,0,0.0,13.81038415005985
C008885,0.0,0,1053.6492105575694,100.0
C008886,1.0,1,472.1092203302233,100.0
C008887,1.0,1,413.4017647058824,100.0
C008888,1.0,1,987.5162594647923,100.0
C008889,0.0,0,1127.4642535557764,100.0
C008890,0.0,0,0.0,11.451824281793094
C008891,0.0,0,441.44074204395116,100.0
C008892,1.0,1,233.06112754596606,100.0
C008893,0.0,0,999.0,100.0
C008894,1.0,1,1245.7982020508161,100.0
C008895,1.0,1,382.690563646461,100.0
C008896,1.0,1,2269.2133333333336,100.0
C008897,1.0,1,1334.182613676822,100.0
C008898,0.0,0,0.0,12.631019317579435
C008899,0.99,1,380.41424582096005,100.0
C008900,0.0,0,170.1349748446758,100.0
C008901,1.0,1,1189.6687925413812,100.0
C008902,0.0,0,1170.6182740250813,100.0
C008903,0.0,0,2130.746525887688,100.0
C008904,1.0,1,154.11056465224087,100.0
C008905,1.0,1,1971.087915255969,100.0
C008906,1.0,1,1018.7324605723074,100.0
C008907,0.0,0,822.3425108409369,100.0
C008908,1.0,1,907.0312436906175,100.0
C008909,0.0,0,999.0,100.0
C008910,0.0,0,1049.3269080209723,100.0
C008911,1.0,1,0.0,11.71925274311502
C008912,0.0,0,1315.8347772692803,100.0
C008913,0.0,0,1855.8084764929235,100.0
C008914,0.0,0,1296.4064542498336,100.0
C008915,1.0,1,2152.2504358934293,100.0
C008916,0.0,0,2079.831164839981,100.0
C008917,1.0,1,267.55506504557826,100.0
C008918,0.0,0,508.2443147924535,100.0
C008919,0.0,0,320.2853519238077,100.0
C008920,0.0,0,1068.8065521198157,100.0
C008921,0.0,0,1620.993374460781,100.0
C008922,1.0,1,393.59014578679586,100.0
C008923,0.0,0,440.6012526101806,100.0
C008924,1.0,1,396.20713867249543,100.0
C008925,0.0,0,340.61974275870784,100.0
C008926,0.0,0,424.12041681678005,100.0
C008927,1.0,1,1100.743645963659,100.0
C008928,0.0,0,1254.202380952381,100.0
C008929,1.0,1,493.37806006425717,100.0
C008930,0.0,0,2017.4415976487103,100.0
C008931,0.0,0,999.0,100.0
C008932,1.0,1,1998.0,100.0
C008933,1.0,1,1389.932189017895,100.0
C008934,1.0,1,524.15798356794,100.0
C008935,0.0,0,834.093481086865,100.0
C008936,0.0,0,1064.728528976527,100.0
C008937,1.0,1,1801.4168103587235,100.0
C008938,0.0,0,0.0,10.899252280974709
C008939,1.0,1,687.5733284449025,100.0
C008940,0.0,0,0.0,10.737561926183291
C008941,1.0,1,1144.973406554048,100.0
C008942,0.0,0,361.5931513039692,100.0
C008943,0.0,0,945.2113159445919,100.0
C008944,1.0,1,1200.4702144387252,100.0
C008945,1.0,1,2204.699666666667,100.0
C008946,1.0,1,1244.4237278454461,100.0
C008947,0.0,0,338.50313487336064,100.0
C008948,1.0,1,1145.3611158020772,100.0
C008949,0.0,0,171.4358805399063,100.0
C008950,1.0,1,326.9603500089905,100.0
C008951,0.0,0,999.0,100.0
C008952,0.0,0,0.0,9.026530048309182
C008953,1.0,1,912.9698216301632,100.0
C008954,0.0,0,202.9057670040643,100.0
C008955,0.0,0,991.5501247581191,100.0
C008956,1.0,1,961.472775172184,100.0
C008957,0.0,0,799.9072121016048,100.0
C008958,1.0,1,1094.4893504539855,100.0
C008959,1.0,1,1054.1587247988223,100.0
C008960,1.0,1,2256.9609529939144,100.0
C008961,1.0,1,0.0,10.569676416040092
C008962,1.0,1,1384.253743003514,100.0
C008963,0.0,0,660.050841780778,100.0
C008964,1.0,1,413.49704165040714,100.0
C008965,1.0,1,0.0,9.348309592731843
C008966,0.0,0,1073.370889046008,100.0
C008967,0.0,0,934.0168761149994,100.0
C008968,1.0,1,2796.710216450216,100.0
C008969,0.0,0,2210.033434175535,100.0
C008970,1.0,1,554.1420135276517,100.0
C008971,0.0,0,297.4884739700494,100.0
C008972,0.0,0,1127.1627815159625,100.0
C008973,1.0,1,286.7520955142394,100.0
C008974,0.0,0,1932.325135463677,100.0
C008975,0.0,0,0.0,10.46810733849485
C008976,0.0,0,214.70324937352035,100.0
C008977,1.0,1,813.4457215202289,100.0
C008978,0.9930769230769231,1,0.0,12.97774736754473
C008979,0.0,0,1277.7453983235541,100.0
C008980,1.0,1,2066.621730763602,100.0
C008981,0.0,0,1054.1587247988223,100.0
C008982,0.0,0,999.0,100.0
C008983,1.0,1,378.0385264080694,100.0
C008984,0.0,0,417.44795912988235,100.0
C008985,0.0,0,459.72738735798055,100.0
C008986,0.0,0,988.7649691147864,100.0
C008987,1.0,1,434.6267358552313,100.0
C008988,0.0,0,1609.2214247625818,100.0
C008989,1.0,1,601.6967081447964,100.0
C008990,0.0,0,149.4029512733454,100.0
C008991,0.0,0,1358.5438348192847,100.0
C008992,0.0,0,0.0,9.39657536121155
C008993,0.0,0,447.7487453866603,100.0
C008994,0.0,0,0.0,14.085973927093658
C008995,0.0,0,999.0,100.0
C008996,0.0,0,205.44161814378873,100.0
C008997,1.0,1,954.917902397919,100.0
C008998,0.0,0,999.0,100.0
C008999,0.0,0,0.0,10.392690315140163
C009000,0.0,0,621.3115279642361,100.0
C009001,0.0,0,2166.0672102302037,100.0
C009002,1.0,1,1140.5185379027143,100.0
C009003,1.0,1,1044.217444579718,100.0
C009004,0.0,0,1064.4950868853696,100.0
C009005,1.0,1,1231.05524877819,100.0
C009006,1.0,1,0.0,10.545747613591322
C009007,1.0,1,1039.5387601652042,100.0
C009008,0.0,0,1152.4461672852253,100.0
C009009,1.0,1,1105.3667957701687,100.0
C009010,0.0,0,567.337597207702,100.0
C009011,0.0,0,2233.3332852876324,100.0
C009012,0.0,0,221.95443160578583,100.0
C009013,0.0,0,1779.0207508427504,100.0
C009014,1.0,1,2849.205409356725,100.0
C009015,1.0,1,277.93564466489374,100.0
C009016,1.0,1,900.8373751342607,100.0
C009017,0.0,0,1882.0118099325136,100.0
C009018,1.0,1,0.0,9.430719871312888
C009019,0.0,0,415.34555030245326,100.0
C009020,0.0,0,1052.4829438559711,100.0
C009021,0.0,0,441.40391033030295,100.0
C009022,0.0,0,1163.29940885092,100.0
C009023,0.0,0,353.413450560327,100.0
C009024,0.0,0,306.9085843207018,100.0
C009025,0.0,0,1998.0,100.0
C009026,1.0,1,194.26486519158323,100.0
C009027,0.0,0,0.0,9.716835099252789
C009028,0.0,0,1067.897129261164,100.0
C009029,0.0,0,2742.333333333333,100.0
C009030,1.0,1,176.6106544644915,100.0
C009031,1.0,1,999.0,100.0
C009032,1.0,1,1353.78391995178,100.0
C009033,0.0,0,2101.2008862810153,100.0
C009034,0.0,0,311.3254804635046,100.0
C009035,0.0,0,2047.1967358721733,100.0
C009036,1.0,1,999.0,100.0
C009037,0.0,0,365.9520462206404,100.0
C009038,1.0,1,1677.2675553751803,100.0
C009039,1.0,1,748.3770497307428,100.0
C009040,1.0,1,166.12562623014145,100.0
C009041,0.0,0,330.45715320357687,100.0
C009042,1.0,1,999.0,100.0
C009043,1.0,1,994.1353863209041,100.0
C009044,0.0,0,1225.4396449605638,100.0
C009045,0.0,0,1992.2512421218312,100.0
C009046,0.0,0,1163.006178740812,100.0
C009047,0.0,0,442.00098973642935,100.0
C009048,0.0,0,0.0,13.854282404444689
C009049,0.0,0,0.0,9.959464646464657
C009050,0.0,0,739.5294763131669,100.0
C009051,0.0,0,614.2135489997416,100.0
C009052,0.0,0,697.9602560298433,100.0
C009053,0.0,0,1963.4215342531813,100.0
C009054,0.0,0,730.475115353533,100.0
C009055,1.0,1,1747.5069393190672,100.0
C009056,1.0,1,223.00521030948258,100.0
C009057,1.0,1,0.0,10.47757179256343
C009058,0.0,0,1319.3385947235552,100.0
C009059,0.0,0,999.0,100.0
C009060,0.0,0,1998.0,100.0
C009061,0.0,0,0.0,11.563273500678314
C009062,1.0,1,1248.8004470656651,100.0
C009063,1.0,1,184.2095864299689,100.0
C009064,1.0,1,967.9646239624501,100.0
C009065,0.0,0,1212.2762177369864,100.0
C009066,0.0,0,934.2532972586953,100.0
C009067,0.0,0,1099.8855176459783,100.0
C009068,1.0,1,409.05045450133395,100.0
C009069,0.0,0,1127.4642535557764,100.0
C009070,1.0,1,1008.1344997997719,100.0
C009071,1.0,1,2670.805,100.0
C009072,0.0,0,130.95066088518632,100.0
C009073,0.0,0,1113.4970831508579,100.0
C009074,0.0,0,330.90760837308125,100.0
C009075,0.0,0,709.768,100.0
C009076,0.01,0,943.6354485643474,100.0
C009077,1.0,1,695.2036011938109,100.0
C009078,0.0,0,1184.9442000731347,100.0
C009079,1.0,1,496.68795975218114,100.0
C009080,0.0,0,2908.253028404344,100.0
C009081,1.0,1,1105.435318204554,100.0
C009082,1.0,1,931.0773747866613,100.0
C009083,0.0,0,2016.1433333333332,100.0
C009084,0.0,0,2093.2713454999607,100.0
C009085,0.0,0,168.6663513616084,100.0
C009086,0.0,0,999.0,100.0
C009087,1.0,1,999.0,100.0
C009088,1.0,1,0.0,10.51802820179819
C009089,1.0,1,999.0,100.0
C009090,1.0,1,335.4260965448157,100.0
C009091,1.0,1,1193.0783776221479,100.0
C009092,0.0,0,0.0,11.58072652911006
C009093,0.0,0,152.97623835637637,100.0
C009094,0.0,0,656.5818807017545,100.0
C009095,0.0,0,146.96668244803482,100.0
C009096,0.0,0,2082.787402553924,100.0
C009097,0.0,0,720.8147452426757,100.0
C009098,1.0,1,196.80963704429908,100.0
C009099,0.0,0,0.0,14.76892044486953
C009100,1.0,1,999.0,100.0
C009101,1.0,1,1272.7183116700978,100.0
C009102,0.0,0,999.0,100.0
C009103,0.99,1,412.34120912954774,100.0
C009104,0.0,0,228.38589094893908,100.0
C009105,1.0,1,1539.6251488500943,100.0
C009106,1.0,1,669.1177617610747,100.0
C009107,0.0,0,0.0,11.699888651952085
C009108,0.0,0,1047.4413410545244,100.0
C009109,1.0,1,2579.102174743282,100.0
C009110,0.0,0,167.2219255013444,100.0
C009111,0.0,0,2021.1049688016944,100.0
C009112,0.0,0,0.0,8.659785818070825
C009113,1.0,1,725.3282972274814,100.0
C009114,1.0,1,445.7571111899857,100.0
C009115,1.0,1,0.0,13.104570191240125
C009116,0.0,0,0.0,13.675339835785993
C009117,0.0,0,999.0,100.0
C009118,0.0,0,0.0,9.556428076413017
C009119,1.0,1,1014.6059436439372,100.0
C009120,1.0,1,0.0,13.086003534798552
C009121,1.0,1,955.7745260959186,100.0
C009122,0.0,0,0.0,10.95664329381736
C009123,1.0,1,714.3148863558838,100.0
C009124,1.0,1,1229.4448299631301,100.0
C009125,0.0,0,1069.2127107699653,100.0
C009126,0.0,0,999.0,100.0
C009127,1.0,1,337.16809764755436,100.0
C009128,1.0,1,197.72484896215855,100.0
C009129,0.0,0,960.7655984904601,100.0
C009130,1.0,1,327.04127063369083,100.0
C009131,0.0,0,2113.9538384235902,100.0
C009132,0.0,0,2047.458174786543,100.0
C009133,1.0,1,257.9207300230412,100.0
C009134,0.0,0,984.7946506037338,100.0
C009135,1.0,1,1998.0,100.0
C009136,0.0,0,595.2881733832414,100.0
C009137,1.0,1,398.4738745991064,100.0
C009138,0.0,0,169.75879613164045,100.0
C009139,0.0,0,293.6211786482166,100.0
C009140,0.0,0,1364.8434113620285,100.0
C009141,1.0,1,999.0,100.0
C009142,0.0,0,2054.173970507043,100.0
C009143,0.0,0,354.32884247568256,100.0
C009144,1.0,1,387.7215787286093,100.0
C009145,0.0,0,0.0,13.425342307692313
C009146,0.0,0,1347.2054562263597,100.0
C009147,0.0,0,2913.82,100.0
C009148,0.0,0,426.9049262814701,100.0
C009149,0.0,0,477.5368712947166,100.0
C009150,1.0,1,911.0,100.0
C009151,0.9930769230769231,1,0.0,12.128610616461199
C009152,1.0,1,999.0,100.0
C009153,0.0,0,1455.1356058923507,100.0
C009154,0.0,0,1061.4909858822994,100.0
C009155,0.0,0,2155.8137012954585,100.0
C009156,0.0,0,1263.266259822582,100.0
C009157,0.0,0,999.0,100.0
C009158,1.0,1,826.7796230845285,100.0
C009159,1.0,1,1121.539792010908,100.0
C009160,1.0,1,180.1992456306092,100.0
C009161,0.0,0,543.6410856033997,100.0
C009162,1.0,1,387.4717864876137,100.0
C009163,0.0,0,0.0,10.579772739411236
C009164,1.0,1,456.39905037964564,100.0
C009165,0.0,0,877.621206606822,100.0
C009166,1.0,1,493.5025793596227,100.0
C009167,1.0,1,1283.3378475935829,100.0
C009168,0.0,0,793.4679298137318,100.0
C009169,1.0,1,1201.3421232583391,100.0
C009170,1.0,1,1772.6406453666837,100.0
C009171,1.0,1,0.0,13.722682339181288
C009172,1.0,1,772.1078664518774,100.0
C009173,0.0,0,0.0,12.371482923378013
C009174,0.0,0,340.61974275870784,100.0
C009175,0.0,0,1171.9984424951522,100.0
C009176,0.0,0,999.0,100.0
C009177,0.0,0,458.09411257370886,100.0
C009178,0.0,0,999.0,100.0
C009179,0.0,0,0.0,8.70837164914477
C009180,1.0,1,1791.0001781996991,100.0
C009181,0.0,0,999.0,100.0
C009182,0.0,0,490.86,100.0
C009183,1.0,1,999.0,100.0
C009184,0.0,0,1148.0339354115881,100.0
C009185,1.0,1,0.0,12.2605767965368
C009186,0.0,0,1075.977327629751,100.0
C009187,1.0,1,782.9269794774522,100.0
C009188,0.0,0,377.932091554874,100.0
C009189,0.0,0,1026.9535357794448,100.0
C009190,0.0,0,339.7069026191115,100.0
C009191,1.0,1,809.3402449937338,100.0
C009192,0.0,0,941.2888931792975,100.0
C009193,1.0,1,1143.0808517757412,100.0
C009194,0.0,0,1072.7940957194019,100.0
C009195,0.0,0,277.0,100.0
C009196,0.0,0,1080.4100333942158,100.0
C009197,0.0,0,1098.7145491519038,100.0
C009198,1.0,1,1275.916866216821,100.0
C009199,0.0,0,0.0,12.037142536796555
C009200,1.0,1,1117.0421143535552,100.0
C009201,0.0,0,1025.4065270747042,100.0
C009202,0.0,0,932.7356826390425,100.0
C009203,0.0,0,0.0,10.420836846617437
C009204,1.0,1,365.3974401028669,100.0
C009205,0.0,0,1150.8905673857232,100.0
C009206,1.0,1,1398.4138619233072,100.0
C009207,0.0,0,502.8194742747817,100.0
C009208,1.0,1,139.21884051856063,100.0
C009209,1.0,1,999.0,100.0
C009210,0.01,0,1875.41,100.0
C009211,1.0,1,2257.218150797717,100.0
C009212,1.0,1,0.0,14.76466958333333
C009213,1.0,1,1460.8838471597148,100.0
C009214,1.0,1,1630.6785333883229,100.0
C009215,0.0,0,420.52273608693235,100.0
C009216,0.0,0,0.0,10.256788115715423
C009217,0.02,0,1970.0827395165811,100.0
C009218,0.0,0,0.0,12.408982516870388
C009219,1.0,1,1858.0611919951396,100.0
C009220,1.0,1,1051.6288972112732,100.0
C009221,1.0,1,310.16187319831465,100.0
C009222,0.0,0,660.5859579578095,100.0
C009223,0.0,0,2871.82,100.0
C009224,0.0,0,2730.8,100.0
C009225,0.0,0,2656.0,100.0
C009226,1.0,1,1440.6899676899618,100.0
C009227,1.0,1,0.0,14.542649999999995
C009228,1.0,1,1105.161772130444,100.0
C009229,1.0,1,1147.9153383838384,100.0
C009230,1.0,1,325.27617119424775,100.0
C009231,1.0,1,512.8346942934933,100.0
C009232,0.0,0,0.0,9.441741709021972
C009233,0.0,0,2046.0914049518958,100.0
C009234,0.0,0,775.9929006339378,100.0
C009235,1.0,1,0.0,11.10527216587504
C009236,0.0,0,1031.4984052218067,100.0
C009237,1.0,1,1061.248866387177,100.0
C009238,0.0,0,2313.3560846560845,100.0
C009239,0.0,0,376.2111953172142,100.0
C009240,1.0,1,0.0,13.208947008318482
C009241,0.0,0,0.0,12.27045656001728
C009242,0.0,0,0.0,8.235676887017325
C009243,1.0,1,332.8377603860611,100.0
C009244,0.0,0,0.0,11.110411169887891
C009245,1.0,1,1728.2083794306052,100.0
C009246,1.0,1,162.88831579656966,100.0
C009247,1.0,1,2619.97,100.0
C009248,1.0,1,0.0,10.373802883792047
C009249,0.0,0,353.10991747569415,100.0
C009250,0.0,0,403.80205385721973,100.0
C009251,0.0,0,258.91585013823385,100.0
C009252,0.0,0,793.0012930002279,100.0
C009253,0.0,0,1231.0169087565034,100.0
C009254,0.0,0,378.10217165588256,100.0
C009255,1.0,1,928.6009009212654,100.0
C009256,1.0,1,2066.054305860239,100.0
C009257,1.0,1,452.5475100865859,100.0
C009258,0.0,0,785.3606585292729,100.0
C009259,0.0,0,1628.0033979806185,100.0
C009260,0.0,0,980.6512549915716,100.0
C009261,0.0,0,1100.525944478593,100.0
C009262,0.0,0,754.4896777806108,100.0
C009263,1.0,1,1092.2211498307117,100.0
C009264,1.0,1,325.99,100.0
C009265,0.0,0,1292.5826664561466,100.0
C009266,0.0,0,1278.9353689069621,100.0
C009267,0.0,0,217.69409402362677,100.0
C009268,1.0,1,1153.6775550423793,100.0
C009269,0.0,0,1736.6071366086587,100.0
C009270,0.0,0,1864.977632017111,100.0
C009271,0.0,0,3001.0,100.0
C009272,1.0,1,315.8717294384713,100.0
C009273,1.0,1,1081.8613847919523,100.0
C009274,0.0,0,2997.0,100.0
C009275,0.0,0,2193.19,100.0
C009276,1.0,1,176.6106544644915,100.0
C009277,0.0,0,1554.4974015414039,100.0
C009278,1.0,1,2670.583333333334,100.0
C009279,0.0,0,0.0,13.412091151993057
C009280,1.0,1,1445.5458227574836,100.0
C009281,1.0,1,433.2191417806517,100.0
C009282,0.0,0,920.0911402604648,100.0
C009283,1.0,1,166.33653306328608,100.0
C009284,0.0,0,1323.6400834409785,100.0
C009285,0.0,0,386.6698613298498,100.0
C009286,0.0,0,1998.0,100.0
C009287,1.0,1,282.1,100.0
C009288,0.0,0,1835.8983861623817,100.0
C009289,1.0,1,1258.145833375796,100.0
C009290,0.0,0,547.4579367711169,100.0
C009291,1.0,1,1147.0163316476053,100.0
C009292,0.0,0,402.7760642622877,100.0
C009293,1.0,1,3018.916666666667,100.0
C009294,0.0,0,714.9053782097413,100.0
C009295,0.0,0,770.0351603225255,100.0
C009296,1.0,1,963.6696578802678,100.0
C009297,1.0,1,839.6883244916271,100.0
C009298,0.0,0,999.0,100.0
C009299,0.0,0,376.45798959503117,100.0
C009300,0.0,0,1388.4670845026692,100.0
C009301,1.0,1,1304.166200814228,100.0
C009302,0.0,0,0.0,9.265581685162493
C009303,1.0,1,1204.3471592438523,100.0
C009304,1.0,1,1123.2145828764174,100.0
C009305,1.0,1,765.0890283160684,100.0
C009306,1.0,1,0.0,12.00707655844157
C009307,0.0,0,1253.5238794019067,100.0
C009308,1.0,1,932.596615608677,100.0
C009309,0.0,0,1229.3241508485128,100.0
C009310,1.0,1,923.4408703528893,100.0
C009311,0.0,0,0.0,14.192842556951675
C009312,1.0,1,0.0,9.575733253467229
C009313,0.0,0,170.56017395190952,100.0
C009314,1.0,1,2997.0,100.0
C009315,1.0,1,2562.852330943623,100.0
C009316,0.0,0,0.0,10.773407499684556
C009317,0.0,0,324.95489403208984,100.0
C009318,0.0,0,1868.3772403882695,100.0
C009319,0.0,0,356.183588121544,100.0
C009320,1.0,1,1116.4092508501935,100.0
C009321,0.0,0,321.5350068219119,100.0
C009322,1.0,1,2063.8288237758634,100.0
C009323,1.0,1,0.0,11.757274562797194
C009324,1.0,1,0.0,11.698991399711408
C009325,0.0,0,1502.0925325285339,100.0
C009326,1.0,1,296.5807304274894,100.0
C009327,1.0,1,765.7037959965918,100.0
C009328,1.0,1,2916.8273593073595,100.0
C009329,1.0,1,999.0,100.0
C009330,0.0,0,1253.1835458047246,100.0
C009331,0.0,0,1184.728426257572,100.0
C009332,0.0,0,481.537424854118,100.0
C009333,1.0,1,2152.3023855838696,100.0
C009334,0.0,0,1682.5044584087686,100.0
C009335,0.0,0,439.80367493737003,100.0
C009336,0.0,0,987.6420359340281,100.0
C009337,0.0,0,730.7503519489745,100.0
C009338,0.0,0,806.2362357333193,100.0
C009339,0.0,0,558.0169173796394,100.0
C009340,0.0,0,1167.023614585768,100.0
C009341,1.0,1,1485.2159790993653,100.0
C009342,1.0,1,2147.346471117059,100.0
C009343,1.0,1,2120.1980436752388,100.0
C009344,0.0,0,204.70939198885443,100.0
C009345,0.0,0,1998.0,100.0
C009346,0.0,0,1015.5219534396455,100.0
C009347,0.0,0,1933.7730169285899,100.0
C009348,1.0,1,408.45832425711103,100.0
C009349,1.0,1,1597.9615855349882,100.0
C009350,0.0,0,702.2488500840082,100.0
C009351,1.0,1,0.0,10.543895704869895
C009352,0.0,0,2997.0,100.0
C009353,1.0,1,201.302254225021,100.0
C009354,0.0,0,457.02931947259,100.0
C009355,0.0,0,1646.6939000297314,100.0
C009356,0.0,0,439.70763990784855,100.0
C009357,0.0,0,0.0,7.946215976696656
C009358,0.0,0,1136.704289574948,100.0
C009359,1.0,1,1073.115948373452,100.0
C009360,0.0,0,1146.1090010372388,100.0
C009361,0.0,0,1083.2831327082727,100.0
C009362,0.0,0,1143.0085036466517,100.0
C009363,0.0,0,1307.390184634651,100.0
C009364,1.0,1,1236.3230771379435,100.0
C009365,1.0,1,1832.6397887149797,100.0
C009366,1.0,1,321.3774597442613,100.0
C009367,0.0,0,2119.8696266136712,100.0
C009368,0.0,0,163.4157397883713,100.0
C009369,0.0,0,398.91118389220014,100.0
C009370,0.0,0,0.0,14.173383417397087
C009371,0.0,0,2051.4033333333336,100.0
C009372,0.0,0,999.0,100.0
C009373,1.0,1,0.0,10.0985194230246
C009374,0.0,0,348.42049996060706,100.0
C009375,0.0,0,429.36541645152187,100.0
C009376,1.0,1,1142.879160694688,100.0
C009377,0.0,0,487.27479509814214,100.0
C009378,0.0,0,1140.2594517278785,100.0
C009379,0.0,0,1874.0746437793155,100.0
C009380,0.0,0,0.0,14.21365279824749
C009381,0.0,0,2294.3333333333335,100.0
C009382,0.0,0,762.1220715813475,100.0
C009383,0.0,0,1149.1727866891472,100.0
C009384,0.0,0,663.8043847551353,100.0
C009385,0.0,0,2871.0,100.0
C009386,0.0,0,412.3481604139262,100.0
C009387,0.0,0,999.0,100.0
C009388,1.0,1,208.22367619023782,100.0
C009389,0.0,0,1130.9141551589703,100.0
C009390,0.0,0,414.1096590445312,100.0
C009391,0.0,0,1078.5000182619428,100.0
C009392,0.0,0,479.7902833915136,100.0
C009393,1.0,1,243.25089725086048,100.0
C009394,1.0,1,0.0,11.421676824648282
C009395,0.0,0,1423.7857142857142,100.0
C009396,1.0,1,0.0,11.953801312398832
C009397,0.0,0,192.58489256147274,100.0
C009398,0.0,0,335.8008468102391,100.0
C009399,1.0,1,416.0712809398299,100.0
C009400,1.0,1,991.3707116595458,100.0
C009401,0.0,0,0.0,12.469395173243047
C009402,1.0,1,361.2988696923764,100.0
C009403,0.0,0,0.0,9.925987859310583
C009404,0.0,0,2107.9513320025676,100.0
C009405,0.0,0,0.0,10.14386528819491
C009406,0.01,0,974.4830950269242,100.0
C009407,0.0,0,1998.0,100.0
C009408,0.0,0,148.81908334285808,100.0
C009409,0.0,0,2176.0040341730455,100.0
C009410,0.0,0,211.45004622089712,100.0
C009411,0.0,0,0.0,13.732763776484951
C009412,1.0,1,425.4038032916965,100.0
C009413,0.0,0,0.0,10.548109589467835
C009414,1.0,1,320.6504203156595,100.0
C009415,0.0,0,1264.2750941541115,100.0
C009416,0.0,0,1015.3471428571429,100.0
C009417,0.0,0,1088.6775997433513,100.0
C009418,0.0,0,389.8056387336081,100.0
C009419,1.0,1,1998.0,100.0
C009420,0.0,0,557.5949504542264,100.0
C009421,0.0,0,1031.366420431399,100.0
C009422,0.0,0,2000.1652018754185,100.0
C009423,1.0,1,0.0,10.433744268211798
C009424,0.0,0,374.0566383990574,100.0
C009425,1.0,1,1178.4972291190359,100.0
C009426,1.0,1,801.1596080721856,100.0
C009427,0.0,0,222.6581946086983,100.0
C009428,1.0,1,2322.324200343336,100.0
C009429,0.0,0,2873.102857142857,100.0
C009430,0.0,0,170.86528389304607,100.0
C009431,0.0,0,892.7427231889649,100.0
C009432,0.0,0,321.7184384467191,100.0
C009433,0.0,0,297.9826397241413,100.0
C009434,0.0,0,551.4259401819727,100.0
C009435,0.0,0,999.0,100.0
C009436,1.0,1,1121.6689142150653,100.0
C009437,0.0,0,175.32211349924987,100.0
C009438,0.0,0,188.1044589665429,100.0
C009439,0.99,1,2671.0,100.0
C009440,0.0,0,365.4061907909206,100.0
C009441,1.0,1,1120.3221067698285,100.0
C009442,0.0,0,200.0791768166264,100.0
C009443,1.0,1,1150.4579381532797,100.0
C009444,0.0,0,205.63970439013912,100.0
C009445,1.0,1,1225.3555631600875,100.0
C009446,1.0,1,1231.308743656965,100.0
C009447,0.0,0,300.8830896999081,100.0
C009448,1.0,1,990.530121404441,100.0
C009449,1.0,1,0.0,7.762478333333336
C009450,1.0,1,312.12863603491525,100.0
C009451,0.0,0,500.9672097716061,100.0
C009452,1.0,1,976.2482871401385,100.0
C009453,0.0,0,999.0,100.0
C009454,0.0,0,783.6362589758395,100.0
C009455,0.0,0,2082.283161365915,100.0
C009456,0.0,0,2068.0,100.0
C009457,0.0,0,1998.0,100.0
C009458,0.0,0,1852.0876052716294,100.0
C009459,0.0,0,361.7748220574306,100.0
C009460,1.0,1,493.6544869748928,100.0
C009461,0.0,0,942.4163179416239,100.0
C009462,0.0,0,1208.5476444736714,100.0
C009463,0.0,0,901.1906922476395,100.0
C009464,0.0,0,1117.8696447963569,100.0
C009465,0.0,0,709.5370650746008,100.0
C009466,0.0,0,585.6950774429486,100.0
C009467,0.0,0,1998.0,100.0
C009468,1.0,1,1998.0,100.0
C009469,0.0,0,1049.5616928575087,100.0
C009470,0.0,0,906.943568313913,100.0
C009471,1.0,1,0.0,10.782396666666676
C009472,1.0,1,428.1718474089155,100.0
C009473,0.0,0,1457.5219152105328,100.0
C009474,1.0,1,938.735059377752,100.0
C009475,0.0,0,406.7659535583586,100.0
C009476,0.0,0,404.7809992791838,100.0
C009477,1.0,1,911.10326932378,100.0
C009478,1.0,1,999.0,100.0
C009479,0.0,0,1066.1971394737602,100.0
C009480,0.0,0,547.150760739866,100.0
C009481,0.0,0,316.2194231261567,100.0
C009482,0.0,0,671.7871341132397,100.0
C009483,1.0,1,0.0,15.790016666666677
C009484,0.0,0,2130.999483114109,100.0
C009485,1.0,1,1191.0464807488722,100.0
C009486,1.0,1,511.4400574904492,100.0
C009487,1.0,1,331.2345213255313,100.0
C009488,1.0,1,1138.0237603619648,100.0
C009489,0.0,0,320.94096013904374,100.0
C009490,0.0,0,1925.0194064262853,100.0
C009491,0.0,0,487.1858320212333,100.0
C009492,1.0,1,398.2328472043661,100.0
C009493,1.0,1,0.0,8.658812235299795
C009494,0.0,0,2997.0,100.0
C009495,0.0,0,534.5067605177902,100.0
C009496,0.0,0,1137.5587234171976,100.0
C009497,0.0,0,1223.0960080349785,100.0
C009498,1.0,1,2049.058747323325,100.0
C009499,0.0,0,2200.2124669393097,100.0
C009500,0.0,0,1188.1120436429019,100.0
C009501,0.0,0,1789.4647096565639,100.0
C009502,1.0,1,440.3610719848301,100.0
C009503,0.0,0,203.77734813083174,100.0
C009504,1.0,1,1713.1088816461574,100.0
C009505,1.0,1,1526.781567429573,100.0
C009506,0.0,0,1833.9576132482275,100.0
C009507,0.0,0,1100.2888205496374,100.0
C009508,0.0,0,0.0,10.316047929652045
C009509,1.0,1,1767.894791895291,100.0
C009510,0.0,0,165.02943394926714,100.0
C009511,1.0,1,433.2103544613859,100.0
C009512,1.0,1,352.8121229041598,100.0
C009513,0.0,0,822.8885807287916,100.0
C009514,0.0,0,1263.4256112339547,100.0
C009515,0.0,0,0.0,10.975799274392237
C009516,1.0,1,999.0,100.0
C009517,0.0,0,2741.0,100.0
C009518,1.0,1,158.08316158360924,100.0
C009519,1.0,1,0.0,17.30828571428573
C009520,0.0,0,983.8587860830888,100.0
C009521,1.0,1,2997.0,100.0
C009522,0.0,0,0.0,12.175027886770106
C009523,0.0,0,0.0,12.372813588617964
C009524,0.0,0,560.7905483093405,100.0
C009525,0.0,0,1025.9257886243668,100.0
C009526,0.0,0,699.4848892771251,100.0
C009527,1.0,1,267.9816086161117,100.0
C009528,1.0,1,248.98141858351366,100.0
C009529,1.0,1,1125.0104140869025,100.0
C009530,1.0,1,999.0,100.0
C009531,0.0,0,2837.92,100.0
C009532,0.0,0,1099.883468510447,100.0
C009533,0.0,0,1628.1645160233613,100.0
C009534,1.0,1,0.0,11.218635741626803
C009535,1.0,1,957.007286932996,100.0
C009536,0.0,0,750.3242124868594,100.0
C009537,0.0,0,618.676923076923,100.0
C009538,0.0,0,0.0,7.88465591478697
C009539,0.0,0,1236.0463050039823,100.0
C009540,0.0,0,397.82830569770044,100.0
C009541,1.0,1,183.02858965237698,100.0
C009542,0.0,0,923.5759308599477,100.0
C009543,1.0,1,189.41677183830888,100.0
C009544,0.0,0,0.0,8.868044316763301
C009545,0.0,0,1074.0282626833969,100.0
C009546,1.0,1,1190.050015017047,100.0
C009547,0.0,0,1873.983504372439,100.0
C009548,0.0,0,351.51850926444536,100.0
C009549,1.0,1,1357.1211041372374,100.0
C009550,0.0,0,303.30032417538257,100.0
C009551,1.0,1,2661.65,100.0
C009552,1.0,1,2959.75,100.0
C009553,0.0,0,1139.8182087124956,100.0
C009554,0.99,1,2138.2265259689434,100.0
C009555,0.0,0,600.2901509087642,100.0
C009556,1.0,1,1130.4287993938347,100.0
C009557,0.0,0,837.1194108144109,100.0
C009558,0.0,0,319.6503709575409,100.0
C009559,1.0,1,1148.792950153131,100.0
C009560,0.0,0,888.0,100.0
C009561,0.0,0,1856.2099116834659,100.0
C009562,0.0,0,313.5311140004723,100.0
C009563,1.0,1,1206.3867450754071,100.0
C009564,1.0,1,482.55573429179935,100.0
C009565,1.0,1,341.3643388284115,100.0
C009566,0.0,0,1034.6741890082576,100.0
C009567,1.0,1,1156.6092412231958,100.0
C009568,1.0,1,357.14162784423723,100.0
C009569,0.0,0,0.0,11.838205999375448
C009570,1.0,1,204.82719100669203,100.0
C009571,0.0,0,187.35260505259438,100.0
C009572,1.0,1,999.0,100.0
C009573,0.0,0,318.32219076172254,100.0
C009574,1.0,1,1651.7587803424644,100.0
C009575,0.0,0,221.33756497585784,100.0
C009576,0.0,0,1149.2630599595332,100.0
C009577,0.0,0,1096.7078635292567,100.0
C009578,1.0,1,324.00774167699797,100.0
C009579,0.0,0,999.0,100.0
C009580,1.0,1,2798.6566666666663,100.0
C009581,0.0,0,0.0,9.368353214285722
C009582,0.0,0,1998.0,100.0
C009583,0.0,0,1964.5816320886495,100.0
C009584,0.0,0,1234.5084968736983,100.0
C009585,0.0,0,0.0,13.426073459370002
C009586,0.0,0,0.0,14.391674227299033
C009587,0.0,0,1537.5029083695051,100.0
C009588,1.0,1,954.3087161007164,100.0
C009589,0.99,1,195.3904153002235,100.0
C009590,1.0,1,366.0129755789995,100.0
C009591,0.0,0,0.0,13.453610950435737
C009592,1.0,1,1811.621252742823,100.0
C009593,1.0,1,0.0,12.908878720717786
C009594,0.0,0,1005.7937349056219,100.0
C009595,1.0,1,969.2896838406691,100.0
C009596,0.0,0,1023.5905078983211,100.0
C009597,1.0,1,1831.4946673510412,100.0
C009598,0.0,0,1194.6220168322739,100.0
C009599,1.0,1,0.0,10.853886402563905
C009600,0.0,0,564.5129266704279,100.0
C009601,0.0,0,884.2302144060101,100.0
C009602,1.0,1,2168.6161506719845,100.0
C009603,1.0,1,2810.77354978355,100.0
C009604,0.0,0,1059.4690741594857,100.0
C009605,1.0,1,765.4142999344083,100.0
C009606,0.0,0,809.7854661374845,100.0
C009607,1.0,1,1523.404691552146,100.0
C009608,0.0,0,418.7750021349766,100.0
C009609,1.0,1,2087.0020057292422,100.0
C009610,1.0,1,1854.9818231325269,100.0
C009611,0.0,0,1911.912992915702,100.0
C009612,1.0,1,0.0,12.266896336006504
C009613,1.0,1,2045.5,100.0
C009614,0.0,0,2735.2128571428566,100.0
C009615,0.0,0,0.0,10.11787520300211
C009616,0.0,0,933.8400858231545,100.0
C009617,0.0,0,2838.514,100.0
C009618,0.99,1,506.3256515477605,100.0
C009619,0.0,0,1181.3533158667776,100.0
C009620,0.0,0,983.7212063227402,100.0
C009621,0.0,0,1127.4666777437963,100.0
C009622,1.0,1,2892.785,100.0
C009623,1.0,1,205.70061685957094,100.0
C009624,1.0,1,999.0,100.0
C009625,1.0,1,2196.6968497063945,100.0
C009626,0.0,0,1314.711045886205,100.0
C009627,1.0,1,0.0,11.869024565826335
C009628,0.0,0,1698.2128542621058,100.0
C009629,1.0,1,531.1538703376201,100.0
C009630,1.0,1,999.0,100.0
C009631,0.0,0,264.17059833833156,100.0
C009632,0.0,0,0.0,11.870868228450265
C009633,0.0,0,1128.7245465305991,100.0
C009634,1.0,1,1011.4013462290511,100.0
C009635,1.0,1,254.9264341544893,100.0
C009636,0.0,0,1149.484076654982,100.0
C009637,0.0,0,981.414289995765,100.0
C009638,0.0,0,356.2670440506417,100.0
C009639,1.0,1,1124.754904413678,100.0
C009640,0.0,0,543.0950059370823,100.0
C009641,1.0,1,372.7298444862443,100.0
C009642,1.0,1,1028.296457137813,100.0
C009643,0.01,0,1004.2791464420668,100.0
C009644,0.0,0,0.0,12.143353833507113
C009645,0.0,0,2148.54018946175,100.0
C009646,0.0,0,0.0,11.835014375000009
C009647,0.0,0,195.3449672266174,100.0
C009648,1.0,1,212.54962429291845,100.0
C009649,0.0,0,0.0,9.524207397704465
C009650,0.0,0,301.00350095901103,100.0
C009651,0.0,0,1194.6078380886395,100.0
C009652,0.0,0,643.1056178869279,100.0
C009653,1.0,1,999.0,100.0
C009654,0.0,0,946.1426622911392,100.0
C009655,1.0,1,0.0,13.634456139424923
C009656,0.0,0,344.92599584845584,100.0
C009657,1.0,1,0.0,9.507677069904387
C009658,1.0,1,999.0,100.0
C009659,1.0,1,999.0,100.0
C009660,1.0,1,0.0,12.806516228366245
C009661,0.0,0,810.5387655824961,100.0
C009662,1.0,1,851.0,100.0
C009663,0.0,0,0.0,11.80466808165179
C009664,1.0,1,1490.5218251907513,100.0
C009665,0.0,0,274.2435740024902,100.0
C009666,0.0,0,1389.5688330521966,100.0
C009667,1.0,1,1195.7690725940724,100.0
C009668,1.0,1,339.8432538854322,100.0
C009669,0.0,0,2201.7226495726495,100.0
C009670,0.0,0,199.5202177758912,100.0
C009671,0.0,0,0.0,11.281073326542272
C009672,1.0,1,0.0,13.793653861677534
C009673,1.0,1,0.0,12.041055036314999
C009674,0.0,0,945.7778187871052,100.0
C009675,0.0,0,116.93017032789106,100.0
C009676,0.0,0,1019.6939687505147,100.0
C009677,0.0,0,999.0,100.0
C009678,1.0,1,205.70061685957094,100.0
C009679,1.0,1,0.0,10.525440935918912
C009680,1.0,1,316.61452122910737,100.0
C009681,1.0,1,1234.312435882739,100.0
C009682,0.0,0,397.6085090424226,100.0
C009683,0.0,0,999.0,100.0
C009684,0.0,0,953.6285508240005,100.0
C009685,0.0,0,295.2438722606258,100.0
C009686,1.0,1,999.0,100.0
C009687,1.0,1,583.2773582107133,100.0
C009688,0.0,0,2671.0,100.0
C009689,0.0,0,2177.1841015310415,100.0
C009690,0.0,0,0.0,12.850819762933147
C009691,0.0,0,1417.324395195178,100.0
C009692,1.0,1,1100.058932213337,100.0
C009693,1.0,1,398.7570959133476,100.0
C009694,0.0,0,194.47759158404318,100.0
C009695,1.0,1,2089.130927559472,100.0
C009696,0.0,0,999.0,100.0
C009697,1.0,1,867.4849233481935,100.0
C009698,1.0,1,0.0,11.553617182047416
C009699,1.0,1,310.48692480496874,100.0
C009700,0.0,0,468.22786420601665,100.0
C009701,0.0,0,999.0,100.0
C009702,1.0,1,149.4029512733454,100.0
C009703,1.0,1,926.7886552678527,100.0
C009704,0.0,0,1055.2975741383796,100.0
C009705,0.0,0,999.0,100.0
C009706,0.0,0,421.6789670004811,100.0
C009707,1.0,1,2144.9785552251983,100.0
C009708,1.0,1,2023.6119798377756,100.0
C009709,0.0,0,2476.25,100.0
C009710,1.0,1,1477.9483798064678,100.0
C009711,0.0,0,788.7894626836983,100.0
C009712,0.0,0,0.0,13.771004885664174
C009713,1.0,1,1054.2259544993315,100.0
C009714,0.0,0,999.0,100.0
C009715,1.0,1,2621.0,100.0
C009716,0.0,0,0.0,9.915305126460746
C009717,0.0,0,339.1124553305984,100.0
C009718,0.0,0,214.13574514518768,100.0
C009719,0.0,0,1237.4735385286876,100.0
C009720,0.0,0,1785.0338657236557,100.0
C009721,1.0,1,1137.6678031594777,100.0
C009722,1.0,1,2057.2158632128935,100.0
C009723,1.0,1,1295.111513769574,100.0
C009724,0.0,0,285.06733234829494,100.0
C009725,1.0,1,373.49263282242237,100.0
C009726,0.0,0,880.3453416737673,100.0
C009727,1.0,1,1877.9040455267232,100.0
C009728,1.0,1,2142.1315260011747,100.0
C009729,1.0,1,489.0009855743326,100.0
C009730,1.0,1,1998.0,100.0
C009731,1.0,1,1244.2191667479822,100.0
C009732,0.0,0,266.5422106040353,100.0
C009733,1.0,1,1902.6160650034965,100.0
C009734,0.0,0,198.54163518861492,100.0
C009735,1.0,1,2010.204540808349,100.0
C009736,0.0,0,472.89358074472216,100.0
C009737,1.0,1,347.21657775771894,100.0
C009738,0.0,0,1916.126299081173,100.0
C009739,0.0,0,1939.9080188085927,100.0
C009740,1.0,1,1987.814320111647,100.0
C009741,0.0,0,316.66955126125293,100.0
C009742,0.0,0,369.7705008190236,100.0
C009743,1.0,1,1980.9707081438842,100.0
C009744,0.0,0,2082.7724798327226,100.0
C009745,1.0,1,2104.464112193362,100.0
C009746,0.0,0,0.0,10.518963325505446
C009747,1.0,1,1264.2307368370261,100.0
C009748,0.0,0,497.5937009851886,100.0
C009749,1.0,1,599.6978213050735,100.0
C009750,0.0,0,999.0,100.0
C009751,0.0,0,925.0187004131443,100.0
C009752,0.0,0,1064.9741986848974,100.0
C009753,1.0,1,1088.0250982883076,100.0
C009754,1.0,1,272.818198172516,100.0
C009755,1.0,1,984.2818548660782,100.0
C009756,0.0,0,134.45779981488516,100.0
C009757,0.0,0,244.90821237585945,100.0
C009758,1.0,1,2851.99,100.0
C009759,1.0,1,0.0,9.211835476190469
C009760,1.0,1,815.7826777870522,100.0
C009761,1.0,1,1198.913973024409,100.0
C009762,0.0,0,365.91082005455775,100.0
C009763,0.0,0,1425.5851795263557,100.0
C009764,1.0,1,999.0,100.0
C009765,0.0,0,2809.617857142857,100.0
C009766,0.0,0,1054.2152211688235,100.0
C009767,0.0,0,454.1111114712133,100.0
C009768,0.0,0,913.8601054853098,100.0
C009769,1.0,1,1377.7045151248933,100.0
C009770,0.0,0,353.52721790633177,100.0
C009771,0.0,0,1016.6620864236246,100.0
C009772,0.0,0,236.03798186049144,100.0
C009773,0.0,0,1582.1524406306548,100.0
C009774,1.0,1,321.39323341030365,100.0
C009775,1.0,1,0.0,10.212064832447135
C009776,0.0,0,2272.910362480452,100.0
C009777,0.0,0,324.42972350276904,100.0
C009778,0.0,0,372.98675581348317,100.0
C009779,0.0,0,1253.7953059159727,100.0
C009780,1.0,1,461.86840748118345,100.0
C009781,0.0,0,483.70353922367315,100.0
C009782,1.0,1,159.8293390250966,100.0
C009783,0.0,0,1915.3314665576697,100.0
C009784,0.0,0,1058.66625574395,100.0
C009785,1.0,1,1075.8143173611375,100.0
C009786,1.0,1,843.9238382476761,100.0
C009787,0.0,0,1998.0,100.0
C009788,0.0,0,1116.8256496618917,100.0
C009789,1.0,1,339.3161843690812,100.0
C009790,0.0,0,543.9373481906518,100.0
C009791,0.0,0,444.7025386164689,100.0
C009792,0.0,0,1975.2440018535726,100.0
C009793,0.0,0,849.9733573027985,100.0
C009794,0.0,0,292.1,100.0
C009795,0.0,0,290.53792615959884,100.0
C009796,0.0,0,2081.8848250360757,100.0
C009797,1.0,1,999.0,100.0
C009798,0.0,0,293.88870269515434,100.0
C009799,0.0,0,0.0,12.84653899196275
C009800,0.0,0,0.0,14.023346241309945
C009801,0.0,0,1236.3757723051922,100.0
C009802,0.0,0,999.0,100.0
C009803,1.0,1,1259.9058772065891,100.0
C009804,0.0,0,195.82581438474753,100.0
C009805,0.0,0,1998.0,100.0
C009806,1.0,1,2164.640996417738,100.0
C009807,0.0,0,0.0,8.17296920038089
C009808,1.0,1,379.41927911648617,100.0
C009809,1.0,1,999.0,100.0
C009810,0.0,0,689.8257746212144,100.0
C009811,1.0,1,1998.0,100.0
C009812,1.0,1,339.7069026191115,100.0
C009813,1.0,1,529.6388208967854,100.0
C009814,0.0,0,2839.8,100.0
C009815,0.0,0,999.0,100.0
C009816,0.0,0,1059.7103310165826,100.0
C009817,1.0,1,0.0,9.712966666666677
C009818,0.0,0,1071.017238338873,100.0
C009819,0.0,0,190.70502604339188,100.0
C009820,0.0,0,241.38930639886274,100.0
C009821,0.0,0,0.0,10.337643820818155
C009822,0.0,0,1998.0,100.0
C009823,0.0,0,1183.2387495194425,100.0
C009824,1.0,1,233.35487308821186,100.0
C009825,0.0,0,2091.1459457997184,100.0
C009826,0.0,0,1168.736368400893,100.0
C009827,0.0,0,200.64170424328915,100.0
C009828,1.0,1,1880.5841999376812,100.0
C009829,0.0,0,1052.2197024006964,100.0
C009830,0.0,0,2037.4061540926052,100.0
C009831,1.0,1,1904.8171453876475,100.0
C009832,0.0,0,748.762853499121,100.0
C009833,1.0,1,884.1596277456713,100.0
C009834,0.0,0,1849.9529170326787,100.0
C009835,1.0,1,154.9038828756592,100.0
C009836,0.0,0,968.8172164584005,100.0
C009837,0.0,0,371.37064427786345,100.0
C009838,1.0,1,342.77982526483726,100.0
C009839,0.0,0,463.9805661685314,100.0
C009840,0.0,0,1633.4933283652872,100.0
C009841,1.0,1,1869.2358589560577,100.0
C009842,0.0,0,326.2228251301734,100.0
C009843,1.0,1,380.1698280158073,100.0
C009844,0.0,0,1108.106438905013,100.0
C009845,0.0,0,0.0,9.216379893059205
C009846,0.0,0,999.0,100.0
C009847,0.0,0,398.8921640534861,100.0
C009848,0.0,0,0.0,6.218324572649573
C009849,0.0,0,716.224033692651,100.0
C009850,0.0,0,387.1448948076484,100.0
C009851,1.0,1,1099.3345360565013,100.0
C009852,0.0,0,267.9725098700604,100.0
C009853,0.0,0,999.0,100.0
C009854,1.0,1,2162.5323168916425,100.0
C009855,1.0,1,442.94024531968967,100.0
C009856,0.0,0,0.0,12.207746340751557
C009857,0.0,0,2052.5,100.0
C009858,1.0,1,1788.91,100.0
C009859,1.0,1,818.7335279086791,100.0
C009860,0.0,0,321.7001468614369,100.0
C009861,0.0,0,1197.2443168253421,100.0
C009862,1.0,1,866.6626781731906,100.0
C009863,1.0,1,0.0,13.274649999999994
C009864,0.0,0,1462.0043462564804,100.0
C009865,1.0,1,1073.1654622254123,100.0
C009866,0.0,0,0.0,11.955545893449848
C009867,0.0,0,0.0,10.316422551090083
C009868,0.0,0,1967.3265279933912,100.0
C009869,0.0,0,1077.3373048861952,100.0
C009870,0.0,0,0.0,12.508658011749398
C009871,1.0,1,1236.8930383950305,100.0
C009872,1.0,1,1036.244972711218,100.0
C009873,1.0,1,1115.2092249687555,100.0
C009874,0.0,0,483.9500627235295,100.0
C009875,0.0,0,2666.0,100.0
C009876,0.0,0,953.2249741818353,100.0
C009877,1.0,1,940.1598480532318,100.0
C009878,1.0,1,0.0,10.479425759662197
C009879,0.0,0,170.08386058739939,100.0
C009880,0.0,0,337.05008738187666,100.0
C009881,0.0,0,425.27218012025065,100.0
C009882,0.0,0,179.77304836972965,100.0
C009883,0.0,0,343.26026391490865,100.0
C009884,1.0,1,2162.152413967564,100.0
C009885,0.0,0,1439.6502946084063,100.0
C009886,0.0,0,774.7080511909537,100.0
C009887,1.0,1,723.036780888254,100.0
C009888,1.0,1,2079.4294196130422,100.0
C009889,0.0,0,1039.8363176540865,100.0
C009890,0.0,0,1987.4346431570855,100.0
C009891,0.0,0,999.0,100.0
C009892,0.0,0,210.52927324526445,100.0
C009893,1.0,1,1211.5152093573156,100.0
C009894,0.0,0,170.13901547455367,100.0
C009895,1.0,1,1064.1536182482216,100.0
C009896,1.0,1,0.0,12.203092352636977
C009897,0.0,0,421.84763413097585,100.0
C009898,1.0,1,404.8671302459214,100.0
C009899,0.0,0,334.50780299583255,100.0
C009900,1.0,1,997.7085145777332,100.0
C009901,1.0,1,2039.2614072928554,100.0
C009902,0.0,0,1126.2806851910814,100.0
C009903,0.0,0,133.02933105945945,100.0
C009904,0.0,0,0.0,11.891976320365705
C009905,0.0,0,375.33844792762096,100.0
C009906,0.0,0,448.59712254563897,100.0
C009907,1.0,1,383.9461149256409,100.0
C009908,1.0,1,1974.8227354526878,100.0
C009909,1.0,1,0.0,11.952116520676727
C009910,0.0,0,1107.5659962349687,100.0
C009911,0.0,0,393.3071386724954,100.0
C009912,1.0,1,2116.3498777194113,100.0
C009913,1.0,1,0.0,10.792940119035087
C009914,0.0,0,999.0,100.0
C009915,0.0,0,984.980082737311,100.0
C009916,0.0,0,1123.6604649417395,100.0
C009917,1.0,1,1092.7912063065437,100.0
C009918,0.0,0,1998.0,100.0
C009919,0.0,0,1358.3868911408958,100.0
C009920,0.0,0,0.0,10.17274037454909
C009921,0.0,0,449.31492545223904,100.0
C009922,0.0,0,1192.336948440647,100.0
C009923,0.01,0,2759.66,100.0
C009924,1.0,1,0.0,12.993163273946923
C009925,0.0,0,1264.2957328176535,100.0
C009926,1.0,1,0.0,9.132608058608065
C009927,0.0,0,2147.2164688243884,100.0
C009928,1.0,1,1727.6113216435851,100.0
C009929,0.0,0,0.0,9.148212133953614
C009930,0.0,0,1059.4690741594857,100.0
C009931,1.0,1,2030.8174004578145,100.0
C009932,1.0,1,1930.89,100.0
C009933,1.0,1,0.0,12.674999067991436
C009934,1.0,1,425.29122198039425,100.0
C009935,0.0,0,0.0,14.089457718371095
C009936,0.0,0,0.0,11.607166008116574
C009937,0.0,0,402.12002685760837,100.0
C009938,0.0,0,999.0,100.0
C009939,0.0,0,1772.302538202538,100.0
C009940,1.0,1,0.0,9.590531797173423
C009941,0.0,0,346.54941617923987,100.0
C009942,0.0,0,1104.4566031332474,100.0
C009943,1.0,1,338.22129501803823,100.0
C009944,0.9975,1,685.5529861470808,100.0
C009945,1.0,1,1290.4332929288385,100.0
C009946,0.0,0,2721.0,100.0
C009947,0.0,0,2997.0,100.0
C009948,0.0,0,0.0,11.13234235881542
C009949,1.0,1,693.7405738570254,100.0
C009950,1.0,1,1963.948096720295,100.0
C009951,1.0,1,373.55579015428725,100.0
C009952,0.0,0,1031.8460638912286,100.0
C009953,1.0,1,1998.0,100.0
C009954,0.0,0,523.7971380957545,100.0
C009955,0.0,0,0.0,13.38579083375774
C009956,0.0,0,0.0,10.43027996805723
C009957,0.01,0,1251.8771159520784,100.0
C009958,0.0,0,1524.2471168735592,100.0
C009959,0.0,0,0.0,12.158756287555864
C009960,1.0,1,0.0,11.573697352092351
C009961,0.0,0,2671.0,100.0
C009962,0.0,0,2251.4853957480427,100.0
C009963,1.0,1,1601.1394519191444,100.0
C009964,1.0,1,484.68446319629516,100.0
C009965,1.0,1,197.76829713835104,100.0
C009966,0.0,0,325.43864026161083,100.0
C009967,1.0,1,1154.7983419949335,100.0
C009968,1.0,1,1836.6668142012202,100.0
C009969,0.0,0,2072.8907882271997,100.0
C009970,1.0,1,0.0,15.098918056169833
C009971,0.0,0,241.9761343067538,100.0
C009972,1.0,1,0.0,12.647453582376375
C009973,0.0,0,1960.2272608751837,100.0
C009974,1.0,1,478.7790030632136,100.0
C009975,0.0,0,201.56884921829857,100.0
C009976,1.0,1,966.3543776901174,100.0
C009977,0.0,0,2150.507607323198,100.0
C009978,1.0,1,1088.6192600180093,100.0
C009979,1.0,1,0.0,13.569889936028876
C009980,0.0,0,591.6832951775356,100.0
C009981,0.0,0,0.0,13.040939924992358
C009982,0.0,0,1861.1664586724821,100.0
C009983,0.0,0,476.4869705457941,100.0
C009984,1.0,1,457.910911194231,100.0
C009985,0.0,0,399.92054920718,100.0
C009986,1.0,1,999.0,100.0
C009987,1.0,1,481.38580923838504,100.0
C009988,0.0,0,1753.6893143301752,100.0
C009989,0.0,0,174.74616177648136,100.0
C009990,0.0,0,935.2427485397227,100.0
C009991,1.0,1,1110.3903146035675,100.0
C009992,0.0,0,2815.0,100.0
C009993,1.0,1,163.93120815664238,100.0
C009994,1.0,1,338.5490904485847,100.0
C009995,0.0,0,407.13728893155627,100.0
C009996,0.0,0,2833.92,100.0
C009997,0.0,0,306.2704055990744,100.0
C009998,0.0,0,1106.8306535091479,100.0
C009999,1.0,1,2931.0,100.0
C010000,1.0,1,343.6555273800597,100.0
